title,type,release_year,runtime,genres,lead_production_country,imdb_score,imdb_votes,tmdb_popularity,tmdb_score,name,role,dbscan_cluster
Five Came Back: The Reference Films,SHOW,1945,51,documentation,US,6.540941965073206,21150.29081903414,0.601,6.633193712829227,Unknown,Unknown,0
Rocky,MOVIE,1976,119,drama,US,8.1,588100.0,106.361,7.782,Sylvester Stallone,ACTOR,1
Grease,MOVIE,1978,110,romance,US,7.2,283316.0,33.16,7.406,John Travolta,ACTOR,2
The Sting,MOVIE,1973,129,crime,US,8.3,266738.0,24.616,8.02,Paul Newman,ACTOR,3
Rocky II,MOVIE,1979,119,drama,US,7.3,216307.0,75.699,7.246,Sylvester Stallone,ACTOR,1
Monty Python and the Holy Grail,MOVIE,1975,91,fantasy,GB,8.2,547292.0,20.964,7.804,Graham Chapman,ACTOR,-1
Animal House,MOVIE,1978,109,comedy,US,7.4,123611.0,17.372,7.02,John Belushi,ACTOR,4
Monty Python's Flying Circus,SHOW,1969,30,comedy,GB,8.8,75654.0,24.773,8.258,Graham Chapman,ACTOR,5
Life of Brian,MOVIE,1979,94,comedy,GB,8.0,405022.0,19.787,7.762,Graham Chapman,ACTOR,6
White Christmas,MOVIE,1954,120,comedy,US,7.5,46586.0,11.598,7.2,Bing Crosby,ACTOR,4
Heroes,MOVIE,1977,112,drama,US,6.0,1883.0,7.869,6.5,Henry Winkler,ACTOR,1
Play Misty for Me,MOVIE,1971,102,drama,US,6.9,29706.0,10.964,6.612,Clint Eastwood,ACTOR,1
Cairo Station,MOVIE,1958,77,drama,EG,7.5,4878.0,7.372,7.4,Farid Shawqi,ACTOR,7
Richard Pryor: Live in Concert,MOVIE,1979,78,comedy,US,8.1,5141.0,7.266,7.432,Richard Pryor,ACTOR,4
Bandie,MOVIE,1978,141,drama,IN,4.8,37.0,1.862,6.0,Uttam Kumar,ACTOR,8
Prince,MOVIE,1969,152,romance,IN,6.8,199.0,2.45,7.0,Shammi Kapoor,ACTOR,9
FTA,MOVIE,1972,97,comedy,US,6.4,433.0,2.062,6.1,Jane Fonda,ACTOR,4
Monty Python's Fliegender Zirkus,SHOW,1972,43,comedy,GB,8.1,2199.0,1.475,7.0,Graham Chapman,ACTOR,5
Hitler: A Career,MOVIE,1977,150,documentation,DE,7.5,2718.0,7.155,7.4,Gert Westphal,ACTOR,10
Amrapali,MOVIE,1966,120,fantasy,IN,6.7,251.0,2.805,6.3,Vyjayanthimala,ACTOR,11
Alibaba Aur 40 Chor,MOVIE,1980,138,drama,IN,6.2,599.0,3.711,6.8,Dharmendra,ACTOR,8
Manoranjan,MOVIE,1974,162,romance,IN,6.5,259.0,1.48,5.3,Suhail Tatari,DIRECTOR,9
Professor,MOVIE,1962,163,drama,IN,6.9,312.0,1.911,5.8,Shammi Kapoor,ACTOR,8
Khoon Khoon,MOVIE,1973,131,crime,IN,5.3,50.0,2.46,3.8,Mahendra Sandhu,ACTOR,12
Saladin the Victorious,MOVIE,1963,186,drama,EG,7.6,2670.0,6.781,7.1,Ahmed Mazhar,ACTOR,7
The Other Side of the Mountain,MOVIE,1975,103,drama,US,6.4,1181.0,5.147,6.2,Marilyn Hassett,ACTOR,1
Dark Waters,MOVIE,1956,120,drama,EG,6.7,703.0,2.999,5.556,Omar Sharif,ACTOR,7
The Blazing Sun,MOVIE,1954,100,drama,EG,7.4,1219.0,2.854,6.865,Faten Hamamah,ACTOR,7
The Return of the Prodigal Son,MOVIE,1976,124,drama,EG,7.1,863.0,2.587,5.577,Hesham Selim,ACTOR,7
Alexandria… Why?,MOVIE,1980,133,drama,EG,7.3,1859.0,2.465,6.3,Mohsen Mohey ElDein,ACTOR,7
Salaakhen,MOVIE,1975,133,thriller,IN,5.8,78.0,2.358,6.7,Shashi Kapoor,ACTOR,13
The Land,MOVIE,1970,129,drama,EG,8.0,2189.0,2.185,8.4,Mahmoud el-Meliguy,ACTOR,7
Elaan,MOVIE,1971,142,action,IN,5.8,81.0,1.115,6.0,Vinod Mehra,ACTOR,14
Whispers,MOVIE,1980,93,documentation,CA,7.8,80.0,0.988,5.0,Nadia Tueni,ACTOR,15
Lal Patthar,MOVIE,1971,153,drama,IN,6.1,147.0,0.963,7.0,Raaj Kumar,ACTOR,8
Seinfeld,SHOW,1989,24,comedy,US,8.9,326487.0,270.409,8.294,Jerry Seinfeld,ACTOR,16
Top Gun,MOVIE,1986,110,drama,US,6.9,465070.0,117.253,7.027,Tom Cruise,ACTOR,1
Road House,MOVIE,1989,114,action,US,6.7,78096.0,12.574,6.59,Patrick Swayze,ACTOR,17
Rocky IV,MOVIE,1985,91,drama,US,6.8,211725.0,78.187,7.067,Sylvester Stallone,ACTOR,1
Labyrinth,MOVIE,1986,101,fantasy,US,7.3,141134.0,20.124,7.272,David Bowie,ACTOR,18
Rocky III,MOVIE,1982,95,drama,US,6.8,197284.0,58.888,6.863,Sylvester Stallone,ACTOR,1
Fletch,MOVIE,1985,98,comedy,US,6.9,54766.0,11.702,6.728,Chevy Chase,ACTOR,4
The 'Burbs,MOVIE,1989,102,thriller,US,6.8,78406.0,18.599,6.7,Tom Hanks,ACTOR,19
Rocky V,MOVIE,1990,104,drama,US,5.3,141682.0,49.018,5.8,Sylvester Stallone,ACTOR,1
Twins,MOVIE,1988,106,comedy,US,6.1,129240.0,40.429,5.974,Arnold Schwarzenegger,ACTOR,4
Out of Africa,MOVIE,1986,161,drama,US,7.1,81880.0,13.545,7.2,Robert Redford,ACTOR,1
Parenthood,MOVIE,1989,124,comedy,US,7.1,51875.0,13.961,6.72,Steve Martin,ACTOR,4
Thomas & Friends,SHOW,1984,10,animation,GB,6.5,5528.0,72.342,6.483,Rachael Louise Miller,ACTOR,20
Legal Eagles,MOVIE,1986,116,comedy,US,6.0,11350.0,11.231,6.0,Robert Redford,ACTOR,4
She's Gotta Have It,MOVIE,1986,84,comedy,US,6.8,15202.0,8.583,6.7,Tracy Camilla Johns,ACTOR,4
Strange Voices,MOVIE,1987,100,drama,US,6.2,388.0,1.219,6.8,Nancy McKeon,ACTOR,1
Fireman Sam,SHOW,1987,10,comedy,GB,6.1,1875.0,50.615,6.826,Steven Kynman,ACTOR,5
In Defense of a Married Man,MOVIE,1990,94,drama,US,5.5,220.0,2.206,5.0,Judith Light,ACTOR,1
The Four Seasons,MOVIE,1981,107,romance,US,6.8,5093.0,6.269,6.282,Alan Alda,ACTOR,2
Parrot Sketch Not Included: Twenty Years of Monty Python,MOVIE,1989,72,comedy,GB,8.1,1555.0,1.757,7.1,Graham Chapman,ACTOR,6
The Little Wars,MOVIE,1983,108,drama,LB,6.4,161.0,2.318,5.5,Soraya Khoury,ACTOR,21
Mobile Suit Gundam III: Encounters in Space,MOVIE,1982,144,animation,JP,7.6,1322.0,11.016,7.561,Toru Furuya,ACTOR,22
Monty Python Live at the Hollywood Bowl,MOVIE,1982,77,comedy,GB,7.9,15393.0,10.07,7.4,Terry Gilliam,ACTOR,6
Danger Mouse,SHOW,1981,14,animation,GB,7.4,3678.0,6.517,7.2,David Jason,ACTOR,20
Unspeakable Acts,MOVIE,1990,100,drama,US,6.1,494.0,2.641,5.3,Jill Clayburgh,ACTOR,1
Mobile Suit Gundam II: Soldiers of Sorrow,MOVIE,1981,135,animation,JP,7.2,1378.0,10.359,7.291,Toru Furuya,ACTOR,22
Mobile Suit Gundam: Char's Counterattack,MOVIE,1988,124,animation,JP,7.3,1824.0,8.869,6.907,Shuichi Ikeda,ACTOR,22
Agneepath,MOVIE,1990,174,drama,IN,7.6,9142.0,7.424,6.4,Amitabh Bachchan,ACTOR,8
Waiting for the Hearse,MOVIE,1985,87,comedy,AR,8.0,6714.0,7.593,8.18,Luis Brandoni,ACTOR,23
The George McKenna Story,MOVIE,1986,100,drama,US,6.0,974.0,3.385,6.1,Denzel Washington,ACTOR,1
The Ryan White Story,MOVIE,1989,102,drama,US,7.2,903.0,2.683,6.308,Judith Light,ACTOR,1
Disco Dancer,MOVIE,1982,134,drama,IN,6.4,1548.0,6.019,5.45,Mithun Chakraborty,ACTOR,8
Dostana,MOVIE,1982,161,drama,IN,1.7,26.0,5.947,6.1,Amitabh Bachchan,ACTOR,8
Mujrim,MOVIE,1989,162,drama,IN,5.5,232.0,5.599,8.0,Mithun Chakraborty,ACTOR,8
Sohni Mahiwal,MOVIE,1985,160,drama,IN,6.1,297.0,5.222,5.8,Sunny Deol,ACTOR,8
Dil,MOVIE,1990,172,drama,IN,6.6,5467.0,3.882,6.5,Aamir Khan,ACTOR,8
Pyar Ke Do Pal,MOVIE,1986,153,action,IN,6.2,78.0,2.694,10.0,Mithun Chakraborty,ACTOR,14
Jaal,MOVIE,1986,159,action,IN,5.2,141.0,2.034,6.7,Rekha,ACTOR,14
Duniya,MOVIE,1984,170,action,IN,6.4,265.0,1.947,10.0,Ashok Kumar,ACTOR,14
Aakhri Adaalat,MOVIE,1988,148,crime,IN,5.4,103.0,1.932,5.0,Vinod Khanna,ACTOR,12
Quiet Victory: The Charlie Wedemeyer Story,MOVIE,1988,100,drama,US,7.2,149.0,1.93,8.0,Pam Dawber,ACTOR,1
Muqaddar Ka Faisla,MOVIE,1987,172,comedy,IN,4.8,73.0,1.908,6.633193712829227,Raaj Kumar,ACTOR,24
"Alexandria, Again and Forever",MOVIE,1990,105,drama,EG,6.5,720.0,1.764,5.3,Youssef Chahine,ACTOR,7
Adam: His Song Continues,MOVIE,1986,100,crime,US,6.9,220.0,1.742,7.5,JoBeth Williams,ACTOR,3
A Stoning in Fulham County,MOVIE,1988,95,drama,US,5.9,416.0,1.646,5.3,Ron Perlman,ACTOR,1
Ek Jaan Hain Hum,MOVIE,1983,151,family,IN,6.3,79.0,1.506,7.0,Rakesh Bedi,ACTOR,25
Too Young The Hero,MOVIE,1988,100,drama,US,6.8,519.0,1.467,6.2,Ricky Schroder,ACTOR,1
An Egyptian Story,MOVIE,1983,129,drama,EG,7.3,1190.0,1.19,6.7,Nour El-Sherif,ACTOR,7
Survivor,SHOW,2000,48,reality,US,7.5,25709.0,66.565,7.426,Jeff Probst,ACTOR,26
One Piece,SHOW,1999,23,action,JP,8.9,133488.0,174.112,8.707,Mayumi Tanaka,ACTOR,27
Pokémon,SHOW,1997,22,scifi,JP,7.4,224.0,534.831,7.7,Rica Matsumoto,ACTOR,28
Sleepless in Seattle,MOVIE,1993,105,comedy,US,6.8,180523.0,17.739,6.711,Tom Hanks,ACTOR,4
Forrest Gump,MOVIE,1994,142,comedy,US,8.8,2106826.0,69.614,8.479,Tom Hanks,ACTOR,4
Reservoir Dogs,MOVIE,1992,99,thriller,US,8.3,1031133.0,31.647,8.141,Harvey Keitel,ACTOR,19
Gilmore Girls,SHOW,2000,46,comedy,US,8.2,131967.0,265.155,7.916,Lauren Graham,ACTOR,16
Cowboy Bebop,SHOW,1998,25,scifi,JP,8.9,123834.0,60.015,8.522,Koichi Yamadera,ACTOR,28
Galaxy Quest,MOVIE,1999,101,scifi,US,7.4,166882.0,17.967,7.1,Tim Allen,ACTOR,29
Neon Genesis Evangelion,SHOW,1995,24,scifi,JP,8.5,73413.0,51.872,8.656,Hideaki Anno,DIRECTOR,28
Jerry Maguire,MOVIE,1996,138,drama,US,7.3,272498.0,20.241,6.947,Tom Cruise,ACTOR,1
Notting Hill,MOVIE,1999,124,romance,US,7.2,320706.0,27.642,7.261,Julia Roberts,ACTOR,2
The Real World,SHOW,1992,32,reality,US,6.3,28.0,22.549,6.1,Unknown,Unknown,26
Power Rangers,SHOW,1993,22,action,US,6.5,23091.0,37.756,6.83,Russell Curry,ACTOR,30
Big Daddy,MOVIE,1999,93,comedy,US,6.4,222489.0,24.717,6.453,Adam Sandler,ACTOR,4
The Quick and the Dead,MOVIE,1995,107,western,JP,6.5,97101.0,19.366,6.5,Sharon Stone,ACTOR,-1
Big Brother,SHOW,2000,43,reality,US,5.5,10811.0,67.799,4.938,Julie Chen Moonves,ACTOR,26
I Know What You Did Last Summer,MOVIE,1997,101,horror,US,5.7,142696.0,15.885,5.933,Jennifer Love Hewitt,ACTOR,31
The Magic School Bus,SHOW,1994,26,animation,US,7.8,10291.0,23.413,7.7,Daniel DeSanto,ACTOR,32
Inuyasha,SHOW,2000,25,animation,JP,7.9,16790.0,130.678,8.6,Kappei Yamaguchi,ACTOR,33
Kicking and Screaming,MOVIE,1995,95,comedy,US,6.7,14015.0,11.962,6.285,Josh Hamilton,ACTOR,4
Seven Years in Tibet,MOVIE,1997,139,drama,GB,7.1,147831.0,22.433,7.162,Brad Pitt,ACTOR,34
Yu-Gi-Oh!,SHOW,1998,22,scifi,JP,7.3,21954.0,28.2,7.23,Megumi Ogata,ACTOR,28
Stepmom,MOVIE,1998,125,drama,US,6.8,70584.0,18.658,7.148,Julia Roberts,ACTOR,1
The Mask of Zorro,MOVIE,1998,136,action,US,6.8,188900.0,37.868,6.5,Antonio Banderas,ACTOR,17
Life,MOVIE,1999,108,comedy,US,6.8,52243.0,19.109,6.6,Eddie Murphy,ACTOR,4
Neon Genesis Evangelion: The End of Evangelion,MOVIE,1997,87,drama,JP,8.1,57273.0,34.894,8.363,Megumi Ogata,ACTOR,35
Adventures of Sonic the Hedgehog,SHOW,1993,22,scifi,US,6.2,4035.0,16.231,6.5,Jaleel White,ACTOR,36
My Girl,MOVIE,1991,102,drama,US,6.9,83620.0,35.444,7.4,Macaulay Culkin,ACTOR,1
Kenan & Kel,SHOW,1996,25,family,US,7.8,16037.0,47.356,8.253,Kenan Thompson,ACTOR,37
One Last Shot,MOVIE,1998,30,drama,,6.540941965073206,21150.29081903414,2.31,5.2,Robb Wells,ACTOR,38
Girlfriends,SHOW,2000,21,drama,US,7.4,4715.0,55.719,7.607,Tracee Ellis Ross,ACTOR,39
H,SHOW,1998,25,comedy,FR,7.4,1803.0,5.473,7.375,Eric Judor,ACTOR,40
Jerry Seinfeld: I'm Telling You for the Last Time,MOVIE,1998,75,comedy,US,7.8,5998.0,5.353,7.468,Jerry Seinfeld,ACTOR,4
The Last Days,MOVIE,1999,87,drama,US,7.9,4871.0,6.591,7.589,Bill Basch,ACTOR,1
Croupier,MOVIE,1998,94,thriller,IE,7.0,22470.0,11.297,6.776,Clive Owen,ACTOR,-1
Heavy,MOVIE,1995,105,drama,US,6.8,5382.0,4.536,6.8,Liv Tyler,ACTOR,1
All That,SHOW,1994,24,comedy,US,7.5,7913.0,16.738,8.119,Chelsea Brummet,ACTOR,16
The Nutty Professor,MOVIE,1996,95,romance,US,5.7,119572.0,19.383,5.6,Eddie Murphy,ACTOR,2
Heartbreak High,SHOW,1994,45,drama,AU,7.8,3341.0,28.799,7.115,Callan Mulvey,ACTOR,41
Evangelion: Death (True)²,MOVIE,1998,69,animation,JP,6.540941965073206,21150.29081903414,11.192,7.0,Megumi Ogata,ACTOR,22
The Wiggles,SHOW,1998,20,family,AU,8.0,165.0,20.011,6.214,Anthony Field,ACTOR,-1
Edge of Seventeen,MOVIE,2000,104,romance,US,6.8,6803.0,8.508,6.5,Chris Stafford,ACTOR,2
Cardcaptor Sakura,SHOW,1998,25,scifi,JP,8.0,5234.0,89.819,8.589,Sakura Tange,ACTOR,28
Okupas,SHOW,2000,40,drama,AR,9.0,2630.0,7.29,8.635,Rodrigo de la Serna,ACTOR,42
Sankofa,MOVIE,1993,124,drama,ET,7.0,743.0,3.14,6.0,Kofi Ghanaba,ACTOR,-1
A Chinese Odyssey Part One: Pandora's Box,MOVIE,1995,88,action,HK,7.5,7724.0,11.512,7.3,Stephen Chow,ACTOR,-1
The Parkers,SHOW,1999,19,comedy,US,6.9,2486.0,15.417,7.9,Mo'Nique,ACTOR,16
Moesha,SHOW,1996,21,drama,US,5.8,3899.0,16.214,6.9,Brandy Norwood,ACTOR,39
"Sister, Sister",SHOW,1994,22,comedy,US,6.3,13054.0,32.225,7.456,Tia Mowry-Hardrict,ACTOR,16
Before the Flying Circus,MOVIE,2000,55,comedy,GB,7.3,186.0,2.078,8.5,John Cleese,ACTOR,6
Maya Memsaab,MOVIE,1993,126,drama,IN,5.4,2260.0,3.476,5.806,Deepa Sahi,ACTOR,8
Dil Se..,MOVIE,1998,163,drama,IN,7.5,29580.0,7.346,6.817,Shah Rukh Khan,ACTOR,8
Herod's Law,MOVIE,2000,123,comedy,MX,7.8,6414.0,12.915,7.983,Damián Alcázar,ACTOR,43
A Chinese Odyssey Part Two: Cinderella,MOVIE,1995,99,action,CN,7.8,7900.0,11.979,7.5,Stephen Chow,ACTOR,44
Blue Streak,MOVIE,1999,93,comedy,DE,6.3,85125.0,39.153,6.5,Martin Lawrence,ACTOR,45
Kabhi Haan Kabhi Naa,MOVIE,1994,158,romance,IN,7.7,18728.0,8.073,6.523,Shah Rukh Khan,ACTOR,9
Bombay,MOVIE,1995,141,drama,IN,8.1,13031.0,5.67,7.2,Arvind Swamy,ACTOR,8
Phir Bhi Dil Hai Hindustani,MOVIE,2000,160,comedy,IN,6.1,7954.0,5.662,6.5,Shah Rukh Khan,ACTOR,24
Chaahat,MOVIE,1996,148,drama,IN,5.5,3014.0,4.134,6.722,Shah Rukh Khan,ACTOR,8
Nutty Professor II: The Klumps,MOVIE,2000,106,romance,US,4.4,51851.0,19.541,5.0,Eddie Murphy,ACTOR,2
Hum Aapke Hain Koun..!,MOVIE,1994,206,drama,IN,7.5,21674.0,7.762,6.415,Salman Khan,ACTOR,8
Wild Tango,MOVIE,1993,124,drama,ES,6.7,1652.0,4.917,6.2,Fernán Mirás,ACTOR,46
Kuch Kuch Hota Hai,MOVIE,1998,177,drama,IN,7.5,54032.0,15.8,7.6,Shah Rukh Khan,ACTOR,8
Yaar Gaddar,MOVIE,1994,147,crime,IN,3.7,168.0,2.383,6.0,Saif Ali Khan,ACTOR,12
Barney & Friends,SHOW,1992,29,comedy,US,3.9,7883.0,31.939,4.851,David Joyner,ACTOR,16
The Other,MOVIE,1999,106,drama,EG,5.9,1030.0,0.84,5.955,Hanan Turk,ACTOR,7
Chamatkar,MOVIE,1992,163,comedy,IN,6.5,6508.0,7.592,6.579,Naseeruddin Shah,ACTOR,24
Mann,MOVIE,1999,174,drama,IN,6.1,5633.0,4.443,6.6,Aamir Khan,ACTOR,8
Chronicle of a Disappearance,MOVIE,1998,84,drama,DE,6.9,775.0,2.674,6.4,Elia Suleiman,ACTOR,47
Oh Darling! Yeh Hai India!,MOVIE,1995,153,comedy,IN,4.0,1790.0,2.346,5.2,Shah Rukh Khan,ACTOR,24
My First Errand,SHOW,1991,18,reality,JP,6.540941965073206,21150.29081903414,16.506,8.0,Unknown,Unknown,48
Escalona,SHOW,1991,44,drama,CO,6.540941965073206,21150.29081903414,8.981,7.612,Carlos Vives,ACTOR,49
Duplicate,MOVIE,1998,165,comedy,IN,5.5,7914.0,6.785,5.9,Shah Rukh Khan,ACTOR,24
Muthu,MOVIE,1995,165,comedy,IN,7.6,3056.0,6.74,7.08,Rajinikanth,ACTOR,24
Hum Saath Saath Hain,MOVIE,1999,177,romance,IN,6.3,8985.0,6.587,6.0,Salman Khan,ACTOR,9
Ram Jaane,MOVIE,1995,172,crime,IN,5.4,4087.0,4.962,5.143,Shah Rukh Khan,ACTOR,12
Anjaam,MOVIE,1994,146,drama,IN,6.6,6808.0,4.901,7.25,Shah Rukh Khan,ACTOR,8
English Babu Desi Mem,MOVIE,1996,163,romance,IN,4.6,2459.0,4.53,5.346,Shah Rukh Khan,ACTOR,9
Destiny,MOVIE,1997,136,drama,EG,7.2,2995.0,3.905,6.8,Nour El-Sherif,ACTOR,7
Avvai Shanmugi,MOVIE,1996,160,drama,IN,7.9,2706.0,3.89,7.4,Kamal Haasan,ACTOR,8
Hello Brother,MOVIE,1999,131,romance,IN,4.6,4393.0,3.796,5.7,Salman Khan,ACTOR,9
Sinbad: Afros and Bellbottoms,MOVIE,1993,59,comedy,US,7.7,189.0,3.404,5.5,Sinbad,ACTOR,4
Damini,MOVIE,1993,175,drama,IN,7.8,3693.0,3.401,7.8,Meenakshi Seshadri,ACTOR,8
Monty Python: Live at Aspen,MOVIE,1998,58,comedy,GB,7.8,1122.0,3.351,6.9,Robert Klein,ACTOR,6
Jeans,MOVIE,1998,175,comedy,IN,6.4,3728.0,2.978,6.483,Prashanth Thyagarajan,ACTOR,24
West Beirut,MOVIE,1998,105,comedy,LB,7.6,4462.0,2.905,7.4,Rami Doueiri,ACTOR,50
Gumrah,MOVIE,1993,149,crime,IN,6.1,857.0,2.724,7.4,Sanjay Dutt,ACTOR,12
Shikari,MOVIE,1991,162,drama,SU,5.8,79.0,2.671,6.7,Mithun Chakraborty,ACTOR,-1
Out of Life,MOVIE,1991,97,drama,IT,6.9,412.0,2.565,6.3,Hippolyte Girardot,ACTOR,51
Have You Ever Seen Fireflies? - Theatre Play,MOVIE,1999,118,comedy,TR,6.540941965073206,21150.29081903414,2.531,7.8,Demet Akbağ,ACTOR,52
Yodha,MOVIE,1991,142,drama,IN,4.5,214.0,2.396,5.0,Sunny Deol,ACTOR,8
Minsara Kanavu,MOVIE,1997,145,comedy,IN,6.7,1276.0,2.181,6.708,Arvind Swamy,ACTOR,24
Dushmani,MOVIE,1995,156,action,IN,5.0,258.0,2.179,8.3,Sunny Deol,ACTOR,14
Children of Shatila,MOVIE,1999,50,documentation,LB,7.7,105.0,2.004,6.7,Mai Masri,DIRECTOR,-1
Sinbad: Nothin' but the Funk,MOVIE,1997,55,comedy,US,6.4,70.0,1.939,5.2,Sinbad,ACTOR,4
The Emigrant,MOVIE,1994,129,drama,EG,6.5,1056.0,1.548,6.1,Khaled El Nabawy,ACTOR,7
A Triumph of the Heart: The Ricky Bell Story,MOVIE,1991,100,drama,US,7.2,256.0,1.5,5.1,Mario Van Peebles,ACTOR,1
Aashik Aawara,MOVIE,1993,153,romance,IN,4.8,345.0,1.462,5.5,Saif Ali Khan,ACTOR,9
The Trial of Adolf Eichmann,MOVIE,1997,90,documentation,FR,7.4,123.0,1.448,7.7,Michaël Prazan,DIRECTOR,53
Qila,MOVIE,1998,160,drama,IN,4.9,137.0,1.414,6.0,Dilip Kumar,ACTOR,8
Nightmare in Columbia County,MOVIE,1991,100,drama,US,5.5,364.0,1.357,6.0,William Devane,ACTOR,1
Sinbad: Son of a Preacher Man,MOVIE,1996,56,comedy,US,6.8,128.0,1.057,5.8,Sinbad,ACTOR,4
Breaking Bad,SHOW,2008,48,drama,US,9.5,1936461.0,451.776,8.868,Bryan Cranston,ACTOR,39
The Walking Dead,SHOW,2010,46,action,US,8.1,1013253.0,656.772,8.116,Norman Reedus,ACTOR,30
Grey's Anatomy,SHOW,2005,48,drama,US,7.6,316260.0,1003.948,8.256,Ellen Pompeo,ACTOR,39
Arrested Development,SHOW,2003,28,comedy,US,8.7,309568.0,53.506,8.007,Jason Bateman,ACTOR,16
Community,SHOW,2009,23,comedy,US,8.5,271794.0,123.496,8.0,Joel McHale,ACTOR,16
NCIS,SHOW,2003,43,thriller,US,7.7,137745.0,529.18,7.622,Gary Cole,ACTOR,54
Avatar: The Last Airbender,SHOW,2005,24,animation,US,9.3,324247.0,70.273,8.7,Zach Tyler,ACTOR,32
Supernatural,SHOW,2005,45,drama,US,8.4,453184.0,572.356,8.303,Jensen Ackles,ACTOR,39
Top Gear,SHOW,2002,58,comedy,GB,8.7,120892.0,65.944,7.38,Chris Harris,ACTOR,5
The Lord of the Rings: The Fellowship of the Ring,MOVIE,2001,178,fantasy,NZ,8.8,1895545.0,110.122,8.394,Elijah Wood,ACTOR,-1
The Great British Baking Show,SHOW,2010,58,reality,GB,8.6,11204.0,18.258,7.611,Mary Berry,ACTOR,55
Friday Night Lights,SHOW,2006,43,drama,US,8.7,68182.0,19.601,8.035,Kyle Chandler,ACTOR,39
The IT Crowd,SHOW,2006,25,comedy,GB,8.5,155675.0,39.786,8.13,Chris O'Dowd,ACTOR,5
Minority Report,MOVIE,2002,144,thriller,US,7.6,560336.0,27.119,7.331,Tom Cruise,ACTOR,19
Scott Pilgrim vs. the World,MOVIE,2010,112,comedy,GB,7.5,435120.0,35.09,7.457,Michael Cera,ACTOR,6
The Dark Knight,MOVIE,2008,152,drama,GB,9.0,2684317.0,81.703,8.508,Christian Bale,ACTOR,34
The Amazing Race,SHOW,2001,48,reality,US,7.8,14888.0,37.313,6.804,Phil Keoghan,ACTOR,26
Heartland,SHOW,2007,44,drama,CA,8.5,17597.0,89.589,8.29,Amber Marshall,ACTOR,56
DEATH NOTE,SHOW,2006,24,animation,JP,9.0,334730.0,114.187,8.642,Mamoru Miyano,ACTOR,33
Monster,SHOW,2004,23,drama,JP,8.7,33682.0,63.186,8.577,Hidenobu Kiuchi,ACTOR,57
The Hangover,MOVIE,2009,100,comedy,US,7.7,797535.0,93.271,7.309,Bradley Cooper,ACTOR,4
Naruto,SHOW,2002,23,action,JP,8.4,107461.0,216.208,8.359,Junko Takeuchi,ACTOR,27
The Lord of the Rings: The Two Towers,MOVIE,2002,179,action,NZ,8.8,1684864.0,87.778,8.375,Viggo Mortensen,ACTOR,-1
The Lord of the Rings: The Return of the King,MOVIE,2003,201,fantasy,NZ,9.0,1865989.0,83.617,8.474,Elijah Wood,ACTOR,-1
Mononoke,SHOW,2007,22,animation,JP,8.3,2437.0,12.401,7.9,Takahiro Sakurai,ACTOR,33
Brokeback Mountain,MOVIE,2005,134,drama,CA,7.7,363924.0,28.627,7.8,Heath Ledger,ACTOR,58
Chappelle's Show,SHOW,2003,21,comedy,US,8.8,66715.0,14.284,8.0,Dave Chappelle,ACTOR,16
The Mist,MOVIE,2007,126,thriller,US,7.1,317831.0,29.464,6.884,Thomas Jane,ACTOR,19
Ancient Aliens,SHOW,2010,46,scifi,US,8.1,21.0,74.582,6.88,Giorgio A. Tsoukalos,ACTOR,36
Road to Perdition,MOVIE,2002,117,thriller,US,7.7,273370.0,21.732,7.359,Tom Hanks,ACTOR,19
Easy A,MOVIE,2010,93,comedy,US,7.0,397339.0,23.934,6.817,Emma Stone,ACTOR,4
The Mole,SHOW,2001,47,reality,US,7.7,1269.0,23.642,6.833,Jon Kelley,ACTOR,26
The Pursuit of Happyness,MOVIE,2006,117,drama,US,8.0,523095.0,53.571,7.902,Will Smith,ACTOR,1
American Pickers,SHOW,2010,46,reality,US,7.0,7997.0,27.393,7.131,Mike Wolfe,ACTOR,26
Code Geass: Lelouch of the Rebellion,SHOW,2006,24,scifi,JP,8.7,62367.0,53.711,8.471,Jun Fukuyama,ACTOR,28
Pawn Stars,SHOW,2009,25,reality,US,7.2,17171.0,78.91,7.232,Rick Harrison,ACTOR,26
My Little Pony: Friendship Is Magic,SHOW,2010,22,comedy,CA,7.7,21497.0,96.471,8.1,Tara Strong,ACTOR,59
Closer,MOVIE,2004,103,drama,GB,7.2,224756.0,17.708,6.835,Julia Roberts,ACTOR,34
The Aviator,MOVIE,2004,170,drama,US,7.5,367757.0,23.545,7.223,Leonardo DiCaprio,ACTOR,1
The Hills,SHOW,2006,23,reality,US,3.7,11389.0,11.089,4.8,Lauren Conrad,ACTOR,26
Burlesque,MOVIE,2010,119,drama,US,6.4,88047.0,14.46,7.2,Cher,ACTOR,1
Borgen,SHOW,2010,58,drama,DK,8.5,27693.0,24.1,8.082,Sidse Babett Knudsen,ACTOR,60
Transformers: Prime,SHOW,2010,22,action,US,7.9,7180.0,34.902,8.1,Peter Cullen,ACTOR,30
iCarly,SHOW,2007,26,family,US,6.7,41021.0,95.547,8.0,Miranda Cosgrove,ACTOR,37
Zathura: A Space Adventure,MOVIE,2005,104,scifi,US,6.2,107941.0,35.462,6.4,Josh Hutcherson,ACTOR,29
The Longest Yard,MOVIE,2005,109,comedy,US,6.4,184242.0,38.231,6.595,Adam Sandler,ACTOR,4
Ip Man,MOVIE,2008,106,drama,CN,8.0,226508.0,13.05,7.746,Donnie Yen,ACTOR,61
Ned's Declassified School Survival Guide,SHOW,2004,25,comedy,US,7.4,18499.0,54.795,8.547,Devon Werkheiser,ACTOR,16
Secret Window,MOVIE,2004,96,thriller,US,6.5,200443.0,20.567,6.573,Johnny Depp,ACTOR,19
A Knight's Tale,MOVIE,2001,132,action,US,7.0,182511.0,33.279,6.862,Heath Ledger,ACTOR,17
Underworld,MOVIE,2004,121,thriller,DE,6.8,8.0,38.657,6.797,Kate Beckinsale,ACTOR,62
Intervention,SHOW,2005,51,documentation,US,6.540941965073206,21150.29081903414,10.611,6.838,Jeff VanVonderen,ACTOR,0
Transformers: Revenge of the Fallen,MOVIE,2009,149,scifi,US,5.9,411941.0,28.765,6.1,Shia LaBeouf,ACTOR,29
Julie & Julia,MOVIE,2009,123,romance,US,7.0,122606.0,13.752,6.7,Meryl Streep,ACTOR,2
Tears of the Sun,MOVIE,2003,121,drama,US,6.6,125093.0,50.882,6.8,Bruce Willis,ACTOR,1
Laguna Beach,SHOW,2004,23,reality,US,4.8,3917.0,9.863,6.1,Raquel Donatell,ACTOR,26
Along Came Polly,MOVIE,2004,90,comedy,US,6.0,139012.0,19.936,5.984,Ben Stiller,ACTOR,4
The Fairly OddParents,SHOW,2001,23,comedy,US,7.2,38046.0,101.518,7.628,Tara Strong,ACTOR,16
Midnight Diner,SHOW,2009,27,comedy,JP,8.6,2601.0,10.609,8.0,Kaoru Kobayashi,ACTOR,63
The Staircase,SHOW,2004,49,crime,FR,7.8,21531.0,9.965,7.565,Michael Peterson,ACTOR,-1
Resident Evil,MOVIE,2002,100,horror,FR,6.6,275939.0,22.082,6.601,Milla Jovovich,ACTOR,64
Hidden Passion,SHOW,2003,43,drama,CO,7.8,2632.0,164.924,7.644,Mario Cimarro,ACTOR,49
G.I. Joe: The Rise of Cobra,MOVIE,2009,118,thriller,US,5.7,210846.0,42.644,5.763,Dennis Quaid,ACTOR,19
Victorious,SHOW,2010,24,comedy,US,7.0,26452.0,66.645,8.222,Victoria Justice,ACTOR,16
Flushed Away,MOVIE,2006,85,comedy,GB,6.6,130250.0,35.96,6.2,Hugh Jackman,ACTOR,6
Trailer Park Boys,SHOW,2001,25,comedy,CA,8.6,45813.0,41.731,7.887,John Paul Tremblay,ACTOR,59
Seabiscuit,MOVIE,2003,141,drama,US,7.3,74525.0,13.594,7.0,Tobey Maguire,ACTOR,1
Monster House,MOVIE,2006,90,comedy,US,6.6,125479.0,39.676,6.659,Mitchel Musso,ACTOR,4
King Kong,MOVIE,2005,187,drama,DE,7.2,429687.0,50.69,6.858,Naomi Watts,ACTOR,47
Total Drama Island,SHOW,2007,23,animation,CA,7.4,11992.0,16.571,7.3,Clé Bennett,ACTOR,65
Sonic X,SHOW,2003,21,action,JP,6.2,5003.0,32.456,7.606,Jason Griffith,ACTOR,27
The Order of Myths,MOVIE,2008,97,documentation,US,6.9,474.0,2.243,6.5,Margaret Brown,DIRECTOR,66
Winx Club,SHOW,2004,23,scifi,IT,6.2,6700.0,57.992,8.2,Letizia Ciampa,ACTOR,-1
21,MOVIE,2008,123,drama,US,6.8,256494.0,28.294,6.69,Jim Sturgess,ACTOR,1
Zoey 101,SHOW,2005,25,drama,US,6.1,16416.0,48.5,8.183,Jamie Lynn Spears,ACTOR,39
Spanglish,MOVIE,2004,130,comedy,US,6.4,85726.0,24.12,6.0,Adam Sandler,ACTOR,4
Spirit: Stallion of the Cimarron,MOVIE,2002,82,western,US,7.2,78881.0,66.623,7.692,Matt Damon,ACTOR,67
kimi ni todoke -From Me to You-,SHOW,2009,22,drama,JP,7.8,4300.0,21.514,8.579,Sara Minami,ACTOR,57
Leap Year,MOVIE,2010,100,comedy,IE,6.4,106798.0,33.28,6.882,Amy Adams,ACTOR,-1
Enough,MOVIE,2001,114,thriller,US,5.1,18.0,17.014,6.648,Jennifer Lopez,ACTOR,19
Gamer,MOVIE,2009,95,thriller,US,5.7,136745.0,19.707,5.719,Gerard Butler,ACTOR,19
The Pink Panther,MOVIE,2006,93,comedy,US,5.6,88700.0,20.745,5.824,Steve Martin,ACTOR,4
3 Idiots,MOVIE,2009,170,drama,IN,8.4,406051.0,33.023,7.98,Aamir Khan,ACTOR,8
Gridiron Gang,MOVIE,2006,125,drama,US,7.1,78301.0,37.007,6.998,Dwayne Johnson,ACTOR,1
Resident Evil: Apocalypse,MOVIE,2004,94,action,GB,6.1,202887.0,20.554,6.34,Milla Jovovich,ACTOR,68
Resident Evil: Afterlife,MOVIE,2010,97,action,US,5.8,174100.0,1.634,6.042,Milla Jovovich,ACTOR,17
Seven Pounds,MOVIE,2008,123,drama,US,7.6,306717.0,19.165,7.609,Will Smith,ACTOR,1
The Legend of Zorro,MOVIE,2005,129,action,MX,5.9,103951.0,21.725,6.1,Antonio Banderas,ACTOR,-1
Autumn's Concerto,SHOW,2009,58,drama,TW,7.9,530.0,7.029,7.286,Ady An,ACTOR,69
Still Game,SHOW,2002,29,comedy,GB,8.9,8365.0,6.356,8.25,Ford Kiernan,ACTOR,5
Black Butler,SHOW,2008,25,animation,JP,8.2,1997.0,40.591,7.5,Maaya Sakamoto,ACTOR,33
Nora's Will,MOVIE,2009,92,drama,MX,7.2,1087.0,1.513,7.0,Fernando Luján,ACTOR,70
An Elf's Story,MOVIE,2010,24,animation,US,5.0,580.0,3.066,2.5,Leslie Bellair,ACTOR,71
Boys Over Flowers,SHOW,2009,64,comedy,KR,7.8,12768.0,61.901,8.269,Koo Hye-sun,ACTOR,72
Don,MOVIE,2006,178,thriller,IN,7.1,38540.0,9.163,7.0,Shah Rukh Khan,ACTOR,13
Toradora!,SHOW,2008,30,animation,JP,8.0,16549.0,31.012,8.393,Junji Majima,ACTOR,33
Ouran High School Host Club,SHOW,2006,23,comedy,JP,8.2,10614.0,24.642,8.339,Maaya Sakamoto,ACTOR,63
Rang De Basanti,MOVIE,2006,157,comedy,IN,8.1,119995.0,9.799,7.2,Aamir Khan,ACTOR,24
No Direction Home: Bob Dylan,MOVIE,2005,207,documentation,GB,6.540941965073206,21150.29081903414,7.642,7.7,Bob Dylan,ACTOR,73
Daddy's Little Girls,MOVIE,2007,100,romance,US,5.8,7930.0,13.175,7.0,Gabrielle Union,ACTOR,2
The Other Boleyn Girl,MOVIE,2008,115,drama,GB,6.7,115160.0,20.274,6.6,Natalie Portman,ACTOR,34
Swades,MOVIE,2004,189,drama,IN,8.2,92794.0,9.545,7.316,Shah Rukh Khan,ACTOR,8
Bo on the Go!,SHOW,2007,22,animation,CA,4.3,136.0,2.841,6.0,Unknown,Unknown,65
Trailer Park Boys: Say Goodnight to the Bad Guys,MOVIE,2008,60,comedy,CA,7.8,3555.0,7.242,7.388,John Paul Tremblay,ACTOR,74
New in Town,MOVIE,2009,97,comedy,US,5.6,24056.0,9.404,5.798,Renée Zellweger,ACTOR,4
Dev.D,MOVIE,2009,144,comedy,IN,7.9,31177.0,7.154,6.9,Abhay Deol,ACTOR,24
El cartel 2 - La guerra total,SHOW,2010,44,thriller,CO,6.7,243.0,19.267195915153582,6.633193712829227,Unknown,Unknown,-1
Mike Birbiglia: What I Should Have Said Was Nothing,MOVIE,2008,60,comedy,US,7.6,1813.0,3.456,7.5,Mike Birbiglia,ACTOR,4
Code Lyoko,SHOW,2003,24,scifi,FR,7.3,5361.0,29.464,7.3,Sophie Landresse,ACTOR,-1
The Game,SHOW,2006,22,drama,US,6.8,4597.0,25.811,8.2,Coby Bell,ACTOR,39
One on One,SHOW,2001,20,comedy,US,7.1,2401.0,15.999,7.722,Kyla Pratt,ACTOR,16
Daddy Day Care,MOVIE,2003,88,comedy,US,5.6,70718.0,24.008,5.9,Eddie Murphy,ACTOR,4
You Will Meet a Tall Dark Stranger,MOVIE,2010,98,romance,ES,6.3,46554.0,9.082,5.911,Gemma Jones,ACTOR,75
Eat Pray Love,MOVIE,2010,133,drama,US,5.8,100026.0,19.052,6.23,Julia Roberts,ACTOR,1
Nuevo Rico Nuevo Pobre,SHOW,2007,44,comedy,CO,7.2,236.0,60.82,7.772,Martín Karpan,ACTOR,-1
H2O: Just Add Water,SHOW,2006,25,drama,AU,7.2,16221.0,51.258,7.816,Phoebe Tonkin,ACTOR,41
Einsatzgruppen: The Nazi Death Squads,SHOW,2009,44,documentation,FR,7.6,682.0,2.548,7.4,Michaël Prazan,DIRECTOR,76
The Fierce Wife,SHOW,2010,59,drama,TW,7.3,106.0,13.992,4.8,Sonia Sui,ACTOR,69
Aśoka,MOVIE,2001,168,war,IN,6.5,13930.0,10.475,6.432,Shah Rukh Khan,ACTOR,-1
A Wednesday!,MOVIE,2008,103,thriller,IN,8.1,79787.0,9.793,7.021,Anupam Kher,ACTOR,13
Chloe,MOVIE,2010,96,drama,US,6.3,75039.0,21.26,6.1,Amanda Seyfried,ACTOR,1
The Cartel,SHOW,2008,44,action,CO,8.0,804.0,150.3,7.53,Juan Pablo Raba,ACTOR,-1
Hachi: A Dog's Tale,MOVIE,2009,93,drama,US,8.1,290993.0,42.584,8.0,Richard Gere,ACTOR,1
Monsters vs Aliens,MOVIE,2009,94,action,US,6.4,166773.0,36.743,6.198,Reese Witherspoon,ACTOR,17
The Legend of Bruce Lee,SHOW,2008,45,action,CN,7.0,1422.0,26.884,6.0,Danny Chan Kwok-kwan,ACTOR,77
Basketball Wives,SHOW,2010,40,reality,US,3.6,728.0,7.974,7.5,Unknown,Unknown,26
Louis C.K.: Hilarious,MOVIE,2010,84,comedy,US,8.3,12383.0,6.682,7.857,Louis C.K.,ACTOR,4
The Boy Who Cried Werewolf,MOVIE,2010,97,fantasy,US,5.9,3526.0,21.046,6.47,Victoria Justice,ACTOR,18
The Taking of Pelham 1 2 3,MOVIE,2009,106,thriller,US,6.4,200652.0,19.157,6.33,Denzel Washington,ACTOR,19
Initial D,MOVIE,2005,105,drama,JP,6.3,9085.0,16.619,6.8,Jay Chou,ACTOR,35
The Garfield Show,SHOW,2009,18,animation,US,5.4,2791.0,23.19,5.3,Jason Marsden,ACTOR,32
Kevin James: Sweat the Small Stuff,MOVIE,2001,42,comedy,US,7.4,1112.0,1.738,7.1,Kevin James,ACTOR,4
Duck Season,MOVIE,2005,90,comedy,MX,7.2,4288.0,4.98,6.9,Daniel Miranda,ACTOR,43
Half & Half,SHOW,2002,21,comedy,US,7.1,1954.0,9.255,8.2,Rachel True,ACTOR,16
Big Time Rush,SHOW,2009,25,comedy,US,6.4,13027.0,56.552,8.669,Kendall Schmidt,ACTOR,16
Pocoyo,SHOW,2005,9,animation,ES,4.0,99.0,51.155,7.034,Stephen Fry,ACTOR,-1
Love Aaj Kal,MOVIE,2009,141,drama,IN,6.8,16443.0,3.097,5.5,Saif Ali Khan,ACTOR,8
Accident,MOVIE,2009,89,drama,HK,6.6,3488.0,8.551,6.6,Louis Koo,ACTOR,78
Black & White,SHOW,2009,37,action,TW,7.6,334.0,4.708,8.9,Vic Chou,ACTOR,-1
El Escamoso,SHOW,2001,44,comedy,CO,7.5,365.0,23.727,7.8,Miguel Varoni,ACTOR,-1
I Now Pronounce You Chuck & Larry,MOVIE,2007,110,comedy,US,5.9,149609.0,20.289,6.019,Adam Sandler,ACTOR,4
Jim Gaffigan: Beyond the Pale,MOVIE,2006,72,comedy,US,7.8,4056.0,2.973,7.094,Jim Gaffigan,ACTOR,4
Phir Hera Pheri,MOVIE,2006,155,comedy,IN,7.2,25177.0,8.389,6.411,Akshay Kumar,ACTOR,24
Trailer Park Boys: The Movie,MOVIE,2006,95,comedy,CA,7.1,13151.0,7.211,6.7,Robb Wells,ACTOR,74
The Legend of Bhagat Singh,MOVIE,2002,155,drama,IN,8.2,16748.0,4.27,6.906,Ajay Devgn,ACTOR,8
Anchor Baby,MOVIE,2010,97,drama,US,6.3,92.0,0.883,4.0,Omoni Oboli,ACTOR,1
RV,MOVIE,2006,99,comedy,US,5.6,61295.0,41.846,5.883,Robin Williams,ACTOR,4
Billu,MOVIE,2009,137,drama,IN,6.3,12361.0,7.974,6.5,Irrfan Khan,ACTOR,8
Masha and the Bear,SHOW,2009,6,animation,RU,7.5,3381.0,59.403,6.881,Boris Kutnevich,ACTOR,-1
Madness in the Desert,MOVIE,2004,141,documentation,IN,8.4,395.0,2.838,6.7,Aamir Khan,ACTOR,79
Guru,MOVIE,2007,166,drama,IN,7.7,24249.0,11.961,6.801,Abhishek Bachchan,ACTOR,8
Golmaal Returns,MOVIE,2008,135,comedy,IN,5.2,8382.0,5.235,5.082,Ajay Devgn,ACTOR,24
One Piece: Strong World,MOVIE,2009,113,animation,JP,7.5,6072.0,31.693,7.469,Mayumi Tanaka,ACTOR,22
The Figurine: Araromire,MOVIE,2009,122,drama,NG,4.4,266.0,3.249,4.0,Ramsey Nouah,ACTOR,80
Jab We Met,MOVIE,2007,138,romance,IN,7.9,54797.0,11.058,7.3,Shahid Kapoor,ACTOR,9
Jaane Tu... Ya Jaane Na,MOVIE,2008,155,drama,IN,7.4,27357.0,5.83,6.818,Imran Khan,ACTOR,8
Banyuki,MOVIE,2010,182,action,JP,6.9,26.0,2.385,2.0,Takaya Kamikawa,ACTOR,81
Kath & Kim,SHOW,2002,24,comedy,AU,8.4,4609.0,4.649,6.6,Magda Szubanski,ACTOR,82
Den-noh Coil,SHOW,2007,25,scifi,JP,7.8,936.0,16.763,7.417,Junko Noda,ACTOR,28
Palermo Hollywood,MOVIE,2004,113,drama,AR,5.3,215.0,2.03,5.077,Brian Maya,ACTOR,83
Johnny Test,SHOW,2005,18,animation,CA,5.1,8694.0,36.963,5.821,James Arnold Taylor,ACTOR,65
Falafel,MOVIE,2007,80,drama,LB,6.6,241.0,3.043,5.5,Elie Mitri,ACTOR,21
Ajab Prem Ki Ghazab Kahani,MOVIE,2009,150,comedy,IN,6.4,15367.0,8.017,6.1,Ranbir Kapoor,ACTOR,24
"Cairo 6,7,8",MOVIE,2010,100,drama,EG,7.4,4559.0,6.173,7.4,Nelly Karim,ACTOR,7
Open Season,MOVIE,2006,86,animation,US,6.1,99432.0,22.934,6.1,Martin Lawrence,ACTOR,71
Kabhi Khushi Kabhie Gham,MOVIE,2001,210,drama,IN,7.4,51658.0,22.126,7.8,Amitabh Bachchan,ACTOR,8
Like Stars on Earth,MOVIE,2007,165,drama,IN,8.3,196038.0,19.424,7.996,Darsheel Safary,ACTOR,8
Astro Boy,MOVIE,2009,94,animation,US,6.2,37841.0,28.801,6.298,Nicolas Cage,ACTOR,71
Fashion,MOVIE,2008,167,drama,IN,6.9,12740.0,8.121,6.388,Priyanka Chopra Jonas,ACTOR,8
Kal Ho Naa Ho,MOVIE,2003,186,comedy,IN,7.9,71235.0,14.343,7.4,Shah Rukh Khan,ACTOR,24
Ben & Holly's Little Kingdom,SHOW,2009,14,comedy,GB,7.4,1375.0,18.127,6.308,Sian Taylor,ACTOR,5
DreamWorks Spooky Stories,SHOW,2009,26,animation,US,6.2,27.0,0.88,6.633193712829227,Seth Rogen,ACTOR,32
Octonauts,SHOW,2010,15,animation,GB,7.6,1207.0,82.866,7.2,Keith Wickham,ACTOR,20
American Pie Presents: The Naked Mile,MOVIE,2006,97,comedy,US,6.540941965073206,21150.29081903414,44.481,5.5,John White,ACTOR,4
Manorama Six Feet Under,MOVIE,2007,137,thriller,IN,7.5,8374.0,3.306,6.512,Abhay Deol,ACTOR,13
Monty Python Conquers America,MOVIE,2008,55,documentation,,7.2,12.0,1.963,6.5,Graham Chapman,ACTOR,84
Open Season 2,MOVIE,2008,71,animation,US,5.5,24891.0,22.448,5.8,Mike Epps,ACTOR,71
Trailer Park Boys: Countdown to Liquor Day,MOVIE,2009,101,crime,CA,7.3,7615.0,5.36,6.8,John Paul Tremblay,ACTOR,-1
Ishqiya,MOVIE,2010,115,comedy,IN,7.3,10634.0,5.293,6.4,Naseeruddin Shah,ACTOR,24
Jim Gaffigan: King Baby,MOVIE,2009,72,comedy,US,7.7,2623.0,4.232,6.9,Jim Gaffigan,ACTOR,4
Dinosaur King,SHOW,2007,21,action,JP,5.8,792.0,22.71,8.16,Tetsuo Goto,ACTOR,27
The Pink Panther 2,MOVIE,2009,92,comedy,US,5.6,46285.0,15.052,5.736,Steve Martin,ACTOR,4
Once a Gangster,MOVIE,2010,95,comedy,HK,5.7,517.0,4.286,6.4,Ekin Cheng,ACTOR,85
Fida,MOVIE,2004,122,thriller,IN,5.4,2749.0,3.18,5.2,Kareena Kapoor Khan,ACTOR,13
Ijé: The Journey,MOVIE,2010,106,drama,US,6.3,112.0,1.807,2.0,Genevieve Nnaji,ACTOR,1
Comedian,MOVIE,2002,82,comedy,US,6.9,7110.0,8.574,6.7,Jerry Seinfeld,ACTOR,4
My Führer,MOVIE,2007,89,drama,DE,5.5,4509.0,8.17,5.6,Helge Schneider,ACTOR,47
Raajneeti,MOVIE,2010,167,thriller,IN,7.1,18096.0,5.781,6.21,Ranbir Kapoor,ACTOR,13
Salt of This Sea,MOVIE,2008,109,drama,PS,6.8,1298.0,2.586,6.4,Suheir Hammad,ACTOR,86
Wake Up Sid,MOVIE,2009,138,comedy,IN,7.6,32228.0,6.403,7.15,Ranbir Kapoor,ACTOR,24
National Security,MOVIE,2003,88,action,GB,5.6,52056.0,17.66,5.9,Martin Lawrence,ACTOR,68
Made of Honor,MOVIE,2008,101,romance,GB,5.8,73417.0,13.189,6.434,Patrick Dempsey,ACTOR,87
Lagaan: Once Upon a Time in India,MOVIE,2001,224,drama,IN,8.1,111053.0,11.72,7.288,Aamir Khan,ACTOR,8
Friends with Money,MOVIE,2006,88,romance,US,5.8,31249.0,11.008,5.1,Jennifer Aniston,ACTOR,2
Da Kath & Kim Code,MOVIE,2005,82,comedy,AU,7.3,999.0,2.205,6.7,Jane Turner,ACTOR,88
G.O.R.A.,MOVIE,2004,127,scifi,TR,8.0,64031.0,10.81,7.261,Cem Yılmaz,ACTOR,-1
The Stepfather,MOVIE,2009,101,thriller,US,5.6,36318.0,10.291,5.805,Dylan Walsh,ACTOR,19
Paheli,MOVIE,2005,141,drama,IN,6.4,13588.0,7.666,6.24,Shah Rukh Khan,ACTOR,8
One 2 Ka 4,MOVIE,2001,178,action,IN,5.5,5307.0,5.254,5.8,Shah Rukh Khan,ACTOR,14
Naruto the Movie: Legend of the Stone of Gelel,MOVIE,2005,96,animation,JP,6.4,4634.0,31.801,6.6,Junko Takeuchi,ACTOR,22
Wakfu,SHOW,2008,22,scifi,FR,8.1,1645.0,24.331,8.65,Thomas Guitard,ACTOR,-1
Kabhi Alvida Naa Kehna,MOVIE,2006,193,drama,IN,6.0,20614.0,23.827,6.4,Shah Rukh Khan,ACTOR,8
Kevin Hart: I'm a Grown Little Man,MOVIE,2009,72,comedy,US,7.5,4596.0,8.721,7.3,Kevin Hart,ACTOR,4
Tayo the Little Bus,SHOW,2010,11,animation,KR,5.3,165.0,6.235,5.25,Unknown,Unknown,89
Chalte Chalte,MOVIE,2003,175,drama,IN,6.5,15855.0,5.85,6.256,Shah Rukh Khan,ACTOR,8
Daddy Day Camp,MOVIE,2007,85,comedy,US,3.2,17228.0,10.205,4.8,Cuba Gooding Jr.,ACTOR,4
Dostana,MOVIE,2008,145,comedy,IN,6.5,15489.0,8.492,6.217,John Abraham,ACTOR,24
I Can Do Bad All By Myself,MOVIE,2009,113,drama,US,4.6,10452.0,7.448,6.5,Tyler Perry,ACTOR,1
Ip Man 2,MOVIE,2010,108,drama,CN,7.5,106996.0,3.686,7.4,Donnie Yen,ACTOR,61
Naruto the Movie: Guardians of the Crescent Moon Kingdom,MOVIE,2006,95,action,JP,6.3,4293.0,38.748,7.1,Junko Takeuchi,ACTOR,81
Pororo the Little Penguin,SHOW,2003,10,family,KR,6.4,104.0,21.077,6.0,Lee Sun,ACTOR,-1
The Legend of the Nahuala,MOVIE,2007,80,animation,MX,6.2,559.0,20.891,7.7,Andrés Bustamante,ACTOR,-1
Om Shanti Om,MOVIE,2007,162,thriller,IN,6.7,45489.0,18.548,7.0,Shah Rukh Khan,ACTOR,13
Iris,SHOW,2009,61,drama,KR,7.8,1951.0,12.879,7.648,Kim Yeong-cheol,ACTOR,90
Jodhaa Akbar,MOVIE,2008,213,drama,IN,7.5,33358.0,9.241,7.35,Hrithik Roshan,ACTOR,8
Beast Stalker,MOVIE,2008,109,thriller,CN,6.8,2295.0,7.998,6.8,Nicholas Tse,ACTOR,-1
Dil Chahta Hai,MOVIE,2001,183,drama,IN,8.1,73303.0,6.812,6.905,Aamir Khan,ACTOR,8
Rock On!!,MOVIE,2008,144,drama,IN,7.7,22417.0,5.309,6.781,Farhan Akhtar,ACTOR,8
I Hate Luv Storys,MOVIE,2010,129,comedy,IN,5.6,8263.0,5.226,6.0,Imran Khan,ACTOR,24
Luck by Chance,MOVIE,2009,155,romance,IN,7.1,10504.0,4.891,6.521,Farhan Akhtar,ACTOR,9
Chhota Bheem,SHOW,2008,22,action,IN,4.4,995.0,4.621,6.1,Sonal Kaushal,ACTOR,91
Naruto Shippuden the Movie: Bonds,MOVIE,2008,90,animation,JP,6.8,4798.0,50.282,7.265,Junko Takeuchi,ACTOR,22
Naruto Shippuden the Movie: The Will of Fire,MOVIE,2009,95,fantasy,JP,7.0,3928.0,39.327,7.264,Junko Takeuchi,ACTOR,92
Barbershop 2: Back in Business,MOVIE,2004,106,comedy,US,5.7,15375.0,15.921,5.819,Ice Cube,ACTOR,4
Legend of the Fist: The Return of Chen Zhen,MOVIE,2010,113,thriller,HK,6.3,10383.0,13.434,6.7,Donnie Yen,ACTOR,-1
Main Hoon Na,MOVIE,2004,179,drama,IN,7.0,37237.0,12.458,6.9,Shah Rukh Khan,ACTOR,8
Bon Cop Bad Cop,MOVIE,2006,116,comedy,CA,6.5,61.0,7.767,6.4,Patrick Huard,ACTOR,74
Look for a Star,MOVIE,2009,117,drama,HK,5.6,754.0,4.591,4.778,Andy Lau,ACTOR,78
A Romantic Comedy,MOVIE,2010,95,comedy,TR,5.3,5205.0,2.964,4.655,Sinem Kobal,ACTOR,52
Vientos de agua,SHOW,2006,72,drama,AR,8.7,1109.0,2.454,8.8,Caterina Murino,ACTOR,42
Naruto the Movie: Ninja Clash in the Land of Snow,MOVIE,2004,113,comedy,JP,6.6,7244.0,32.142,7.2,Junko Takeuchi,ACTOR,93
The Qin Empire,SHOW,2009,46,war,CN,6.540941965073206,21150.29081903414,18.182,8.6,Zhang Bo,ACTOR,-1
Fated to Love You,SHOW,2008,67,drama,TW,7.4,510.0,16.052,6.833,Ethan Juan,ACTOR,69
Lakshya,MOVIE,2004,186,drama,IN,7.8,23994.0,8.126,6.5,Hrithik Roshan,ACTOR,8
Kaal,MOVIE,2005,126,thriller,IN,4.7,5582.0,8.081,4.2,Ajay Devgn,ACTOR,13
This Is the Life,MOVIE,2008,97,music,US,6.8,272.0,2.15,7.4,Abstract Rude,ACTOR,94
Sir! No Sir!,MOVIE,2009,85,war,US,7.6,805.0,1.719,6.885,Troy Garity,ACTOR,-1
Here Comes the Rain,MOVIE,2010,100,drama,LB,6.5,70.0,1.263,6.633193712829227,Hassan Mrad,ACTOR,21
Inuyasha the Movie: Affections Touching Across Time,MOVIE,2005,88,animation,JP,7.2,2675.0,30.593,7.7,Houko Kuwashima,ACTOR,22
Inuyasha the Movie 4: Fire on the Mystic Island,MOVIE,2004,88,fantasy,JP,7.2,1898.0,28.915,7.6,Kappei Yamaguchi,ACTOR,92
Arahan,MOVIE,2004,114,comedy,KR,6.6,3910.0,12.421,6.6,Ryoo Seung-bum,ACTOR,95
Waist Deep,MOVIE,2006,97,drama,US,5.8,10240.0,10.152,6.579,Tyrese Gibson,ACTOR,1
Connected,MOVIE,2008,110,thriller,CN,6.6,2386.0,8.313,6.365,Louis Koo,ACTOR,-1
Karthik Calling Karthik,MOVIE,2010,135,thriller,IN,7.1,12571.0,5.094,6.116,Farhan Akhtar,ACTOR,13
Dhan Dhana Dhan Goal,MOVIE,2007,167,drama,IN,5.1,2727.0,4.684,5.12,John Abraham,ACTOR,8
The Prince Who Turns into a Frog,SHOW,2005,44,drama,TW,6.8,148.0,3.837,5.8,Yuke Songpaisarn,ACTOR,69
Peepli Live,MOVIE,2010,104,drama,IN,7.4,12464.0,3.791,7.259,Omkar Das Manikpuri,ACTOR,8
Life in a Metro,MOVIE,2007,124,drama,IN,7.4,12291.0,3.68,6.373,Irrfan Khan,ACTOR,8
Monty Python's Personal Best,SHOW,2006,56,animation,US,7.9,455.0,1.764,5.0,Graham Chapman,ACTOR,32
The Kite,MOVIE,2004,80,drama,FR,6.4,762.0,1.499,5.2,Flavia Bechara,ACTOR,96
Rabun,MOVIE,2004,90,drama,MY,7.6,90.0,0.631,7.0,Kartina Aziz,ACTOR,97
Inuyasha the Movie 3: Swords of an Honorable Ruler,MOVIE,2003,99,fantasy,JP,7.6,2284.0,38.334,7.8,Kappei Yamaguchi,ACTOR,92
Inuyasha the Movie 2: The Castle Beyond the Looking Glass,MOVIE,2002,100,animation,JP,7.3,2213.0,22.493,7.7,Kappei Yamaguchi,ACTOR,22
Twins Mission,MOVIE,2007,99,action,HK,5.2,717.0,12.179,5.143,Charlene Choi,ACTOR,-1
Kaminey,MOVIE,2009,135,drama,IN,7.4,17495.0,6.737,6.807,Shahid Kapoor,ACTOR,8
Love in a Puff,MOVIE,2010,104,comedy,HK,7.1,2746.0,4.22,6.953,Shawn Yue,ACTOR,85
Jeff Dunham: Arguing with Myself,MOVIE,2006,71,comedy,US,8.0,4053.0,4.161,6.6,Jeff Dunham,ACTOR,4
Jeff Dunham's Very Special Christmas Special,MOVIE,2008,86,comedy,US,7.4,3099.0,3.936,6.7,Jeff Dunham,ACTOR,4
Under the Bombs,MOVIE,2008,98,drama,FR,7.0,1699.0,3.37,6.7,Nada Abu Fahrat,ACTOR,96
Pomegranates and Myrrh,MOVIE,2009,95,drama,DE,6.3,268.0,2.736,5.2,Yasmine Al Massri,ACTOR,47
Tito,MOVIE,2004,120,documentation,EG,7.2,3357.0,2.559,7.611,Josip Broz Tito,ACTOR,-1
A Love Story,MOVIE,2007,117,romance,PH,6.5,150.0,1.41,4.6,Maricel Soriano,ACTOR,98
Naruto Shippuden the Movie,MOVIE,2007,94,animation,JP,6.7,4321.0,90.637,7.371,Junko Takeuchi,ACTOR,22
Naruto Shippuden the Movie: The Lost Tower,MOVIE,2010,85,action,JP,6.8,3894.0,56.223,7.036,Junko Takeuchi,ACTOR,81
Zig and Sharko,SHOW,2010,7,comedy,FR,6.8,742.0,45.353,5.6,Unknown,Unknown,40
One Piece: The Desert Princess and the Pirates: Adventure in Alabasta,MOVIE,2007,90,comedy,JP,6.8,1810.0,23.119,6.835,Mayumi Tanaka,ACTOR,93
"One Piece: Episode of Chopper Plus: Bloom in the Winter, Miracle Cherry Blossom",MOVIE,2008,95,comedy,JP,6.9,1345.0,20.438,7.149,Mayumi Tanaka,ACTOR,93
The Mafia Dolls,SHOW,2009,43,drama,CO,6.5,322.0,20.085,7.446,Andrea Gómez,ACTOR,49
The Magic Roundabout,MOVIE,2004,85,animation,FR,5.2,3516.0,13.691,5.3,Robbie Williams,ACTOR,-1
Kung Fu Panda Awesome Secrets,SHOW,2008,0,action,US,7.0,101.0,13.563,10.0,Angelina Jolie,ACTOR,30
Sivaji: The Boss,MOVIE,2007,188,action,IN,7.5,20417.0,10.529,7.1,Rajinikanth,ACTOR,14
Welcome,MOVIE,2007,160,drama,IN,7.0,23565.0,10.326,6.861,Akshay Kumar,ACTOR,8
The Unjust,MOVIE,2010,119,thriller,KR,6.6,2349.0,9.543,6.4,Hwang Jung-min,ACTOR,99
Oscar's Oasis 2,SHOW,2010,10,animation,FR,7.4,638.0,8.109,7.6,Jang Dong-yoon,ACTOR,100
Eternal Summer,MOVIE,2006,96,drama,TW,7.0,2911.0,8.028,5.727,Ray Chang,ACTOR,101
DreamWorks Shrek's Swamp Stories,SHOW,2010,24,animation,US,6.5,427.0,7.606,8.3,Mike Myers,ACTOR,32
Vizontele,MOVIE,2001,66,comedy,TR,8.0,37381.0,6.165,7.217,Yılmaz Erdoğan,ACTOR,52
Chup Chup Ke,MOVIE,2006,165,comedy,IN,6.9,11508.0,5.98,6.062,Shahid Kapoor,ACTOR,24
Awara Paagal Deewana,MOVIE,2002,169,action,IN,6.2,8682.0,5.816,5.5,Akshay Kumar,ACTOR,14
Udaan,MOVIE,2010,137,drama,IN,8.1,45600.0,5.695,7.211,Ronit Roy,ACTOR,8
Kannathil Muthamittal,MOVIE,2002,137,drama,IN,8.4,8775.0,5.018,7.6,R. Madhavan,ACTOR,8
Africa United,MOVIE,2010,88,comedy,ZA,6.5,1494.0,4.68,6.5,Olaf de Fleur Johannesson,DIRECTOR,102
Delhi-6,MOVIE,2009,141,drama,IN,6.1,8013.0,4.309,5.81,Abhishek Bachchan,ACTOR,8
Honeymoon Travels Pvt. Ltd.,MOVIE,2007,118,comedy,IN,6.1,2741.0,4.177,5.273,Shabana Azmi,ACTOR,24
Monty Python: Almost the Truth (The Lawyer's Cut),SHOW,2009,55,documentation,US,8.1,1822.0,4.112,7.88,Graham Chapman,ACTOR,0
Anbe Sivam,MOVIE,2003,160,comedy,IN,8.6,23773.0,4.005,7.427,Kamal Haasan,ACTOR,24
We Are Family,MOVIE,2010,115,drama,IN,5.6,3264.0,4.003,5.9,Arjun Rampal,ACTOR,8
Divine Intervention,MOVIE,2002,92,drama,MA,6.6,3598.0,3.956,6.4,Elia Suleiman,ACTOR,-1
The Hospital,SHOW,2006,48,drama,TW,7.3,50.0,3.83,2.2,Jerry Yan Cheng-Xu,ACTOR,69
Chhota Bheem Aur Krishna,MOVIE,2008,69,animation,IN,6.6,417.0,3.652,6.8,Arun Shekar,ACTOR,103
The Trailer Park Boys Xmas Special,MOVIE,2004,57,comedy,CA,8.0,3624.0,3.565,7.15,John Paul Tremblay,ACTOR,74
Mukhsin,MOVIE,2007,95,comedy,MY,7.3,423.0,3.5,6.9,Syafie Naswip,ACTOR,104
Taxi No. 9 2 11,MOVIE,2006,116,drama,IN,7.3,10249.0,3.334,6.5,John Abraham,ACTOR,8
Yuva,MOVIE,2004,161,crime,IN,7.3,9068.0,3.212,6.6,Ajay Devgn,ACTOR,12
Ishq Vishk,MOVIE,2003,145,romance,IN,6.1,4375.0,3.14,6.04,Shahid Kapoor,ACTOR,9
Booha,MOVIE,2005,106,comedy,EG,5.5,1236.0,3.115,5.0,Mohamed Saad,ACTOR,105
Do Dooni Chaar,MOVIE,2010,146,drama,IN,7.5,5721.0,3.081,6.619,Rishi Kapoor,ACTOR,8
Anukokunda Oka Roju,MOVIE,2005,145,thriller,IN,7.9,1743.0,3.013,5.5,Charmy Kaur,ACTOR,13
George Lopez: Why You Crying?,MOVIE,2005,79,comedy,US,6.8,90.0,2.879,10.0,George Lopez,ACTOR,4
Talentime,MOVIE,2009,120,drama,MY,7.5,226.0,2.86,4.8,Ida Nerina,ACTOR,97
A Lion in the House,MOVIE,2006,225,documentation,US,8.7,338.0,2.821,6.5,Justin Ashcraft,ACTOR,66
The Hostage,MOVIE,2006,94,drama,EG,6.1,1544.0,2.726,7.1,Ahmed Ezz,ACTOR,7
Taimour & Shafi'aa,MOVIE,2007,99,action,EG,5.8,1176.0,2.725,6.4,Ahmed El Sakka,ACTOR,-1
Ezra,MOVIE,2008,105,drama,US,6.4,279.0,2.718,5.7,Merveille Lukeba,ACTOR,1
Spookley the Square Pumpkin,MOVIE,2004,47,animation,US,6.540941965073206,21150.29081903414,2.704,4.7,Sonja Ball,ACTOR,71
Parugu,MOVIE,2008,173,action,IN,7.1,3237.0,2.677,5.472,Allu Arjun,ACTOR,14
Katkout,MOVIE,2006,125,comedy,EG,4.8,1038.0,2.661,4.1,Mohamed Saad,ACTOR,105
Soldier In the Camp,MOVIE,2004,109,comedy,EG,5.2,1146.0,2.616,6.0,Mohamed Henedi,ACTOR,105
The Ghost,MOVIE,2007,91,action,EG,6.5,1028.0,2.539,6.6,Ahmed Ezz,ACTOR,-1
Kuselan,MOVIE,2008,160,drama,IN,4.8,1082.0,2.501,6.2,Rajinikanth,ACTOR,8
Zozo,MOVIE,2005,105,drama,SE,6.5,3274.0,2.447,5.935,Imad Creidi,ACTOR,-1
A Natural Born Fool,MOVIE,2005,90,comedy,EG,6.2,1395.0,2.42,6.4,Hani Ramzy,ACTOR,105
The Ultimatum,SHOW,2009,44,drama,SG,5.4,6.0,2.411,2.0,Zoe Tay,ACTOR,106
My Amnesia Girl,MOVIE,2010,110,comedy,PH,6.6,448.0,2.405,6.4,John Lloyd Cruz,ACTOR,107
Private Alexandria,MOVIE,2005,95,thriller,EG,7.1,1750.0,2.401,6.9,Ahmed Ezz,ACTOR,108
Transit Prisoner,MOVIE,2008,120,thriller,EG,6.4,1243.0,2.371,6.75,Ahmed Ezz,ACTOR,108
Italia's War,MOVIE,2005,113,thriller,EG,6.2,1795.0,2.37,6.8,Ahmed El Sakka,ACTOR,108
Te quiero,MOVIE,2001,85,drama,FR,5.0,78.0,2.323,4.0,Quim Gutiérrez,ACTOR,96
The Great Fava Beans of China,MOVIE,2004,105,comedy,EG,6.3,2214.0,2.294,6.6,Mohamed Henedi,ACTOR,105
Soul boy,MOVIE,2010,61,drama,KE,6.7,404.0,2.285,6.6,Samson Odhiambo,ACTOR,-1
About Love and Passion,MOVIE,2006,103,romance,EG,5.8,791.0,2.275,5.5,Ahmed El Sakka,ACTOR,109
Breakout,SHOW,2010,44,drama,SG,6.7,8.0,2.268,6.633193712829227,Jeanette Aw,ACTOR,106
A Very Special Love,MOVIE,2008,105,drama,PH,6.5,402.0,2.233,7.3,Sarah Geronimo,ACTOR,110
Splatter,MOVIE,2009,29,horror,US,6.540941965073206,21150.29081903414,2.226,3.4,Corey Feldman,ACTOR,31
Frank & Cindy,MOVIE,2007,73,documentation,US,6.9,367.0,2.192,7.0,Cynthia Brown,ACTOR,66
Thomas & Friends: Thomas and the Jet Engine,MOVIE,2004,67,animation,,6.540941965073206,21150.29081903414,2.001,8.0,Michael Angelis,ACTOR,111
The Island,MOVIE,2007,143,drama,EG,7.8,3681.0,1.951,6.82,Ahmed El Sakka,ACTOR,7
Bosta,MOVIE,2006,112,war,LB,6.4,614.0,1.849,6.0,Rodney El Haddad,ACTOR,-1
Bheem vs Aliens,MOVIE,2010,69,animation,,7.5,52.0,1.84,7.0,Unknown,Unknown,111
Pecados capitales,SHOW,2002,0,romance,CO,8.5,201.0,1.791,6.633193712829227,Unknown,Unknown,-1
Like Twenty Impossibles,MOVIE,2003,16,drama,PS,6.540941965073206,21150.29081903414,1.733,4.8,Reem Abu-Sbaih,ACTOR,86
Pink Zone,SHOW,2007,15,romance,CO,6.2,5.0,1.571,10.0,Ray Contreras,ACTOR,-1
To and from New York,MOVIE,2006,82,drama,US,6.540941965073206,21150.29081903414,1.57,5.8,Yoriko Haraguchi,ACTOR,1
Chhota Bheem & Krishna: Pataliputra- City of the Dead,MOVIE,2009,65,animation,IN,8.6,14.0,1.504,10.0,Unknown,Unknown,103
Thieves in Thailand,MOVIE,2003,105,comedy,EG,6.540941965073206,21150.29081903414,1.501,6.6,Karim Abdel Aziz,ACTOR,105
Frontiers of Dreams and Fears,MOVIE,2001,56,documentation,PS,8.3,59.0,1.407,8.0,Manar Faraj,ACTOR,-1
Encrypted Letter,MOVIE,2008,88,comedy,EG,5.9,413.0,1.358,6.8,Ahmad Fahmy,ACTOR,105
Conning 101,MOVIE,2004,80,comedy,EG,6.540941965073206,21150.29081903414,1.231,4.7,Ahmed Ezz,ACTOR,105
Unriddle,SHOW,2010,44,action,SG,8.0,25.0,1.176,6.633193712829227,Rui En,ACTOR,-1
Auntie Faransa,MOVIE,2004,100,comedy,EG,6.540941965073206,21150.29081903414,0.721,5.143,Abla Kamel,ACTOR,105
Pravarakyudu,MOVIE,2009,153,family,IN,5.7,77.0,0.6,6.0,Unknown,Unknown,25
Wedding Planner,SHOW,2002,30,drama,CA,6.540941965073206,21150.29081903414,19.267195915153582,6.633193712829227,Unknown,Unknown,56
Lion & Four Cats,MOVIE,2008,105,comedy,EG,3.6,492.0,19.267195915153582,6.633193712829227,Unknown,Unknown,105
Khawatir,SHOW,2005,19,reality,,9.5,3207.0,19.267195915153582,6.633193712829227,Unknown,Unknown,112
Shameless,SHOW,2011,54,drama,US,8.6,248907.0,395.633,8.144,William H. Macy,ACTOR,39
Black Mirror,SHOW,2011,59,scifi,GB,8.8,560631.0,91.09,8.307,Unknown,Unknown,113
Call the Midwife,SHOW,2012,57,drama,GB,8.6,28078.0,47.8,7.376,Vanessa Redgrave,ACTOR,114
The Hunger Games,MOVIE,2012,142,scifi,US,7.2,930840.0,38.595,7.188,Jennifer Lawrence,ACTOR,29
New Girl,SHOW,2011,21,comedy,US,7.8,229926.0,122.439,7.345,Zooey Deschanel,ACTOR,16
Arrow,SHOW,2012,42,drama,US,7.5,435150.0,239.754,6.8,Stephen Amell,ACTOR,39
Skyfall,MOVIE,2012,143,action,US,7.8,704692.0,46.095,7.219,Daniel Craig,ACTOR,17
Key & Peele,SHOW,2012,22,comedy,US,8.3,23166.0,15.255,7.609,Keegan-Michael Key,ACTOR,16
Longmire,SHOW,2012,53,western,US,8.3,36835.0,32.648,7.748,Robert Taylor,ACTOR,-1
21 Jump Street,MOVIE,2012,109,comedy,US,7.2,568067.0,32.742,6.869,Jonah Hill,ACTOR,4
Hunter x Hunter,SHOW,2011,23,action,JP,9.0,106715.0,165.396,8.661,Megumi Han,ACTOR,27
This Is 40,MOVIE,2012,134,comedy,US,6.2,144697.0,19.216,5.8,Paul Rudd,ACTOR,4
The Legend of Korra,SHOW,2012,23,scifi,US,8.4,124910.0,65.345,8.264,Janet Varney,ACTOR,36
The Mindy Project,SHOW,2012,22,comedy,US,7.5,33349.0,24.78,6.181,Mindy Kaling,ACTOR,16
Les Misérables,MOVIE,2012,157,drama,GB,7.5,334080.0,20.721,7.345,Hugh Jackman,ACTOR,34
Teenage Mutant Ninja Turtles,SHOW,2012,24,action,US,7.9,11964.0,55.722,8.269,Seth Green,ACTOR,30
Last Tango in Halifax,SHOW,2012,59,drama,GB,8.4,7694.0,8.788,7.2,Anne Reid,ACTOR,114
The Hangover Part II,MOVIE,2011,102,comedy,US,6.5,508361.0,73.582,6.46,Bradley Cooper,ACTOR,4
Rango,MOVIE,2011,107,comedy,US,7.2,272942.0,49.635,6.805,Johnny Depp,ACTOR,4
JoJo's Bizarre Adventure,SHOW,2012,24,animation,JP,8.5,26839.0,236.02,8.658,Fairouz Ai,ACTOR,33
Sword Art Online,SHOW,2012,23,scifi,JP,7.5,47535.0,96.576,8.247,Ai Kayano,ACTOR,28
Junior Bake Off,SHOW,2011,42,reality,GB,7.7,226.0,5.846,6.0,Ravneet Gill,ACTOR,55
La Reina del Sur,SHOW,2011,42,drama,US,8.0,2445.0,300.598,7.833,Kate del Castillo,ACTOR,39
Lilyhammer,SHOW,2012,45,drama,NO,7.9,30686.0,24.278,7.4,Steven Van Zandt,ACTOR,-1
Ninjago: Masters of Spinjitzu,SHOW,2012,18,action,US,7.4,5649.0,154.778,7.815,Michael Adamthwaite,ACTOR,30
Comedians in Cars Getting Coffee,SHOW,2012,17,comedy,US,8.0,13013.0,11.901,7.149,Jerry Seinfeld,ACTOR,16
Top Boy,SHOW,2011,48,drama,GB,8.4,27390.0,13.295,7.259,Ashley Walters,ACTOR,114
Rita,SHOW,2012,40,drama,DK,8.1,8718.0,13.529,7.569,Mille Dinesen,ACTOR,60
Semi Sweet,MOVIE,2012,107,romance,ZA,7.0,515.0,2.285,4.5,Anel Alexander,ACTOR,-1
Savages,MOVIE,2012,131,thriller,US,6.4,131741.0,16.296,6.347,Taylor Kitsch,ACTOR,19
Office Girls,SHOW,2011,45,comedy,TW,6.8,169.0,6.894,7.3,Tia Li,ACTOR,115
Man on a Ledge,MOVIE,2012,103,action,US,6.6,154654.0,25.553,6.4,Sam Worthington,ACTOR,17
Unknown,MOVIE,2011,113,thriller,GB,6.8,264109.0,52.075,6.7,Liam Neeson,ACTOR,116
Eega,MOVIE,2012,145,action,IN,7.8,23242.0,12.68,7.0,Nani,ACTOR,14
Transformers: Dark of the Moon,MOVIE,2011,154,action,US,6.2,414536.0,20.674,6.166,Shia LaBeouf,ACTOR,17
Silenced,MOVIE,2011,125,drama,KR,8.0,18468.0,28.115,8.1,Gong Yoo,ACTOR,117
Resident Evil: Retribution,MOVIE,2012,96,horror,US,5.3,144973.0,4.855,5.8,Milla Jovovich,ACTOR,31
The Lifeguard,MOVIE,2011,64,documentation,CL,7.1,129.0,1.822,6.3,Maite Alberdi,DIRECTOR,-1
MeatEater,SHOW,2012,22,documentation,US,7.6,1573.0,6.51,8.3,Steven Rinella,ACTOR,0
TIGER & BUNNY,SHOW,2011,25,scifi,JP,7.2,1131.0,20.831,6.9,Hiroaki Hirata,ACTOR,28
30 Minutes or Less,MOVIE,2011,83,action,DE,6.1,103254.0,30.758,5.726,Jesse Eisenberg,ACTOR,-1
Transformers: Rescue Bots,SHOW,2012,22,scifi,US,6.6,984.0,10.821,7.771,Elan Garfias,ACTOR,36
Michael: Tuesdays and Thursdays,SHOW,2011,22,comedy,CA,6.6,508.0,6.92,7.5,Bob Martin,ACTOR,59
Blue Exorcist,SHOW,2011,24,action,JP,7.4,13844.0,59.969,8.019,Jun Fukuyama,ACTOR,27
LOL,MOVIE,2012,97,drama,US,4.3,56874.0,16.523,6.127,Miley Cyrus,ACTOR,1
Last Flight to Abuja,MOVIE,2012,81,action,NG,4.4,372.0,2.551,3.5,Hakeem Kae-Kazim,ACTOR,-1
EastSiders,SHOW,2012,23,drama,US,6.9,2921.0,10.147,6.636,Van Hansis,ACTOR,39
Sebastian Maniscalco: What's Wrong with People?,MOVIE,2012,75,comedy,US,8.0,1358.0,4.397,7.619,Sebastian Maniscalco,ACTOR,4
Cuckoo,SHOW,2012,27,comedy,GB,5.9,20.0,12.044,7.0,Greg Davies,ACTOR,5
Kuroko's Basketball,SHOW,2012,24,comedy,JP,8.3,9610.0,62.987,8.6,Kensho Ono,ACTOR,63
Spy Kids: All the Time in the World,MOVIE,2011,89,action,US,3.5,26388.0,25.455,4.716,Jessica Alba,ACTOR,17
Players,MOVIE,2012,165,thriller,IN,4.2,4696.0,5.389,5.273,Abhishek Bachchan,ACTOR,13
Rurouni Kenshin Part I: Origins,MOVIE,2012,134,history,JP,7.4,27232.0,23.489,7.6,Takeru Satoh,ACTOR,-1
El Reemplazante,SHOW,2012,43,drama,CL,8.5,831.0,3.146,7.9,Iván Álvarez de Araya,ACTOR,-1
Nairobi Half Life,MOVIE,2012,96,drama,DE,7.4,988.0,1.935,6.7,Joseph Wairimu,ACTOR,47
Takki,SHOW,2012,16,drama,SA,6.6,305.0,2.702,8.0,Reem AlHabib,ACTOR,118
Barfi!,MOVIE,2012,151,drama,IN,8.1,83373.0,9.987,7.47,Ranbir Kapoor,ACTOR,8
Inventing David Geffen,MOVIE,2012,120,documentation,,6.540941965073206,21150.29081903414,1.162,7.8,David Geffen,ACTOR,84
Bbuddah Hoga Terra Baap,MOVIE,2011,118,thriller,IN,5.6,2966.0,3.273,5.2,Amitabh Bachchan,ACTOR,13
The Ultimate Braai Master,SHOW,2012,45,reality,ZA,7.9,43.0,2.219,6.633193712829227,Unknown,Unknown,-1
Pablo Escobar: The Drug Lord,SHOW,2012,44,drama,CO,8.4,5325.0,210.759,7.587,Andrés Parra,ACTOR,49
Zindagi Na Milegi Dobara,MOVIE,2011,154,drama,IN,8.2,80288.0,9.885,7.511,Hrithik Roshan,ACTOR,8
Inborn Pair,SHOW,2011,43,comedy,TW,6.9,117.0,4.375,1.0,Annie Chen,ACTOR,115
Rowdy Rathore,MOVIE,2012,143,comedy,IN,5.8,22988.0,7.454,6.1,Akshay Kumar,ACTOR,24
LEGO Friends,SHOW,2012,16,animation,US,8.2,23.0,4.666,5.7,Unknown,Unknown,32
Magi,SHOW,2012,24,action,JP,7.8,4294.0,33.385,8.652,Kaori Ishihara,ACTOR,27
Big Time Movie,MOVIE,2012,68,comedy,US,6.2,2076.0,8.926,7.7,Kendall Schmidt,ACTOR,4
My Suicide,MOVIE,2011,107,comedy,US,7.0,2166.0,2.948,6.071,Gabriel Sunday,ACTOR,4
Even the Rain,MOVIE,2011,104,drama,MX,7.4,13818.0,6.934,6.899,Luis Tosar,ACTOR,70
Mumbai Diaries,MOVIE,2011,100,drama,IN,7.0,13406.0,4.172,6.514,Aamir Khan,ACTOR,8
Jim Gaffigan: Mr. Universe,MOVIE,2012,77,comedy,US,7.7,3601.0,3.524,6.9,Jim Gaffigan,ACTOR,4
Elena,MOVIE,2012,82,drama,BR,7.6,1823.0,7.826,7.3,Li An,ACTOR,119
The Great Magician,MOVIE,2011,128,drama,HK,5.9,1859.0,6.174,6.176,Tony Leung Chiu-wai,ACTOR,78
Kath & Kimderella,MOVIE,2012,86,comedy,AU,5.3,1429.0,2.64,4.8,Jane Turner,ACTOR,88
Drunken to Love You,SHOW,2011,46,comedy,TW,6.5,114.0,5.842,8.0,Rainie Yang,ACTOR,115
One Piece Film: Z,MOVIE,2012,108,animation,JP,7.8,8017.0,34.894,7.534,Mayumi Tanaka,ACTOR,22
Aiyyaa,MOVIE,2012,146,romance,IN,4.4,1939.0,2.846,5.1,Rani Mukerji,ACTOR,9
John Mulaney: New in Town,MOVIE,2012,58,comedy,US,8.2,6907.0,7.991,8.1,John Mulaney,ACTOR,4
Jeff Dunham: Controlled Chaos,MOVIE,2011,63,comedy,US,7.4,2349.0,3.672,6.375,Jeff Dunham,ACTOR,4
Barbie: Life in the Dreamhouse,SHOW,2012,7,animation,US,7.4,2139.0,22.899,7.424,Kate Higgins,ACTOR,32
Question Mark,MOVIE,2011,102,drama,ID,7.0,275.0,1.698,6.0,Agus Kuncoro,ACTOR,120
Jeff Dunham: Minding the Monsters,MOVIE,2012,80,comedy,US,7.0,1462.0,3.189,6.18,Jeff Dunham,ACTOR,4
Naruto Shippuden the Movie: Blood Prison,MOVIE,2011,108,thriller,JP,7.1,5356.0,71.739,7.326,Junko Takeuchi,ACTOR,-1
Meet the Adebanjos,SHOW,2012,25,comedy,GB,7.6,94.0,3.113,6.633193712829227,Unknown,Unknown,5
LEGO City,SHOW,2011,3,animation,IS,5.0,37.0,3.839,5.0,Unknown,Unknown,-1
Don 2,MOVIE,2011,139,thriller,DE,7.0,54790.0,7.322,6.982,Shah Rukh Khan,ACTOR,62
Paan Singh Tomar,MOVIE,2012,135,drama,IN,8.2,36834.0,6.557,7.228,Irrfan Khan,ACTOR,8
Chillar Party,MOVIE,2011,140,drama,IN,7.5,8114.0,4.36,7.0,Irfan Khan,ACTOR,8
Phone Swap,MOVIE,2012,111,comedy,NG,6.4,182.0,3.114,4.6,Wale Ojo,ACTOR,121
Undefeated,MOVIE,2012,113,documentation,US,7.7,7166.0,6.31,7.6,O.C. Brown,ACTOR,66
7 Khoon Maaf,MOVIE,2011,137,drama,IN,6.3,6161.0,5.217,6.354,Priyanka Chopra Jonas,ACTOR,8
Talaash,MOVIE,2012,131,drama,IN,7.2,43235.0,7.65,6.76,Aamir Khan,ACTOR,8
Pyaar Ka Punchnama,MOVIE,2011,149,drama,IN,7.6,21972.0,6.527,6.9,Kartik Aaryan,ACTOR,8
Don't Go Breaking My Heart,MOVIE,2011,115,comedy,HK,6.5,1869.0,4.181,6.5,Louis Koo,ACTOR,85
A Beautiful Life,MOVIE,2011,122,drama,CN,6.7,927.0,3.007,6.15,Liu Ye,ACTOR,61
Shaitan,MOVIE,2011,126,drama,IN,7.2,8607.0,2.916,6.288,Rajeev Khandelwal,ACTOR,8
Outback Truckers,SHOW,2012,44,reality,AU,7.4,264.0,7.967,7.111,Luke Hewitt,ACTOR,122
Game,MOVIE,2011,135,thriller,IN,5.2,2441.0,3.975,5.304,Abhishek Bachchan,ACTOR,13
Blood Money,MOVIE,2012,110,drama,IN,4.8,1121.0,12.021,6.1,Kunal Khemu,ACTOR,8
Delhi Belly,MOVIE,2011,101,action,IN,7.5,30694.0,8.031,6.903,Imran Khan,ACTOR,14
Masha's tales,SHOW,2012,6,animation,RU,6.3,100.0,7.983,5.333,Alina Kukushkina,ACTOR,-1
Ek Main Aur Ekk Tu,MOVIE,2012,110,drama,IN,5.8,6974.0,3.385,5.616,Imran Khan,ACTOR,8
Ferrari Ki Sawaari,MOVIE,2012,140,comedy,IN,6.4,5608.0,2.615,6.196,Sharman Joshi,ACTOR,24
Bwakaw,MOVIE,2012,104,comedy,PH,7.2,321.0,2.1,6.3,Eddie Garcia,ACTOR,107
Little Baby Bum,SHOW,2011,6,music,GB,6.4,108.0,0.879,10.0,Unknown,Unknown,-1
OMG: Oh My God!,MOVIE,2012,125,drama,IN,8.1,60153.0,8.305,7.3,Paresh Rawal,ACTOR,8
"Love, Now",SHOW,2012,45,drama,TW,7.4,132.0,1.389,6.7,Annie Chen,ACTOR,69
Robocar Poli,SHOW,2011,14,animation,KR,6.0,134.0,16.782,6.25,Jun-Young Um,DIRECTOR,89
No One Killed Jessica,MOVIE,2011,136,crime,IN,7.2,11990.0,5.382,6.731,Rani Mukerji,ACTOR,12
Justin Time,SHOW,2011,16,action,CA,5.9,16.0,5.191,6.5,Drew Davis,ACTOR,123
No Other Woman,MOVIE,2011,104,drama,PH,6.1,325.0,1.944,3.5,Anne Curtis,ACTOR,110
Larva,SHOW,2011,2,comedy,KR,7.1,696.0,22.066,7.375,Maeng Joo-gong,DIRECTOR,72
Smile PreCure!,SHOW,2012,22,action,JP,6.2,433.0,14.311,7.25,Misato Fukuen,ACTOR,27
Tiger & Bunny: The Beginning,MOVIE,2012,88,scifi,JP,6.6,299.0,6.938,6.4,Hiroaki Hirata,ACTOR,124
Inside West Coast Customs,SHOW,2011,43,reality,US,7.2,47.0,5.704,8.25,Unknown,Unknown,26
The Glamorous Imperial Concubine,SHOW,2011,47,drama,CN,6.9,174.0,4.848,7.0,Lin Xinru,ACTOR,125
"All's Well, Ends Well",MOVIE,2012,118,comedy,HK,5.0,351.0,4.8,4.611,Donnie Yen,ACTOR,85
The In-Laws,SHOW,2011,44,family,SG,6.540941965073206,21150.29081903414,3.764,6.633193712829227,Louise Lee,ACTOR,-1
What About Dick?,MOVIE,2012,80,comedy,US,6.540941965073206,21150.29081903414,3.593,7.4,Eddie Izzard,ACTOR,4
The Mistress,MOVIE,2012,125,romance,PH,6.4,377.0,3.379,5.9,Bea Alonzo,ACTOR,98
The Cousins,MOVIE,2012,90,comedy,EG,6.1,988.0,3.307,5.5,Ahmad Fahmy,ACTOR,105
The Deal,MOVIE,2012,115,action,EG,7.0,2502.0,3.097,6.9,Ahmed El Sakka,ACTOR,-1
Sisterakas,MOVIE,2012,110,drama,PH,5.1,304.0,3.041,4.8,Vice Ganda,ACTOR,110
Asmaa,MOVIE,2011,96,drama,EG,8.1,4635.0,2.999,8.3,Hend Sabry,ACTOR,7
19-2,SHOW,2011,43,action,CA,8.6,1425.0,2.964,8.7,Claude Legault,ACTOR,123
Tom Papa: Live in New York City,MOVIE,2011,57,comedy,US,7.2,542.0,2.93,6.2,Tom Papa,ACTOR,4
"Darling, Something's Wrong with Your Head",MOVIE,2012,78,drama,US,6.7,145.0,2.747,5.0,Maisa Abd Elhadi,ACTOR,1
Chhota Bheem & Krishna in Mayanagari,MOVIE,2011,66,animation,IN,8.3,57.0,2.645,6.1,Chhota Bheem,ACTOR,103
Toll Booth,MOVIE,2011,97,drama,TR,6.4,4353.0,2.374,6.4,Serkan Ercan,ACTOR,126
Department,MOVIE,2012,141,thriller,IN,3.2,1091.0,2.142,6.333,Amitabh Bachchan,ACTOR,13
Yours Fatefully,SHOW,2012,44,drama,SG,6.7,17.0,2.077,6.0,Kingone Wang,ACTOR,106
Sri Rama Rajyam,MOVIE,2011,150,fantasy,IN,6.8,1066.0,1.974,6.0,Nandamuri Balakrishna,ACTOR,11
Material,MOVIE,2012,94,comedy,ZA,7.1,1023.0,1.763,5.6,Riaad Moosa,ACTOR,102
Taxi Ballad,MOVIE,2012,93,drama,LB,6.540941965073206,21150.29081903414,1.549,6.633193712829227,Hiam Abou Chedid,ACTOR,21
Chhota Bheem: Journey to Petra,MOVIE,2011,67,animation,IN,6.540941965073206,21150.29081903414,1.54,6.633193712829227,Unknown,Unknown,103
The Oath,SHOW,2011,44,drama,SG,7.9,10.0,1.481,6.633193712829227,Jesseca Liu,ACTOR,106
"Chaos, Disorder",MOVIE,2012,76,drama,EG,6.2,109.0,1.471,7.0,Ayten Amer,ACTOR,7
Stray Bullet,MOVIE,2011,76,drama,LB,6.3,385.0,1.4,5.3,Nadine Labaki,ACTOR,21
Shirdi Sai,MOVIE,2012,142,drama,IN,6.7,314.0,1.2,3.0,Nagarjuna Akkineni,ACTOR,8
Tango with Me,MOVIE,2011,104,romance,US,6.3,47.0,1.172,6.633193712829227,Mahmood Ali-Balogun,DIRECTOR,2
Coming Forth by Day,MOVIE,2012,96,drama,EG,6.6,249.0,0.986,5.7,Donia Maher,ACTOR,7
Sleepless Nights,MOVIE,2012,128,documentation,FR,8.1,39.0,0.88,6.633193712829227,Eliane Raheb,DIRECTOR,53
Journey To Grace: The Hansie Cronje Story,MOVIE,2012,123,drama,US,6.540941965073206,21150.29081903414,0.636,6.633193712829227,Unknown,Unknown,1
Dongala Mutha,MOVIE,2011,90,thriller,IN,3.5,231.0,0.6,2.8,Ravi Teja,ACTOR,13
Masameer,SHOW,2011,14,animation,SA,8.2,722.0,19.267195915153582,6.633193712829227,Unknown,Unknown,-1
The Flash,SHOW,2014,42,scifi,US,7.5,351348.0,1078.637,7.803,Grant Gustin,ACTOR,36
The Blacklist,SHOW,2013,43,drama,US,8.0,255144.0,592.555,7.583,James Spader,ACTOR,39
Attack on Titan,SHOW,2013,23,horror,JP,9.0,325381.0,374.764,8.6,Yuki Kaji,ACTOR,-1
Outlander,SHOW,2014,60,drama,US,8.4,163090.0,120.27,8.206,Caitríona Balfe,ACTOR,39
Peaky Blinders,SHOW,2013,58,drama,GB,8.8,567949.0,433.481,8.546,Cillian Murphy,ACTOR,114
Married at First Sight,SHOW,2014,65,reality,US,6.2,2246.0,43.015,5.2,Dr. Joseph Cilona,ACTOR,26
Prisoners,MOVIE,2013,153,drama,US,8.1,732035.0,44.144,8.076,Hugh Jackman,ACTOR,1
World War Z,MOVIE,2013,116,horror,US,7.0,679048.0,86.904,6.802,Brad Pitt,ACTOR,31
This Is Where I Leave You,MOVIE,2014,103,comedy,US,6.6,82325.0,15.368,6.56,Jason Bateman,ACTOR,4
Oblivion,MOVIE,2013,124,action,US,7.0,533544.0,32.005,6.61,Tom Cruise,ACTOR,17
The Imitation Game,MOVIE,2014,113,history,US,8.0,781064.0,61.447,8.01,Benedict Cumberbatch,ACTOR,-1
The 100,SHOW,2014,42,drama,US,7.6,257437.0,243.65,7.916,Eliza Taylor,ACTOR,39
The Hunger Games: Catching Fire,MOVIE,2013,146,action,US,7.5,674427.0,68.422,7.4,Jennifer Lawrence,ACTOR,17
Are You The One?,SHOW,2014,42,reality,US,6.6,2690.0,29.245,6.0,Kamie Crawford,ACTOR,26
The Hunger Games: Mockingjay - Part 1,MOVIE,2014,123,thriller,US,6.6,464196.0,99.744,6.799,Jennifer Lawrence,ACTOR,19
BoJack Horseman,SHOW,2014,26,comedy,US,8.8,164213.0,118.933,8.557,Will Arnett,ACTOR,16
2 Guns,MOVIE,2013,109,comedy,US,6.7,207550.0,35.266,6.5,Denzel Washington,ACTOR,4
House of Cards,SHOW,2013,52,drama,US,8.7,510308.0,70.582,8.063,Kevin Spacey,ACTOR,39
Begin Again,MOVIE,2014,101,music,US,7.4,159516.0,14.417,7.3,Mark Ruffalo,ACTOR,94
How to Get Away with Murder,SHOW,2014,43,drama,US,8.1,155357.0,88.52,7.881,Viola Davis,ACTOR,39
R.I.P.D.,MOVIE,2013,96,comedy,US,5.6,137456.0,50.283,5.8,Jeff Bridges,ACTOR,4
The Originals,SHOW,2013,43,scifi,US,8.3,139044.0,178.434,8.605,Joseph Morgan,ACTOR,36
Paddington,MOVIE,2014,95,comedy,FR,7.3,121328.0,21.821,7.066,Ben Whishaw,ACTOR,127
Orange Is the New Black,SHOW,2013,59,comedy,US,8.1,306873.0,81.095,7.704,Taylor Schilling,ACTOR,16
Rush,MOVIE,2013,123,drama,DE,8.1,486063.0,28.269,7.706,Chris Hemsworth,ACTOR,47
Side Effects,MOVIE,2013,106,thriller,US,7.1,192149.0,10.537,6.58,Rooney Mara,ACTOR,19
Marco Polo,SHOW,2014,55,action,US,8.0,74391.0,21.246,7.343,Lorenzo Richelmy,ACTOR,30
Jane the Virgin,SHOW,2014,42,drama,US,7.8,46286.0,101.338,7.951,Gina Rodriguez,ACTOR,39
The Raid 2,MOVIE,2014,150,thriller,ID,7.9,125656.0,30.758,7.6,Iko Uwais,ACTOR,128
The Hangover Part III,MOVIE,2013,100,comedy,US,5.8,320153.0,66.682,6.216,Bradley Cooper,ACTOR,4
The Interview,MOVIE,2014,112,comedy,US,6.5,338123.0,34.244,6.178,James Franco,ACTOR,4
August: Osage County,MOVIE,2013,121,comedy,US,7.2,92159.0,11.578,6.853,Meryl Streep,ACTOR,4
Dracula Untold,MOVIE,2014,92,drama,US,6.2,199552.0,24.753,6.388,Luke Evans,ACTOR,1
Madam Secretary,SHOW,2014,43,war,US,7.7,24007.0,46.361,6.923,Téa Leoni,ACTOR,129
The Best of Me,MOVIE,2014,117,romance,US,6.6,74182.0,19.266,7.5,Michelle Monaghan,ACTOR,2
Henry Danger,SHOW,2014,24,comedy,US,5.8,6083.0,126.381,8.3,Cooper Barnes,ACTOR,16
Ouija,MOVIE,2014,89,horror,US,4.5,54233.0,32.231,5.2,Olivia Cooke,ACTOR,31
Barefoot,MOVIE,2014,90,romance,US,6.6,24167.0,10.197,6.6,Evan Rachel Wood,ACTOR,2
Sonic Boom,SHOW,2014,11,action,US,6.8,6560.0,33.837,7.5,Roger Craig Smith,ACTOR,30
No Escape,MOVIE,2014,103,thriller,US,5.8,7.0,27.725,6.911,Owen Wilson,ACTOR,19
Endless Love,MOVIE,2014,103,drama,US,6.2,46043.0,14.103,6.902,Alex Pettyfer,ACTOR,1
Frances Ha,MOVIE,2013,86,comedy,US,7.4,86359.0,16.514,7.4,Greta Gerwig,ACTOR,4
Vampire Academy,MOVIE,2014,104,fantasy,US,5.4,55615.0,22.124,6.347,Zoey Deutch,ACTOR,18
Bad Words,MOVIE,2013,88,comedy,US,6.6,52867.0,12.431,6.4,Jason Bateman,ACTOR,4
The Boxtrolls,MOVIE,2014,97,comedy,US,6.8,59218.0,20.55,6.7,Ben Kingsley,ACTOR,4
Zach Stone Is Gonna Be Famous,SHOW,2013,20,comedy,US,8.3,4022.0,3.412,8.5,Bo Burnham,ACTOR,16
The Railway Man,MOVIE,2013,116,history,GB,7.1,41180.0,10.44,6.9,Colin Firth,ACTOR,-1
Silent,MOVIE,2014,3,animation,US,6.540941965073206,21150.29081903414,2.051,6.862,Brandon Oldenburg,DIRECTOR,71
Shtisel,SHOW,2013,49,drama,IL,8.6,7585.0,27.569,8.446,Michael Aloni,ACTOR,-1
Saving My Stupid Youth,SHOW,2014,54,drama,JP,7.3,451.0,5.543,7.8,Ryo Nishikido,ACTOR,57
Walk of Shame,MOVIE,2014,95,comedy,US,6.0,55453.0,16.954,5.971,Elizabeth Banks,ACTOR,4
Jobs,MOVIE,2013,128,history,US,6.0,99833.0,13.356,6.1,Ashton Kutcher,ACTOR,-1
PK,MOVIE,2014,153,scifi,IN,8.1,191272.0,8.038,7.7,Aamir Khan,ACTOR,-1
Haider,MOVIE,2014,150,romance,IN,8.0,55741.0,6.062,7.1,Shahid Kapoor,ACTOR,9
Derek,SHOW,2013,26,comedy,GB,8.1,33776.0,11.366,7.453,Ricky Gervais,ACTOR,5
Beyond the Lights,MOVIE,2014,116,drama,US,6.8,16861.0,8.129,6.9,Gugu Mbatha-Raw,ACTOR,1
Wentworth,SHOW,2013,46,drama,AU,8.6,22886.0,45.657,8.1,Danielle Cormack,ACTOR,41
The Butler,MOVIE,2013,132,drama,US,7.2,116915.0,14.623,7.345,Forest Whitaker,ACTOR,1
The Crime,SHOW,2014,45,crime,PL,6.2,730.0,3.847,5.875,Wojciech Zieliński,ACTOR,130
Big Eyes,MOVIE,2014,106,drama,CA,7.2,54.0,13.525,6.995,Amy Adams,ACTOR,58
Moving Art,SHOW,2014,28,documentation,US,8.6,516.0,2.181,6.3,Unknown,Unknown,0
Sam & Cat,SHOW,2013,24,family,US,5.6,10400.0,22.169,7.765,Jennette McCurdy,ACTOR,37
Philomena,MOVIE,2013,98,drama,GB,7.6,101344.0,8.914,7.374,Judi Dench,ACTOR,34
A Walk Among the Tombstones,MOVIE,2014,113,drama,US,6.5,123477.0,43.38,6.314,Liam Neeson,ACTOR,1
The Irregular at Magic High School,SHOW,2014,23,action,JP,7.1,3656.0,38.752,7.925,Yuichi Nakamura,ACTOR,27
Who Am I,MOVIE,2014,105,thriller,DE,7.5,55044.0,22.682,7.6,Tom Schilling,ACTOR,62
The Seven Deadly Sins,SHOW,2014,24,action,JP,7.9,33572.0,26.909,8.47,Yuki Kaji,ACTOR,27
Metallica: Some Kind of Monster,SHOW,2014,84,western,CA,6.540941965073206,21150.29081903414,0.893,6.633193712829227,Unknown,Unknown,-1
Monty Python: The Meaning of Live,MOVIE,2014,96,comedy,GB,7.6,657.0,2.957,7.4,John Cleese,ACTOR,6
Birth Reborn,MOVIE,2013,91,documentation,BR,7.7,264.0,1.606,6.375,Márcio Garcia,ACTOR,131
Lovesick,SHOW,2014,25,comedy,GB,8.0,21080.0,14.791,7.394,Johnny Flynn,ACTOR,5
Copenhagen,MOVIE,2014,98,drama,US,7.0,13472.0,7.351,6.716,Gethin Anthony,ACTOR,1
Tom Segura: Completely Normal,MOVIE,2014,74,comedy,US,7.7,2781.0,3.574,7.2,Tom Segura,ACTOR,4
Sin Filtro,SHOW,2013,34,drama,CL,6.540941965073206,21150.29081903414,19.267195915153582,6.633193712829227,Unknown,Unknown,-1
Bo Burnham: What.,MOVIE,2013,60,comedy,US,8.3,12375.0,7.552,7.9,Bo Burnham,ACTOR,4
Resurrection: Ertugrul,SHOW,2014,57,action,TR,7.9,37909.0,40.129,7.62,Engin Altan Düzyatan,ACTOR,-1
Eyes of a Thief,MOVIE,2014,98,drama,PS,6.5,471.0,1.441,5.375,Khaled Abol Naga,ACTOR,86
Sailor Moon Crystal,SHOW,2014,24,animation,JP,7.8,2249.0,28.136,8.151,Ryo Hirohashi,ACTOR,33
Get on Up,MOVIE,2014,138,drama,US,6.9,25270.0,9.761,6.8,Chadwick Boseman,ACTOR,1
D.L. Hughley: Clear,MOVIE,2014,59,comedy,US,6.8,267.0,1.576,6.6,D.L. Hughley,ACTOR,4
Turbo,MOVIE,2013,96,animation,US,6.4,101177.0,27.106,6.17,Ryan Reynolds,ACTOR,71
Empire State,MOVIE,2013,94,drama,US,5.2,22168.0,17.978,5.377,Liam Hemsworth,ACTOR,1
Yowamushi Pedal,SHOW,2013,24,comedy,JP,7.7,894.0,51.323,7.0,Daiki Yamashita,ACTOR,63
Mandela: Long Walk to Freedom,MOVIE,2013,139,drama,GB,7.1,28368.0,11.231,6.853,Idris Elba,ACTOR,34
City of God: 10 Years Later,MOVIE,2014,69,documentation,BR,6.4,1389.0,9.172,6.869,Alice Braga,ACTOR,131
Xenos,MOVIE,2013,12,documentation,GB,7.8,21150.29081903414,0.959,3.5,Mahdi Fleifel,DIRECTOR,73
We Steal Secrets: The Story of WikiLeaks,MOVIE,2013,127,documentation,US,6.9,8039.0,6.315,6.6,Julian Assange,ACTOR,66
Something Necessary,MOVIE,2013,85,drama,DE,7.0,70.0,0.6,6.75,Sue Wanjiru,ACTOR,47
The Thundermans,SHOW,2013,24,comedy,US,5.7,6034.0,114.148,8.065,Kira Kosarin,ACTOR,16
Of Good Report,MOVIE,2013,104,drama,ZA,6.4,126.0,1.616,6.8,Stevel Marc,ACTOR,132
Seventh Son,MOVIE,2014,102,fantasy,CN,5.5,78527.0,35.433,5.5,Jeff Bridges,ACTOR,-1
Blind Intersections,MOVIE,2013,87,drama,LB,6.7,181.0,2.803,4.5,Alaa Hammoud,ACTOR,21
David,MOVIE,2013,155,drama,IN,6.2,2768.0,2.226,5.806,Vikram,ACTOR,8
Velvet,SHOW,2014,57,drama,ES,8.1,6360.0,37.066,6.0,Paula Echevarría,ACTOR,133
Rabbids Invasion,SHOW,2013,10,animation,US,5.4,2023.0,22.573,5.826,Damien Laquet,ACTOR,32
Search Party,MOVIE,2014,93,comedy,US,5.6,8056.0,8.698,5.4,Tesia Joy Walker,DIRECTOR,4
Jim Gaffigan: Obsessed,MOVIE,2014,70,comedy,US,7.6,2312.0,5.427,7.019,Jim Gaffigan,ACTOR,4
The Square,MOVIE,2014,88,drama,EG,8.1,8949.0,6.52,7.721,Khalid Abdalla,ACTOR,7
Black Money Love,SHOW,2014,76,action,TR,7.5,6662.0,35.08,7.708,Tuba Büyüküstün,ACTOR,-1
Happy New Year,MOVIE,2014,180,comedy,IN,4.9,38584.0,7.979,6.117,Shah Rukh Khan,ACTOR,24
Angry Birds Toons,SHOW,2013,3,animation,FI,6.2,893.0,11.017,6.357,PASI RUOHONEN,ACTOR,-1
Mako: Island of Secrets,SHOW,2013,25,comedy,AU,6.7,4236.0,40.746,7.604,Allie Bertram,ACTOR,82
The Meaning of Monty Python,MOVIE,2013,60,documentation,US,6.540941965073206,21150.29081903414,2.702,7.5,John Cleese,ACTOR,66
"Nicky, Ricky, Dicky & Dawn",SHOW,2014,23,comedy,US,5.2,2909.0,30.368,7.254,Aidan Gallagher,ACTOR,16
Jeff Dunham: All Over the Map,MOVIE,2014,41,comedy,IS,7.1,854.0,2.129,5.833,Jeff Dunham,ACTOR,-1
Miniforce,SHOW,2014,14,animation,KR,6.540941965073206,21150.29081903414,17.804,4.667,Yang Jeong-hwa,ACTOR,89
Tiny House Nation,SHOW,2014,43,reality,US,7.1,1230.0,8.311,6.75,John Weisbarth,ACTOR,26
Booba,SHOW,2014,4,animation,RU,7.0,452.0,6.522,7.0,Roman Karev,ACTOR,-1
October 1,MOVIE,2014,149,thriller,NG,6.4,490.0,2.154,5.8,Sadiq Daba,ACTOR,134
Lalaloopsy,SHOW,2013,23,animation,US,4.4,114.0,2.541,5.333,Unknown,Unknown,32
Senora Acero,SHOW,2014,46,crime,US,6.9,415.0,52.907,7.776,Carolina Miranda,ACTOR,135
The Heirs,SHOW,2013,59,comedy,KR,7.5,11588.0,30.45,7.802,Park Shin-hye,ACTOR,72
Penguins of Madagascar,MOVIE,2014,92,family,US,6.6,94281.0,73.584,6.515,Tom McGrath,ACTOR,136
Virunga,MOVIE,2014,90,documentation,CD,8.2,11777.0,7.654,7.979,André Bauma,ACTOR,-1
Coming Soon,MOVIE,2014,134,drama,TR,7.3,34683.0,6.385,6.784,Cem Yılmaz,ACTOR,126
Miss Granny,MOVIE,2014,124,drama,KR,7.2,3752.0,22.21,7.284,Shim Eun-kyung,ACTOR,117
Stand by Me Doraemon,MOVIE,2014,90,scifi,JP,7.3,8510.0,35.534,7.4,Wasabi Mizuta,ACTOR,124
Trailer Park Boys: Live at the North Pole,MOVIE,2014,88,comedy,CA,6.7,1167.0,3.738,7.0,John Paul Tremblay,ACTOR,74
Effie Gray,MOVIE,2014,104,drama,GB,6.0,6309.0,17.388,5.9,Emma Thompson,ACTOR,34
"That Winter, the Wind Blows",SHOW,2013,63,drama,KR,7.6,1990.0,10.242,7.2,Jo In-sung,ACTOR,90
Madras Cafe,MOVIE,2013,130,thriller,IN,7.6,24849.0,7.886,6.505,John Abraham,ACTOR,13
D@bbe: The Possession,MOVIE,2013,134,horror,TR,6.8,6383.0,7.615,5.8,Irmak Örnek,ACTOR,-1
Dedh Ishqiya,MOVIE,2014,152,drama,IN,7.0,7339.0,3.096,6.578,Naseeruddin Shah,ACTOR,8
Queen,MOVIE,2014,146,drama,IN,8.1,66659.0,7.43,7.4,Kangana Ranaut,ACTOR,8
She's Dating the Gangster,MOVIE,2014,105,drama,PH,7.0,1174.0,6.815,7.2,Kathryn Bernardo,ACTOR,110
The Perfect Dictatorship,MOVIE,2014,143,comedy,MX,7.2,5715.0,9.819,7.3,Damián Alcázar,ACTOR,43
Seven Souls in the Skull Castle,MOVIE,2013,179,action,JP,7.4,59.0,2.025,6.633193712829227,Sota Fukushi,ACTOR,81
The Midas Touch,MOVIE,2013,99,comedy,HK,5.0,195.0,4.435,4.0,Chapman To,ACTOR,85
Incomplete Life,SHOW,2014,73,drama,KR,8.5,2209.0,12.144,8.808,Yim Si-wan,ACTOR,90
Nagi-Asu: A Lull in the Sea,SHOW,2013,23,scifi,JP,7.4,1263.0,9.993,7.37,Ai Kayano,ACTOR,28
Buddies,MOVIE,2013,102,drama,BR,6.5,1097.0,2.512,6.9,Ariel Goldenberg,ACTOR,119
Gori Tere Pyaar Mein,MOVIE,2013,150,comedy,IN,4.9,3961.0,5.288,5.9,Kareena Kapoor Khan,ACTOR,24
Chennai Express,MOVIE,2013,141,comedy,IN,6.1,57312.0,10.792,6.584,Shah Rukh Khan,ACTOR,24
Mary Kom,MOVIE,2014,122,drama,IN,6.8,11019.0,5.459,7.1,Priyanka Chopra Jonas,ACTOR,8
Trailer Park Boys: Live in F**kin' Dublin,MOVIE,2014,81,comedy,CA,6.2,1627.0,2.791,6.0,John Paul Tremblay,ACTOR,74
Monty Python: Live (Mostly),MOVIE,2014,138,comedy,GB,7.6,2689.0,6.305,7.0,John Cleese,ACTOR,6
Lego DC Comics - Super Heroes: Batman Be-Leaguered,MOVIE,2014,22,comedy,US,6.5,1451.0,11.347,6.8,Troy Baker,ACTOR,4
Blind Detective,MOVIE,2013,130,comedy,HK,6.4,3441.0,6.21,6.1,Andy Lau,ACTOR,85
Four Sisters and a Wedding,MOVIE,2013,126,comedy,PH,7.2,879.0,3.281,6.844,Bea Alonzo,ACTOR,107
Escape from Planet Earth,MOVIE,2013,89,comedy,US,5.8,26151.0,12.784,5.732,Brendan Fraser,ACTOR,4
Jinxed,MOVIE,2013,70,comedy,US,6.3,1580.0,8.623,6.7,Ciara Bravo,ACTOR,4
Ankhon Dekhi,MOVIE,2014,107,drama,IN,8.0,11330.0,3.769,6.9,Sanjay Mishra,ACTOR,8
Inkaar,MOVIE,2013,133,animation,IN,6.1,2625.0,5.294,5.525,Arjun Rampal,ACTOR,103
Print the Legend,MOVIE,2014,100,documentation,US,7.0,1967.0,4.109,6.7,Chris Anderson,ACTOR,66
Selfie,MOVIE,2014,123,comedy,RO,6.0,1671.0,3.105,6.3,Crina Semciuc,ACTOR,-1
Born in Gaza,MOVIE,2014,69,documentation,ES,7.5,580.0,2.369,7.857,Hernán Zin,DIRECTOR,137
LEGO Marvel Super Heroes: Maximum Overload,MOVIE,2013,20,action,US,6.540941965073206,21150.29081903414,10.788,6.2,Greg Richardson,DIRECTOR,17
A Fairly Odd Summer,MOVIE,2014,66,fantasy,US,3.8,590.0,6.884,5.9,Drake Bell,ACTOR,18
Ghadi,MOVIE,2013,100,comedy,LB,7.3,1128.0,2.845,6.48,Georges Khabbaz,ACTOR,50
Dragons: Dawn Of The Dragon Racers,MOVIE,2014,26,animation,US,6.540941965073206,21150.29081903414,24.421,7.2,Jay Baruchel,ACTOR,71
Doctor Bello,MOVIE,2013,95,drama,US,4.8,57.0,1.406,6.0,Isaiah Washington,ACTOR,1
D@bbe 5: Curse of the Jinn,MOVIE,2014,132,horror,TR,5.9,3988.0,5.946,5.067,Nil Günal,ACTOR,-1
100 Things to Do Before High School,MOVIE,2014,44,drama,US,6.540941965073206,21150.29081903414,0.0094417458789051,6.633193712829227,Unknown,Unknown,1
"The Other One: The Long, Strange Trip of Bob Weir",MOVIE,2014,85,documentation,US,7.3,1720.0,4.477,7.2,Bob Weir,ACTOR,66
Refugiado,MOVIE,2014,95,drama,AR,6.3,403.0,2.668,5.864,Julieta Díaz,ACTOR,83
Humpty Sharma Ki Dulhania,MOVIE,2014,133,comedy,IN,6.0,13370.0,10.303,6.4,Varun Dhawan,ACTOR,24
The Battered Bastards of Baseball,MOVIE,2014,80,documentation,US,8.0,4276.0,8.281,7.519,Kurt Russell,ACTOR,66
Starting Over Again,MOVIE,2014,130,drama,PH,8.3,15.0,2.443,7.2,Toni Gonzaga,ACTOR,110
The Amazing Praybeyt Benjamin,MOVIE,2014,105,drama,PH,4.1,211.0,1.708,3.0,Vice Ganda,ACTOR,110
Omar,MOVIE,2013,96,thriller,PS,7.5,14722.0,0.6,7.2,Adam Bakri,ACTOR,-1
Ever After High,SHOW,2013,29,action,CA,7.8,1326.0,17.957,7.689,Erin Fitzgerald,ACTOR,123
El Mago Pop,MOVIE,2013,44,reality,ES,6.8,21.0,19.267195915153582,6.633193712829227,Unknown,Unknown,-1
Hasee Toh Phasee,MOVIE,2014,141,comedy,IN,6.8,15633.0,10.01,6.6,Sidharth Malhotra,ACTOR,24
Race 2,MOVIE,2013,150,thriller,IN,5.3,16838.0,6.075,5.577,Saif Ali Khan,ACTOR,13
My Own Man,MOVIE,2014,82,comedy,US,6.4,452.0,3.645,6.286,David Sampliner,DIRECTOR,4
Flower Girl,MOVIE,2013,94,romance,NG,5.9,114.0,2.166,6.0,Damilola Adegbite,ACTOR,138
All Hail King Julien,SHOW,2014,23,comedy,US,7.1,2169.0,44.302,7.3,Danny Jacobs,ACTOR,16
Talking Tom and Friends,SHOW,2014,9,comedy,US,6.1,411.0,31.744,8.636,Colin Hanks,ACTOR,16
The Berlin File,MOVIE,2013,120,thriller,KR,6.6,7392.0,10.744,6.751,Ha Jung-woo,ACTOR,99
Bombay Talkies,MOVIE,2013,127,drama,IN,6.6,5513.0,5.797,6.34,Rani Mukerji,ACTOR,8
Jim Jefferies: Bare,MOVIE,2014,76,comedy,US,8.0,5611.0,5.399,7.5,Jim Jefferies,ACTOR,4
Some Assembly Required,SHOW,2014,24,comedy,US,8.5,22.0,10.132,6.25,Kolton Stewart,ACTOR,16
Bill Burr: I'm Sorry You Feel That Way,MOVIE,2014,80,comedy,US,8.2,8528.0,6.396,7.688,Bill Burr,ACTOR,4
Mission Blue,MOVIE,2014,94,documentation,US,7.9,2047.0,4.786,7.4,James Cameron,ACTOR,66
Saheb Biwi Aur Gangster Returns,MOVIE,2013,142,thriller,IN,6.7,4039.0,2.517,6.854,Irrfan Khan,ACTOR,13
Wyatt Cenac: Brooklyn,MOVIE,2014,67,comedy,US,6.3,235.0,2.367,6.2,Wyatt Cenac,ACTOR,4
Deliha,MOVIE,2014,107,comedy,TR,4.5,4315.0,6.612,5.357,Gupse Özay,ACTOR,52
Swearnet: The Movie,MOVIE,2014,112,comedy,CA,6.0,2915.0,4.745,5.3,Mike Smith,ACTOR,74
E-Team,MOVIE,2014,89,documentation,US,7.1,873.0,3.209,6.1,Katy Chevigny,DIRECTOR,66
Kai Po Che!,MOVIE,2013,126,drama,IN,7.8,37640.0,10.874,6.853,Sushant Singh Rajput,ACTOR,8
Turbo FAST,SHOW,2013,19,comedy,US,6.4,648.0,8.151,7.467,Reid Scott,ACTOR,16
Anjaan,MOVIE,2014,146,thriller,IN,5.3,5018.0,4.777,5.774,Suriya,ACTOR,13
Mitt,MOVIE,2014,93,documentation,US,6.9,2579.0,4.444,6.3,Mitt Romney,ACTOR,66
It Takes a Man and a Woman,MOVIE,2013,120,drama,PH,6.8,371.0,2.216,7.8,Sarah Geronimo,ACTOR,110
Wedding Association,MOVIE,2013,106,comedy,TR,7.0,22917.0,8.074,6.24,Ahmet Kural,ACTOR,52
ABCD,MOVIE,2013,136,drama,IN,6.3,7158.0,4.646,6.15,Prabhu Deva,ACTOR,8
Bride for Rent,MOVIE,2014,115,comedy,PH,6.4,628.0,3.721,6.8,Kim Chiu,ACTOR,107
Blitz Patrollie,MOVIE,2013,101,comedy,US,5.4,145.0,1.723,2.0,Chris Forrest,ACTOR,4
Boss,MOVIE,2013,143,drama,IN,5.1,11411.0,6.402,5.7,Akshay Kumar,ACTOR,8
Aziz Ansari: Buried Alive,MOVIE,2013,79,comedy,US,7.2,4063.0,5.49,6.946,Aziz Ansari,ACTOR,4
Romantik Komedi 2: Bekarlığa Veda,MOVIE,2013,105,comedy,,5.1,3462.0,5.354,4.9,Sinem Kobal,ACTOR,139
Chelsea Handler: Uganda Be Kidding Me Live,MOVIE,2014,71,comedy,US,6.0,1221.0,3.585,6.264,Chelsea Handler,ACTOR,4
Swearnet Live,MOVIE,2014,75,comedy,CA,5.4,565.0,3.497,5.1,John Paul Tremblay,ACTOR,74
Ralphie May: Imperfectly Yours,MOVIE,2013,69,comedy,US,5.5,161.0,2.88,4.7,Ralphie May,ACTOR,4
From One Second to the Next,MOVIE,2013,34,documentation,US,6.540941965073206,21150.29081903414,2.203,7.2,Werner Herzog,DIRECTOR,66
Anaamika,MOVIE,2014,124,thriller,IN,5.4,292.0,1.706,6.0,Nayanthara,ACTOR,13
Dokidoki! PreCure,SHOW,2013,23,action,JP,6.2,204.0,11.146,8.0,Hitomi Nabatame,ACTOR,27
Masha's Spooky Stories,SHOW,2014,6,family,RU,6.2,70.0,8.198,4.4,Alina Kukushkina,ACTOR,-1
Boss & Me,SHOW,2014,45,comedy,CN,7.2,511.0,7.891,6.8,Zhao Liying,ACTOR,-1
Tiger & Bunny: The Rising,MOVIE,2014,108,scifi,JP,6.7,334.0,6.013,5.778,Hiroaki Hirata,ACTOR,124
Khoobsurat,MOVIE,2014,130,comedy,IN,6.4,8742.0,5.958,6.7,Sonam Kapoor,ACTOR,24
Yevadu,MOVIE,2014,166,thriller,IN,5.8,7774.0,5.811,6.167,Ram Charan,ACTOR,13
Two Fathers,SHOW,2013,44,family,TW,7.8,68.0,5.514,5.667,Megan Lai,ACTOR,-1
SDU: Sex Duties Unit,MOVIE,2013,94,comedy,HK,5.9,521.0,5.074,5.8,Chapman To,ACTOR,85
"Raja, Rasoi Aur Anya Kahaniyaan",SHOW,2014,29,history,IN,8.9,363.0,4.936,6.0,Manwendra Tripathy,ACTOR,-1
The Short Game,MOVIE,2013,100,documentation,US,7.3,1627.0,4.545,7.3,Edd Hall,ACTOR,66
Pagpag: Siyam na Buhay,MOVIE,2013,105,horror,PH,5.5,366.0,4.093,7.0,Kathryn Bernardo,ACTOR,-1
Fukrey,MOVIE,2013,137,comedy,IN,6.9,12211.0,3.977,6.7,Richa Chadha,ACTOR,24
Excuse My French,MOVIE,2014,99,drama,EG,7.6,4364.0,3.842,7.0,Ahmed Dash,ACTOR,7
She's The One,MOVIE,2013,110,drama,PH,6.3,224.0,3.148,6.2,Bea Alonzo,ACTOR,110
Oohalu Gusagusalade,MOVIE,2014,131,comedy,IN,7.6,1634.0,2.957,6.6,Naga Shaurya,ACTOR,24
Mumbai Delhi Mumbai,MOVIE,2014,120,comedy,IN,5.7,375.0,2.76,6.3,Shiv Panditt,ACTOR,24
Dazzling Mirage,MOVIE,2014,90,drama,NG,4.7,10.0,2.493,2.0,Lala Akindoju,ACTOR,80
One by Two,MOVIE,2014,139,drama,IN,3.9,756.0,2.487,4.5,Abhay Deol,ACTOR,8
Chhota Bheem & Krishna vs Zimbara,MOVIE,2013,64,animation,,7.2,45.0,2.468,6.633193712829227,Unknown,Unknown,111
Must Be... Love,MOVIE,2013,100,comedy,PH,6.5,565.0,2.344,6.0,Kathryn Bernardo,ACTOR,107
Seethamma Vakitlo Sirimalle Chettu,MOVIE,2013,159,drama,IN,7.5,6448.0,2.324,6.3,Venkatesh,ACTOR,8
The Land of Cards,MOVIE,2013,110,fantasy,IN,5.5,422.0,2.175,6.5,Anubrata Basu,ACTOR,11
Mars at Sunrise,MOVIE,2014,75,drama,US,7.7,47.0,2.162,2.0,Ali Soliman,ACTOR,1
A World Not Ours,MOVIE,2013,93,documentation,PS,7.8,424.0,2.001,8.0,Mahdi Fleifel,ACTOR,-1
The Royal Bengal Tiger,MOVIE,2014,107,thriller,IN,6.8,964.0,1.976,6.7,Shraddha Das,ACTOR,13
Gollu Aur Pappu,MOVIE,2014,112,comedy,IN,3.8,124.0,1.922,4.7,Kunaal Roy Kapur,ACTOR,24
Giraffada,MOVIE,2014,85,drama,FR,6.3,260.0,1.836,5.8,Saleh Bakri,ACTOR,96
Bhaji in Problem,MOVIE,2013,117,romance,IN,7.1,1053.0,1.709,8.0,Gippy Grewal,ACTOR,9
Chashme Baddoor,MOVIE,2013,120,comedy,IN,5.4,5231.0,1.635,4.55,Ali Zafar,ACTOR,24
BoJack Horseman Christmas Special,MOVIE,2014,25,drama,US,6.540941965073206,21150.29081903414,1.566,7.1,Will Arnett,ACTOR,1
Mighty Raju,SHOW,2014,20,animation,IN,4.7,70.0,1.527,6.633193712829227,Anamaya Verma,ACTOR,-1
Against the Tide,SHOW,2014,44,drama,SG,7.7,13.0,1.468,6.0,Christopher Lee Ming-Shun,ACTOR,106
Motu Patlu: Deep Sea Adventure,MOVIE,2014,75,comedy,IN,6.540941965073206,21150.29081903414,1.465,6.633193712829227,Suhas Kadav,DIRECTOR,24
Heritages,MOVIE,2014,96,drama,LB,7.5,142.0,1.4,4.0,Philippe Aractingi,DIRECTOR,21
Dikkulu Choodaku Ramayya,MOVIE,2014,144,comedy,IN,5.8,69.0,1.4,5.0,Naga Shaurya,ACTOR,24
Condom Lead,MOVIE,2013,15,drama,PS,6.540941965073206,21150.29081903414,1.211,2.0,Rashid Abdelhamid,ACTOR,86
Dharmakshetra,SHOW,2014,44,drama,IN,8.5,339.0,0.955,10.0,Unknown,Unknown,140
Chhota Bheem in the Incan Adventure,MOVIE,2013,64,fantasy,IN,7.7,36.0,0.881,6.633193712829227,Unknown,Unknown,11
What the Fish,MOVIE,2013,98,comedy,IN,5.2,218.0,0.857,5.5,Gurmmeet Singh,DIRECTOR,24
幸福料理,SHOW,2014,44,drama,,6.540941965073206,21150.29081903414,0.632,6.633193712829227,Unknown,Unknown,141
Dreamworks How to Train Your Dragon Legends,SHOW,2013,23,animation,US,7.3,332.0,0.6,6.0,Unknown,Unknown,32
Grandmother's Farm,MOVIE,2013,71,comedy,AE,3.3,96.0,19.267195915153582,6.633193712829227,Unknown,Unknown,139
World at Your Feet,SHOW,2014,44,drama,SG,5.0,7.0,19.267195915153582,6.633193712829227,Unknown,Unknown,106
Motu Patlu in Wonderland,MOVIE,2013,75,animation,,6.540941965073206,21150.29081903414,19.267195915153582,6.633193712829227,Unknown,Unknown,111
Better Call Saul,SHOW,2015,50,drama,US,8.9,554383.0,167.689,8.617,Bob Odenkirk,ACTOR,39
Alone,SHOW,2015,51,reality,US,8.4,5927.0,20.013,6.9,Unknown,Unknown,26
Stranger Things,SHOW,2016,61,drama,US,8.7,1220079.0,297.704,8.6,Winona Ryder,ACTOR,39
The Crown,SHOW,2016,55,drama,GB,8.6,226759.0,94.164,8.245,Jonathan Pryce,ACTOR,114
The Good Place,SHOW,2016,23,scifi,US,8.2,166967.0,36.18,7.946,Kristen Bell,ACTOR,36
Fauda,SHOW,2015,41,drama,IL,8.3,31881.0,78.729,7.549,Lior Raz,ACTOR,-1
Documentary Now!,SHOW,2015,22,comedy,US,8.1,7225.0,9.489,7.402,Fred Armisen,ACTOR,16
Narcos,SHOW,2015,52,drama,US,8.8,432307.0,88.246,7.987,Pedro Pascal,ACTOR,39
The Last Kingdom,SHOW,2015,55,action,GB,8.5,145471.0,214.678,8.282,Alexander Dreymon,ACTOR,-1
Magic Mike XXL,MOVIE,2015,115,drama,US,5.6,58651.0,48.925,6.2,Channing Tatum,ACTOR,1
La La Land,MOVIE,2016,128,comedy,US,8.0,604030.0,28.365,7.888,Ryan Gosling,ACTOR,4
One-Punch Man,SHOW,2015,24,action,JP,8.7,165506.0,109.325,8.377,Kazuhiro Yamaji,ACTOR,27
Lucifer,SHOW,2016,47,scifi,US,8.1,331313.0,520.677,8.498,Tom Ellis,ACTOR,36
The Founder,MOVIE,2016,115,drama,US,7.2,156622.0,23.435,7.102,Michael Keaton,ACTOR,1
Miraculous: Tales of Ladybug & Cat Noir,SHOW,2015,21,action,FR,7.7,10102.0,546.308,8.019,Annouck Hautbois,ACTOR,-1
The Nice Guys,MOVIE,2016,116,crime,US,7.3,336547.0,20.775,7.098,Ryan Gosling,ACTOR,3
Travelers,SHOW,2016,45,drama,CA,8.0,58694.0,49.028,7.608,Eric McCormack,ACTOR,56
The Magicians,SHOW,2015,44,scifi,US,7.6,52523.0,48.018,7.648,Olivia Taylor Dudley,ACTOR,36
Scream: The TV Series,SHOW,2015,43,drama,US,7.1,42255.0,29.306,6.871,RJ Cyler,ACTOR,39
Ash vs Evil Dead,SHOW,2015,30,scifi,US,8.4,70087.0,24.73,7.666,Bruce Campbell,ACTOR,36
The Age of Adaline,MOVIE,2015,112,fantasy,US,7.2,186943.0,50.871,7.5,Blake Lively,ACTOR,18
Crazy Ex-Girlfriend,SHOW,2015,42,comedy,US,7.8,21195.0,24.03,6.7,Rachel Bloom,ACTOR,16
It Follows,MOVIE,2015,101,horror,US,6.8,248961.0,32.316,6.56,Maika Monroe,ACTOR,31
The Adventures of Puss in Boots,SHOW,2015,23,comedy,US,6.6,2092.0,40.261,7.093,Eric Bauza,ACTOR,16
The Hunger Games: Mockingjay - Part 2,MOVIE,2015,136,action,US,6.5,335608.0,64.063,6.887,Jennifer Lawrence,ACTOR,17
The OA,SHOW,2016,55,scifi,US,7.8,107084.0,25.116,7.627,Brit Marling,ACTOR,36
Nocturnal Animals,MOVIE,2016,116,drama,US,7.5,264884.0,18.347,7.5,Amy Adams,ACTOR,1
Belgica,MOVIE,2016,126,drama,BE,6.7,4610.0,6.046,5.863,Stef Aerts,ACTOR,142
DC's Legends of Tomorrow,SHOW,2016,42,drama,US,6.8,101178.0,136.338,7.333,Caity Lotz,ACTOR,39
Lion,MOVIE,2016,118,drama,AU,8.0,240453.0,19.799,8.1,Dev Patel,ACTOR,143
Supergirl,SHOW,2015,42,drama,US,6.2,125626.0,157.61,7.333,Chyler Leigh,ACTOR,39
Designated Survivor,SHOW,2016,44,war,US,7.5,93970.0,67.986,7.183,Kiefer Sutherland,ACTOR,129
Hotel Transylvania 2,MOVIE,2015,89,comedy,US,6.6,131856.0,49.449,6.791,Adam Sandler,ACTOR,4
Burnt,MOVIE,2015,100,drama,US,6.6,123063.0,18.274,6.5,Bradley Cooper,ACTOR,1
Slasher,SHOW,2016,46,crime,US,6.7,15108.0,38.739,6.671,Jeananne Goossen,ACTOR,135
Sense8,SHOW,2015,62,scifi,US,8.2,156667.0,31.377,7.8,Miguel Ángel Silvestre,ACTOR,36
Unbreakable Kimmy Schmidt,SHOW,2015,30,comedy,US,7.6,74019.0,32.296,7.192,Ellie Kemper,ACTOR,16
Love,SHOW,2016,32,comedy,US,7.7,43762.0,16.89,7.236,Gillian Jacobs,ACTOR,16
iZombie,SHOW,2015,42,scifi,US,7.8,69960.0,56.796,7.803,Rose McIver,ACTOR,36
Goosebumps,MOVIE,2015,103,comedy,US,6.3,90860.0,27.663,6.3,Jack Black,ACTOR,4
Kim's Convenience,SHOW,2016,22,comedy,CA,8.2,19955.0,18.32,7.8,Paul Sun-Hyung Lee,ACTOR,59
Grace and Frankie,SHOW,2015,29,drama,US,8.2,53536.0,28.708,7.712,Jane Fonda,ACTOR,39
Southpaw,MOVIE,2015,123,drama,US,7.3,243482.0,63.527,7.356,Jake Gyllenhaal,ACTOR,1
Forged in Fire,SHOW,2015,42,reality,US,8.3,3912.0,35.648,8.1,Grady Powell,ACTOR,26
Medici: Masters of Florence,SHOW,2016,54,drama,IT,7.9,20107.0,44.159,7.819,Daniel Sharman,ACTOR,144
Norsemen,SHOW,2016,31,drama,NO,7.7,19684.0,28.055,6.929,Trond Fausa Aurvåg,ACTOR,-1
Call My Agent!,SHOW,2015,55,drama,FR,8.3,15307.0,21.215,7.867,Camille Cottin,ACTOR,145
Shooter,SHOW,2016,41,action,US,7.5,38638.0,63.364,7.161,Ryan Phillippe,ACTOR,30
60 Days In,SHOW,2016,46,reality,US,7.6,2909.0,13.944,6.811,Reginald Scandrett,ACTOR,26
Solace,MOVIE,2015,101,thriller,US,6.4,64948.0,29.1,6.4,Anthony Hopkins,ACTOR,19
Blackhat,MOVIE,2015,133,thriller,US,5.4,58192.0,25.878,5.5,Chris Hemsworth,ACTOR,19
11:11,MOVIE,2015,60,drama,EG,6.7,9.0,2.533,1.0,Eyad Nassar,ACTOR,7
Queen of the South,SHOW,2016,42,drama,US,8.0,31402.0,53.429,7.676,Alice Braga,ACTOR,39
Trolls,MOVIE,2016,92,fantasy,US,6.4,84630.0,47.348,6.7,Anna Kendrick,ACTOR,18
Hush,MOVIE,2016,81,thriller,US,6.6,123667.0,17.562,6.741,Kate Siegel,ACTOR,19
Hunt for the Wilderpeople,MOVIE,2016,100,drama,NZ,7.8,133553.0,16.273,7.7,Sam Neill,ACTOR,-1
"Hail, Caesar!",MOVIE,2016,106,comedy,US,6.3,137716.0,14.479,5.906,Josh Brolin,ACTOR,4
Creep,MOVIE,2015,82,horror,US,6.3,58899.0,11.182,6.372,Mark Duplass,ACTOR,31
Dope,MOVIE,2015,103,drama,US,7.2,83777.0,13.439,7.11,Shameik Moore,ACTOR,1
Into the Badlands,SHOW,2015,43,action,US,7.9,47556.0,59.145,7.562,Daniel Wu,ACTOR,30
Bloodline,SHOW,2015,57,drama,US,7.9,54443.0,18.568,7.275,Kyle Chandler,ACTOR,39
Crimson Peak,MOVIE,2015,119,horror,US,6.5,151520.0,19.763,6.6,Mia Wasikowska,ACTOR,31
Pan,MOVIE,2015,111,action,US,5.7,65308.0,22.643,5.967,Levi Miller,ACTOR,17
The Full-Time Wife Escapist,SHOW,2016,55,drama,JP,7.9,1760.0,38.474,7.9,Yui Aragaki,ACTOR,57
Secret City,SHOW,2016,50,war,AU,7.4,8566.0,16.08,6.62,Anna Torv,ACTOR,-1
Winter on Fire: Ukraine's Fight for Freedom,MOVIE,2015,98,documentation,GB,8.3,19668.0,8.827,7.982,Cissy Jones,ACTOR,73
The Great British Baking Show: The Professionals,SHOW,2016,50,reality,GB,5.8,198.0,1.606,6.633193712829227,Benoit Blin,ACTOR,55
El marginal,SHOW,2016,54,drama,AR,8.2,4295.0,49.181,8.14,Martina Gusman,ACTOR,42
ERASED,SHOW,2016,22,drama,JP,8.5,50009.0,25.68,8.608,Shinnosuke Mitsushima,ACTOR,57
Van Helsing,SHOW,2016,42,scifi,US,6.2,22950.0,77.451,7.089,Christopher Heyerdahl,ACTOR,36
Crashing,SHOW,2016,30,comedy,GB,7.7,22820.0,8.748,7.172,Phoebe Waller-Bridge,ACTOR,5
Woman in Gold,MOVIE,2015,120,drama,GB,7.3,60359.0,10.341,7.3,Helen Mirren,ACTOR,34
The Ranch,SHOW,2016,30,comedy,US,7.5,40282.0,32.195,7.587,Ashton Kutcher,ACTOR,16
Hardcore Henry,MOVIE,2016,96,action,US,6.7,97688.0,20.227,6.371,Sharlto Copley,ACTOR,17
Little Boy,MOVIE,2015,106,war,MX,7.3,23419.0,16.743,7.2,Jakob Salvati,ACTOR,-1
Gantz:O,MOVIE,2016,95,scifi,JP,7.1,15615.0,22.321,7.307,Yuki Kaji,ACTOR,124
Roman Empire,SHOW,2016,44,drama,US,7.0,8323.0,27.181,6.881,Sean Bean,ACTOR,39
London Has Fallen,MOVIE,2016,99,thriller,US,5.9,162081.0,33.816,6.2,Gerard Butler,ACTOR,19
Marcella,SHOW,2016,46,drama,GB,7.4,33131.0,21.735,6.994,Anna Friel,ACTOR,114
The Governor,SHOW,2016,45,war,NG,7.9,104.0,0.885,6.633193712829227,Caroline Chikezie,ACTOR,-1
Toon,SHOW,2016,27,comedy,NL,7.6,959.0,2.764,8.2,Joep Vermolen,ACTOR,-1
Into the Inferno,MOVIE,2016,107,documentation,GB,7.2,9231.0,10.254,6.981,Werner Herzog,ACTOR,73
Headshot,MOVIE,2016,117,thriller,ID,6.3,15289.0,17.856,6.4,Iko Uwais,ACTOR,128
The Gunman,MOVIE,2015,105,drama,ES,5.8,42065.0,12.656,5.7,Sean Penn,ACTOR,46
Versailles,SHOW,2015,54,drama,FR,7.9,17431.0,42.196,7.858,George Blagden,ACTOR,145
Rebellion,SHOW,2016,51,war,IE,7.1,4072.0,15.488,7.122,Charlie Murphy,ACTOR,-1
Ludo,MOVIE,2016,90,horror,IN,2.8,891.0,3.911,2.913,Kamalika Banerjee,ACTOR,146
The 101-Year-Old Man Who Skipped Out on the Bill and Disappeared,MOVIE,2016,108,comedy,SE,6.3,6238.0,11.02,6.4,Robert Gustafsson,ACTOR,-1
Storks,MOVIE,2016,87,animation,US,5.8,12.0,27.348,6.6,Andy Samberg,ACTOR,71
Making a Murderer,SHOW,2015,62,documentation,US,8.6,97801.0,10.529,7.842,Kathleen Zellner,ACTOR,0
Ouija: Origin of Evil,MOVIE,2016,99,horror,US,4.9,7.0,29.286,6.1,Elizabeth Reaser,ACTOR,31
Greenleaf,SHOW,2016,42,drama,US,7.5,5521.0,31.814,7.5,Lynn Whitfield,ACTOR,39
Christine,MOVIE,2016,123,drama,US,6.9,15827.0,6.554,6.796,Jessica Adler,DIRECTOR,1
Unnatural Selection,SHOW,2015,35,reality,US,7.9,13.0,4.539,7.676,Kevin Esvelt,ACTOR,26
Signal,SHOW,2016,71,scifi,KR,8.5,7677.0,9.938,8.127,Lee Je-hoon,ACTOR,147
Servant of the People,SHOW,2015,29,comedy,UA,7.3,3861.0,16.037,7.194,Volodymyr Zelenskyy,ACTOR,-1
Last Chance U,SHOW,2016,59,documentation,US,8.4,7166.0,8.739,7.2,Ron Ollie,ACTOR,0
Very Big Shot,MOVIE,2016,107,crime,QA,7.0,1441.0,1.247,6.8,Alain Saadeh,ACTOR,-1
The Darkness,MOVIE,2016,92,thriller,US,4.5,16542.0,10.141,4.8,Kevin Bacon,ACTOR,19
Still Alice,MOVIE,2015,101,drama,US,7.5,138017.0,13.016,7.5,Julianne Moore,ACTOR,1
The Boy,MOVIE,2016,97,thriller,US,6.0,95464.0,29.759,5.9,Lauren Cohan,ACTOR,19
Occupied,SHOW,2015,45,war,NO,7.6,9391.0,13.735,7.259,Henrik Mestad,ACTOR,-1
Zion,MOVIE,2015,10,documentation,US,6.540941965073206,21150.29081903414,4.935,6.6,Zion Clark,ACTOR,66
Good Witch,SHOW,2015,41,drama,US,7.3,11293.0,35.725,7.776,Catherine Bell,ACTOR,39
BUNK'D,SHOW,2015,24,comedy,US,5.3,3549.0,72.914,7.225,Miranda May,ACTOR,16
Kung Fu Panda 3,MOVIE,2016,95,comedy,CN,7.1,165797.0,76.825,6.861,Jack Black,ACTOR,148
Master of None,SHOW,2015,32,drama,US,8.2,74164.0,16.499,7.556,Lena Waithe,ACTOR,39
Haters Back Off,SHOW,2016,29,comedy,US,6.0,7489.0,9.582,6.341,Colleen Ballinger,ACTOR,16
Legends of the Hidden Temple,MOVIE,2016,68,family,US,5.6,986.0,7.199,6.8,Isabela Merced,ACTOR,136
Home,MOVIE,2015,94,fantasy,US,6.6,104955.0,44.827,6.781,Jim Parsons,ACTOR,18
Wynonna Earp,SHOW,2016,43,western,US,7.3,23521.0,24.854,7.961,Melanie Scrofano,ACTOR,-1
The DUFF,MOVIE,2015,101,romance,US,6.4,96905.0,17.048,6.8,Mae Whitman,ACTOR,2
A Monster Calls,MOVIE,2016,108,fantasy,GB,7.4,90027.0,25.009,7.3,Matthew Tennyson,ACTOR,-1
Glitch,SHOW,2015,53,scifi,AU,7.3,17240.0,44.919,6.82,Patrick Brammall,ACTOR,-1
Frontier,SHOW,2016,47,action,CA,7.1,22184.0,25.834,6.859,Jason Momoa,ACTOR,123
Public Enemy,SHOW,2016,53,drama,BE,7.5,1125.0,5.179,7.031,Stéphanie Blanchoud,ACTOR,149
F is for Family,SHOW,2015,28,comedy,US,8.0,38713.0,25.064,7.396,Bill Burr,ACTOR,16
Garfunkel and Oates: Trying to be Special,MOVIE,2016,62,comedy,US,7.3,985.0,3.828,7.2,Riki Lindhome,ACTOR,4
The Cuba Libre Story,SHOW,2015,45,documentation,DE,7.6,1786.0,4.138,6.556,Ken Eaken,ACTOR,150
Brahman Naman,MOVIE,2016,94,comedy,GB,5.5,1938.0,4.008,5.4,Shashank Arora,ACTOR,6
True Memoirs of an International Assassin,MOVIE,2016,98,action,US,5.9,23480.0,11.769,5.8,Kevin James,ACTOR,17
Derren Brown: Miracle,MOVIE,2016,73,documentation,GB,6.5,1115.0,6.94,6.4,Derren Brown,ACTOR,73
Umrika,MOVIE,2015,98,drama,IN,6.6,1512.0,3.074,5.9,Suraj Sharma,ACTOR,8
La Casa,SHOW,2015,47,drama,AR,6.3,60.0,4.399,6.633193712829227,Unknown,Unknown,42
13th,MOVIE,2016,100,documentation,US,8.2,36232.0,10.724,7.992,Jelani Cobb,ACTOR,66
Coach Snoop,SHOW,2016,30,documentation,US,6.8,616.0,1.828,6.6,Snoop Dogg,ACTOR,0
Long Shot,MOVIE,2015,40,crime,US,7.4,8202.0,7.762,7.2,Tim Gibbons,ACTOR,3
3%,SHOW,2016,46,drama,BR,7.3,26468.0,22.263,7.245,Bianca Comparato,ACTOR,151
Bordertown,SHOW,2016,59,drama,FI,7.6,11670.0,18.69,7.5,Ville Virtanen,ACTOR,-1
Close Your Eyes Before It's Dark,SHOW,2016,84,crime,TW,7.0,249.0,2.876,6.8,Bryan Shu-Hao Chang,ACTOR,-1
Clair Obscur,MOVIE,2016,100,drama,TR,6.5,2697.0,4.31,6.0,Funda Eryiğit,ACTOR,126
Russell Peters: Almost Famous,MOVIE,2016,73,comedy,US,6.6,2005.0,2.94,6.5,Russell Peters,ACTOR,4
PJ Masks,SHOW,2015,15,fantasy,GB,5.3,1370.0,104.103,4.65,Jacob Ewaniuk,ACTOR,-1
Capitanes,SHOW,2016,43,documentation,AR,6.540941965073206,21150.29081903414,2.51,2.0,Unknown,Unknown,-1
Before I Wake,MOVIE,2016,97,fantasy,US,6.2,48398.0,18.732,6.46,Marvin Bogatsch,DIRECTOR,18
Little Things,SHOW,2016,24,drama,IN,8.2,7083.0,6.541,7.5,Mithila Palkar,ACTOR,140
Closet Monster,MOVIE,2016,90,drama,CA,7.0,8239.0,7.904,7.1,Connor Jessup,ACTOR,58
Inside the World's Toughest Prisons,SHOW,2016,47,crime,GB,7.1,2747.0,11.589,7.2,Raphael Rowe,ACTOR,152
Trollhunters: Tales of Arcadia,SHOW,2016,22,scifi,US,8.4,17575.0,44.364,8.455,Lexi Medrano,ACTOR,36
The Disastrous Life of Saiki K.,SHOW,2016,8,comedy,JP,8.3,8436.0,43.49,8.395,Hiroshi Kamiya,ACTOR,63
Bella and the Bulldogs,SHOW,2015,23,comedy,US,5.1,2361.0,12.89,7.862,Brec Bassinger,ACTOR,16
Michael Che Matters,MOVIE,2016,60,comedy,US,7.2,2737.0,3.771,6.8,Michael Che,ACTOR,4
Kung Fu Panda: Secrets of the Scroll,MOVIE,2016,23,animation,US,6.540941965073206,21150.29081903414,21.499,6.8,Jack Black,ACTOR,71
Club de Cuervos,SHOW,2015,45,drama,MX,8.2,5821.0,23.282,8.4,Luis Gerardo Méndez,ACTOR,153
Advantageous,MOVIE,2015,92,scifi,US,6.2,5378.0,8.959,5.993,Jacqueline Kim,ACTOR,29
Hip Hop Evolution,SHOW,2016,45,documentation,CA,8.4,5772.0,7.868,7.3,Grandmaster Flash,ACTOR,-1
The Take,MOVIE,2016,92,action,US,6.3,46090.0,16.0,6.3,Idris Elba,ACTOR,17
Reply 1988,SHOW,2015,71,comedy,KR,9.2,8310.0,22.739,8.652,Lee Hye-ri,ACTOR,72
Gilmore Girls: A Year in the Life,SHOW,2016,92,drama,US,7.5,40576.0,16.85,7.444,Lauren Graham,ACTOR,39
Drishyam,MOVIE,2015,163,thriller,IN,8.2,87358.0,16.831,7.8,Ajay Devgn,ACTOR,13
Kabaneri of the Iron Fortress,SHOW,2016,22,scifi,JP,7.2,5838.0,26.262,6.8,Yuki Kaji,ACTOR,28
Spectral,MOVIE,2016,109,thriller,US,6.3,60886.0,21.466,6.424,James Badge Dale,ACTOR,19
Layla M.,MOVIE,2016,98,drama,NL,6.6,1857.0,4.48,6.386,Nora el Koussour,ACTOR,154
He Never Died,MOVIE,2015,99,fantasy,US,6.3,21126.0,7.384,6.1,Henry Rollins,ACTOR,18
Marseille,SHOW,2016,42,drama,FR,6.9,5317.0,14.937,6.2,Valentine Lescure,ACTOR,145
Gabbar Is Back,MOVIE,2015,130,drama,IN,7.1,25596.0,8.014,7.1,Akshay Kumar,ACTOR,8
Simon,SHOW,2016,5,comedy,FR,7.0,137.0,21.418,7.2,Salomé Zeitoun,ACTOR,40
T@gged,SHOW,2016,22,drama,US,7.1,2242.0,8.515,7.517,Lulu Antariksa,ACTOR,39
Loving,MOVIE,2016,123,drama,GB,7.0,35102.0,9.986,6.7,Joel Edgerton,ACTOR,34
The Beginning of Life,MOVIE,2016,98,documentation,BR,7.5,971.0,2.293,7.6,Estela Renner,DIRECTOR,131
Rosario Tijeras,SHOW,2016,45,drama,MX,6.1,378.0,132.418,7.466,Bárbara de Regil,ACTOR,153
Theo Von: No Offense,MOVIE,2016,65,comedy,US,5.6,943.0,3.003,6.2,Theo Von,ACTOR,4
Baaghi,MOVIE,2016,133,thriller,IN,5.3,9431.0,12.603,6.5,Tiger Shroff,ACTOR,13
Chef's Table,SHOW,2015,50,documentation,US,8.5,16007.0,10.313,7.8,Unknown,Unknown,0
Sebastian Maniscalco: Why Would You Do That?,MOVIE,2016,63,comedy,US,7.4,1218.0,4.038,7.6,Sebastian Maniscalco,ACTOR,4
Rainbow Time,MOVIE,2016,91,comedy,US,5.9,756.0,3.92,6.0,Timm Sharp,ACTOR,4
Unfriended,MOVIE,2015,83,thriller,US,5.5,73854.0,20.591,5.5,Shelley Hennig,ACTOR,19
The Windsors,SHOW,2016,27,comedy,GB,7.1,3028.0,4.983,6.9,Harry Enfield,ACTOR,5
Mike Birbiglia: My Girlfriend's Boyfriend,MOVIE,2015,75,comedy,US,8.0,3417.0,4.329,7.4,Mike Birbiglia,ACTOR,4
Crazy Beautiful You,MOVIE,2015,115,romance,PH,7.0,892.0,4.239,6.615,Kathryn Bernardo,ACTOR,98
Under the Shadow,MOVIE,2016,84,drama,GB,6.8,28499.0,9.797,6.474,Narges Rashidi,ACTOR,34
Wild Card,MOVIE,2015,92,thriller,US,5.6,57146.0,42.467,5.6,Jason Statham,ACTOR,19
4K Fireplace,MOVIE,2015,60,family,US,7.7,53.0,1.034,6.2,fireplace,ACTOR,136
"Dana Carvey: Straight White Male, 60",MOVIE,2016,64,comedy,US,6.5,1569.0,5.206,6.3,Dana Carvey,ACTOR,4
The Ridiculous 6,MOVIE,2015,119,western,US,4.8,47935.0,32.329,5.2,Adam Sandler,ACTOR,67
Wazir,MOVIE,2016,103,thriller,IN,7.2,18681.0,6.24,6.7,Amitabh Bachchan,ACTOR,13
Time Out,MOVIE,2015,98,drama,IN,6.1,434.0,0.979,7.2,Pranay Pachauri,ACTOR,8
Reggie Watts: Spatial,MOVIE,2016,61,comedy,US,6.0,535.0,3.686,6.0,Reggie Watts,ACTOR,4
Collateral Beauty,MOVIE,2016,96,drama,US,6.7,102011.0,18.732,7.2,Will Smith,ACTOR,1
Locked Up,SHOW,2015,51,drama,ES,8.2,23439.0,92.488,8.003,Najwa Nimri,ACTOR,133
Cosmos Laundromat,MOVIE,2015,12,animation,NL,6.540941965073206,21150.29081903414,4.934,6.5,Pierre Bokma,ACTOR,-1
The Fundamentals of Caring,MOVIE,2016,97,drama,US,7.3,74811.0,10.696,7.319,Paul Rudd,ACTOR,1
Frank and Cindy,MOVIE,2016,102,comedy,US,6.1,898.0,3.144,5.2,Rene Russo,ACTOR,4
Chelsea,SHOW,2016,51,comedy,US,6.3,2110.0,21.792,5.09,Chelsea Handler,ACTOR,16
Joe Rogan: Triggered,MOVIE,2016,63,comedy,US,7.4,4649.0,3.3,6.7,Joe Rogan,ACTOR,4
Dear Zindagi,MOVIE,2016,149,romance,IN,7.4,41147.0,9.904,7.086,Alia Bhatt,ACTOR,9
7 años,MOVIE,2016,76,drama,ES,6.7,5170.0,9.811,6.3,Paco León,ACTOR,46
Mascots,MOVIE,2016,95,comedy,US,5.8,7711.0,8.859,5.4,Zach Woods,ACTOR,4
The Deep,SHOW,2015,22,action,AU,7.9,746.0,12.372,7.5,Vincent Tong,ACTOR,-1
Jem and the Holograms,MOVIE,2015,118,music,US,4.1,8061.0,10.439,5.5,Aubrey Peeples,ACTOR,94
Dilwale,MOVIE,2015,158,comedy,IN,5.0,36131.0,14.874,6.6,Shah Rukh Khan,ACTOR,24
Easy,SHOW,2016,30,drama,US,6.9,14355.0,25.248,6.344,Joe Swanberg,DIRECTOR,39
Pee-wee's Big Holiday,MOVIE,2016,90,comedy,US,6.1,8337.0,9.888,6.1,Paul Reubens,ACTOR,4
Skylanders Academy,SHOW,2016,23,action,US,6.7,840.0,19.932,6.095,Justin Long,ACTOR,30
Bāhubali: The Beginning,MOVIE,2015,158,action,IN,8.0,128246.0,59.568,7.572,Prabhas,ACTOR,14
Cowspiracy: The Sustainability Secret,MOVIE,2015,90,documentation,US,8.1,25741.0,11.644,7.722,Keegan Kuhn,DIRECTOR,66
Barakah Meets Barakah,MOVIE,2016,88,comedy,SA,6.3,1791.0,2.118,6.4,Hisham Fageeh,ACTOR,-1
ARQ,MOVIE,2016,88,thriller,US,6.3,40112.0,12.444,6.092,Robbie Amell,ACTOR,19
Aquarius,SHOW,2015,43,drama,US,7.0,12613.0,18.188,6.64,David Duchovny,ACTOR,39
The Lighthouse of the Orcas,MOVIE,2016,110,romance,AR,6.7,4008.0,9.695,7.0,Maribel Verdú,ACTOR,-1
A Silent Voice: The Movie,MOVIE,2016,130,drama,JP,8.1,86206.0,53.815,8.393,Miyu Irino,ACTOR,35
Phantom,MOVIE,2015,136,thriller,IN,5.9,9554.0,4.542,5.577,Saif Ali Khan,ACTOR,13
The Princess Weiyoung,SHOW,2016,45,drama,CN,7.8,909.0,14.558,6.976,Tang Yan,ACTOR,125
My Mother's Wound,MOVIE,2016,120,drama,TR,7.3,3878.0,4.046,6.9,Bora Akkaş,ACTOR,126
Grizzy & the Lemmings,SHOW,2016,7,animation,FR,7.1,688.0,42.242,8.2,Pierre-Alain de Garrigues,ACTOR,100
Paquita Salas,SHOW,2016,28,comedy,ES,8.0,3414.0,8.42,7.091,Brays Efe,ACTOR,155
For the Love of Spock,MOVIE,2016,111,documentation,CA,7.6,4349.0,9.814,7.4,Leonard Nimoy,ACTOR,15
The Doll,MOVIE,2016,106,thriller,ID,5.1,849.0,4.765,5.31,Shandy Aulia,ACTOR,128
One in a Billion,MOVIE,2016,70,documentation,US,6.7,568.0,2.029,6.6,Satnam Singh Bhamara,ACTOR,66
The White Helmets,MOVIE,2016,40,documentation,SY,6.540941965073206,21150.29081903414,6.067,7.366,Khalid Farah,ACTOR,-1
Love O2O,SHOW,2016,45,drama,CN,7.8,2885.0,17.258,6.323,Zheng Shuang,ACTOR,125
Journey to Greenland,MOVIE,2016,98,drama,GL,6.3,1376.0,4.473,6.0,Thomas Blanchard,ACTOR,-1
Riphagen the Untouchable,MOVIE,2016,132,thriller,NL,7.1,8102.0,8.676,6.5,Jeroen van Koningsbrugge,ACTOR,-1
Hot Girls Wanted,MOVIE,2015,84,documentation,US,6.1,17967.0,27.517,6.0,Stella May,ACTOR,66
The Haunted House,SHOW,2016,25,thriller,KR,8.3,104.0,16.478,7.333,Cho Hyun-jung,ACTOR,156
Janoskians: Untold and Untrue,MOVIE,2015,88,comedy,US,3.7,172.0,1.78,5.1,Connor Ball,ACTOR,4
Secrets of Great British Castles,SHOW,2015,44,documentation,GB,7.7,1145.0,3.412,6.818,Dan Jones,ACTOR,157
The Letdown,SHOW,2016,30,comedy,AU,7.5,3637.0,5.186,7.083,Alison Bell,ACTOR,82
The K2,SHOW,2016,65,action,KR,7.8,7359.0,25.531,7.4,Ji Chang-wook,ACTOR,158
Tea Time,MOVIE,2015,70,documentation,CL,7.6,524.0,2.106,7.0,Maria Teresa Muñoz,ACTOR,-1
Fifty,MOVIE,2015,101,drama,NG,6.1,272.0,1.977,4.9,Ireti Doyle,ACTOR,80
Danger Mouse,SHOW,2015,12,animation,GB,7.1,640.0,8.303,6.455,Alexander Armstrong,ACTOR,20
Fuller House,SHOW,2016,27,comedy,US,6.7,28183.0,32.668,7.587,Jodie Sweetin,ACTOR,16
Voltron: Legendary Defender,SHOW,2016,24,scifi,US,8.1,9168.0,20.583,7.367,Jeremy Shada,ACTOR,36
Zumbo's Just Desserts,SHOW,2016,50,reality,AU,6.9,2248.0,4.42,6.063,Adriano Zumbo,ACTOR,122
"Chatô, The King of Brazil",MOVIE,2015,100,drama,BR,6.0,713.0,3.609,4.896,Marco Ricca,ACTOR,119
The Third Party,MOVIE,2016,118,romance,PH,6.1,287.0,2.44,5.6,Angel Locsin,ACTOR,98
Incarnate,MOVIE,2016,91,thriller,US,5.3,13494.0,10.804,5.4,Aaron Eckhart,ACTOR,19
6 Years,MOVIE,2015,84,drama,US,5.6,12441.0,10.994,5.4,Taissa Farmiga,ACTOR,1
I'll Sleep When I'm Dead,MOVIE,2016,82,documentation,US,6.6,1396.0,3.95,6.4,Steve Aoki,ACTOR,66
Good Morning Call,SHOW,2016,48,comedy,JP,7.5,3333.0,16.041,6.895,Haruka Fukuhara,ACTOR,63
Mobile Suit Gundam: Iron-Blooded Orphans,SHOW,2015,24,war,JP,7.9,1868.0,26.866,6.9,Yoshimasa Hosoya,ACTOR,-1
Triumph in the Skies,MOVIE,2015,100,drama,HK,4.3,396.0,1.899,4.2,Louis Koo,ACTOR,78
Sand Storm,MOVIE,2016,87,drama,IL,6.8,3492.0,4.558,5.917,Lamis Ammar,ACTOR,-1
Pyaar Ka Punchnama 2,MOVIE,2015,159,drama,IN,7.3,15517.0,4.202,6.921,Kartik Aaryan,ACTOR,8
Divines,MOVIE,2016,105,drama,FR,7.4,10134.0,9.305,7.7,Oulaya Amamra,ACTOR,96
The Next Skin,MOVIE,2016,100,drama,ES,6.2,1820.0,6.472,5.855,Emma Suárez,ACTOR,46
Ali Baba and the 7 Dwarfs,MOVIE,2015,114,comedy,TR,5.6,20514.0,4.385,5.073,Cem Yılmaz,ACTOR,52
Ajin,SHOW,2016,23,animation,JP,7.6,6570.0,22.512,8.128,Mamoru Miyano,ACTOR,33
Talvar,MOVIE,2015,127,thriller,IN,8.1,36162.0,7.107,7.496,Irrfan Khan,ACTOR,13
Blue Jay,MOVIE,2016,80,drama,US,7.3,18503.0,9.36,7.0,Mark Duplass,ACTOR,1
Ip Man 3,MOVIE,2015,105,drama,CN,7.0,56985.0,26.799,6.975,Donnie Yen,ACTOR,61
In a Valley of Violence,MOVIE,2016,104,western,US,6.1,19732.0,16.289,6.1,Ethan Hawke,ACTOR,67
Snervous Tyler Oakley,MOVIE,2015,82,documentation,US,5.5,476.0,2.484,5.7,Tyler Oakley,ACTOR,66
Tony Robbins: I Am Not Your Guru,MOVIE,2016,115,documentation,US,6.6,4521.0,9.469,6.6,Tony Robbins,ACTOR,66
The CEO,MOVIE,2016,105,thriller,NG,5.8,124.0,2.011,2.0,Angélique Kidjo,ACTOR,134
Beasts of No Nation,MOVIE,2015,137,drama,US,7.7,83168.0,12.201,7.582,Abraham Attah,ACTOR,1
The Space Between Us,MOVIE,2016,120,drama,US,6.4,54143.0,20.927,7.1,Asa Butterfield,ACTOR,1
'76,MOVIE,2016,118,drama,NG,5.5,252.0,2.328,5.8,Rita Dominic,ACTOR,80
Ask the Storybots,SHOW,2016,26,animation,US,8.5,946.0,12.82,7.4,Judy Greer,ACTOR,32
Degrassi: Next Class,SHOW,2016,24,drama,CA,6.9,3499.0,11.866,6.809,Eric Osborne,ACTOR,56
Kong: King of the Apes,SHOW,2016,21,animation,US,5.8,345.0,11.757,6.2,Shannon Chan-Kent,ACTOR,32
Dérapages,SHOW,2015,53,drama,FR,7.6,16.0,10.484,6.667,Eric Cantona,ACTOR,145
The Do-Over,MOVIE,2016,108,action,US,5.7,48047.0,10.137,5.7,Adam Sandler,ACTOR,17
Between,SHOW,2015,31,scifi,CA,5.9,9463.0,15.711,5.727,Jennette McCurdy,ACTOR,-1
Our Lovers,MOVIE,2016,92,drama,ES,6.7,4362.0,6.573,7.2,Eduardo Noriega,ACTOR,46
Dhanak,MOVIE,2016,106,drama,IN,7.9,3893.0,3.414,7.3,Krrish Chhabria,ACTOR,8
David Cross: Making America Great Again,MOVIE,2016,74,comedy,US,6.6,1705.0,3.116,6.525,David Cross,ACTOR,4
Jonah,MOVIE,2016,97,drama,BR,5.4,230.0,2.072,6.0,Jesuíta Barbosa,ACTOR,119
Transformers: Robots In Disguise,SHOW,2015,21,animation,US,6.0,1148.0,10.083,7.542,Will Friedle,ACTOR,32
Visaranai,MOVIE,2015,117,drama,IN,8.5,11087.0,7.079,7.981,Dinesh Ravi,ACTOR,8
Servant Of The People 2,MOVIE,2016,100,comedy,UA,6.2,417.0,4.668,6.421,Volodymyr Zelenskyy,ACTOR,-1
The Unmarried Wife,MOVIE,2016,130,drama,PH,6.1,203.0,2.503,6.5,Angelica Panganiban,ACTOR,110
"Crouching Tiger, Hidden Dragon: Sword of Destiny",MOVIE,2016,96,drama,CN,6.1,20042.0,13.371,6.11,Michelle Yeoh,ACTOR,61
Dear My Friends,SHOW,2016,70,comedy,KR,8.2,428.0,9.447,6.9,Ko Hyun-jung,ACTOR,72
Other People,MOVIE,2016,97,drama,US,6.8,11862.0,7.76,6.357,Jesse Plemons,ACTOR,1
S Storm,MOVIE,2016,90,thriller,CN,5.2,751.0,5.397,5.531,Louis Koo,ACTOR,-1
Force 2,MOVIE,2016,123,crime,IN,6.2,5759.0,5.202,6.7,John Abraham,ACTOR,12
Budhia Singh: Born to Run,MOVIE,2016,112,drama,IN,7.6,1549.0,2.995,6.273,Manoj Bajpayee,ACTOR,8
The Siege of Jadotville,MOVIE,2016,108,drama,ZA,7.2,41265.0,15.081,7.2,Jamie Dornan,ACTOR,132
"Beard, Hair & Stache",MOVIE,2016,120,documentation,BR,7.4,14.0,0.884,6.633193712829227,Afonsinho,ACTOR,131
Intersection,SHOW,2016,101,drama,TR,6.6,1329.0,19.37,5.563,Ege Aydan,ACTOR,159
LEGO Marvel Super Heroes: Avengers Reassembled!,MOVIE,2015,22,family,US,6.1,942.0,16.499,6.5,Laura Bailey,ACTOR,136
My Beautiful Broken Brain,MOVIE,2016,84,documentation,GB,7.1,2359.0,4.743,7.1,Lotje Sodderland,ACTOR,73
A Very Murray Christmas,MOVIE,2015,56,comedy,US,5.5,15898.0,10.592,5.3,Bill Murray,ACTOR,4
Ricardo O'Farrill: Abrazo Genial,MOVIE,2016,92,comedy,MX,5.5,118.0,0.884,4.7,Ricardo O'Farrill,ACTOR,43
The Get Down,SHOW,2016,61,drama,US,8.2,22940.0,9.734,7.366,Justice Smith,ACTOR,39
Güeros,MOVIE,2015,106,comedy,MX,7.5,4659.0,8.132,7.5,Sebastián Aguirre,ACTOR,43
Sky Ladder: The Art of Cai Guo-Qiang,MOVIE,2016,80,documentation,US,7.3,1533.0,3.931,7.0,Cai Guoqiang,ACTOR,66
Kapoor & Sons,MOVIE,2016,140,romance,IN,7.7,27087.0,9.868,7.0,Sidharth Malhotra,ACTOR,9
Love O2O,MOVIE,2016,105,drama,CN,6.4,1111.0,7.052,6.9,AngelaBaby,ACTOR,61
Lady Dynamite,SHOW,2016,30,comedy,US,7.3,3818.0,5.961,7.3,Maria Bamford,ACTOR,16
Asperger's Are Us,MOVIE,2016,83,documentation,US,6.6,737.0,3.745,5.6,Noah Britton,ACTOR,66
"What Happened, Miss Simone?",MOVIE,2015,101,music,US,7.6,14261.0,7.36,7.483,Nina Simone,ACTOR,94
Heneral Luna,MOVIE,2015,118,comedy,PH,7.3,2328.0,7.102,7.6,John Arcilla,ACTOR,107
Jimmy Carr: Funny Business,MOVIE,2016,62,comedy,GB,7.2,4542.0,5.883,6.9,Jimmy Carr,ACTOR,6
Circle,MOVIE,2015,87,thriller,US,6.0,52925.0,12.656,6.043,Julie Benz,ACTOR,19
"Liar, Liar, Vampire",MOVIE,2015,69,comedy,US,5.7,1025.0,12.336,7.1,Rahart Adams,ACTOR,4
I Am the Pretty Thing That Lives in the House,MOVIE,2016,89,drama,US,4.6,15124.0,11.522,4.47,Ruth Wilson,ACTOR,1
Oloibiri,MOVIE,2016,106,thriller,CA,5.1,183.0,1.327,6.633193712829227,William R. Moses,ACTOR,160
The Miracle,SHOW,2016,18,drama,KR,6.2,242.0,10.898,6.333,Kim Na-hyun,ACTOR,90
A Second Chance,MOVIE,2015,90,drama,AU,4.7,1109.0,7.546,6.185,Adam Tuominen,ACTOR,143
U Turn,MOVIE,2016,120,thriller,IN,7.5,3310.0,4.919,6.771,Shraddha Srinath,ACTOR,13
Extremis,MOVIE,2016,24,documentation,US,6.540941965073206,21150.29081903414,4.703,7.1,Monica Bhargava,ACTOR,66
Stories by Rabindranath Tagore,SHOW,2015,43,drama,IN,8.7,1379.0,4.1,7.3,Radhika Apte,ACTOR,140
The Young Messiah,MOVIE,2016,111,drama,US,5.7,3720.0,14.218,6.401,Adam Greaves-Neal,ACTOR,1
Jessica Darling's It List,MOVIE,2016,79,family,US,5.4,1046.0,14.208,5.9,Chloe East,ACTOR,136
Audrie & Daisy,MOVIE,2016,98,documentation,US,7.2,6788.0,9.718,7.2,Daisy Coleman,ACTOR,66
Wet Hot American Summer: First Day of Camp,SHOW,2015,29,comedy,US,7.3,24430.0,9.569,6.395,Janeane Garofalo,ACTOR,16
Beat Bugs,SHOW,2016,15,animation,AU,7.6,538.0,7.568,5.6,Lili Beaudoin,ACTOR,-1
The Ivory Game,MOVIE,2016,112,documentation,US,7.9,3243.0,7.362,7.6,Ofir Drori,ACTOR,66
Tallulah,MOVIE,2016,111,drama,US,6.7,20690.0,6.561,6.7,Elliot Page,ACTOR,1
Flaked,SHOW,2016,32,drama,US,7.2,11792.0,5.879,6.797,Will Arnett,ACTOR,39
Amanda Knox,MOVIE,2016,92,crime,US,6.9,25238.0,8.417,6.7,Amanda Knox,ACTOR,3
World of Winx,SHOW,2016,24,animation,US,6.7,764.0,6.123,8.0,Unknown,Unknown,32
Dawn of the Croods,SHOW,2015,23,comedy,US,5.8,770.0,22.176,7.7,Dan Milano,ACTOR,16
Terrace House: Aloha State,SHOW,2016,36,reality,JP,7.5,1052.0,9.848,7.4,YOU,ACTOR,48
Cooked,SHOW,2016,53,documentation,US,7.6,43.0,3.178,7.3,Michael Pollan,ACTOR,0
The Bye Bye Man,MOVIE,2016,96,horror,US,4.3,24810.0,18.258,5.2,Douglas Smith,ACTOR,31
Rebirth,MOVIE,2016,101,thriller,US,5.0,5554.0,10.817,4.7,Fran Kranz,ACTOR,19
A Touch of Green,SHOW,2015,46,drama,TW,8.3,382.0,8.281,8.1,Weber Yang,ACTOR,69
Barry,MOVIE,2016,104,drama,US,6.0,7432.0,8.154,5.8,Devon Terrell,ACTOR,1
Brothers,MOVIE,2015,155,drama,IN,6.4,13372.0,7.119,6.5,Akshay Kumar,ACTOR,8
Always Be My Maybe,MOVIE,2016,112,romance,PH,6.6,398.0,3.516,6.577,Arci Muñoz,ACTOR,98
Everything About Her,MOVIE,2016,126,comedy,PH,7.2,347.0,2.542,8.1,Vilma Santos,ACTOR,107
Molang,SHOW,2015,4,animation,FR,8.3,425.0,13.631,6.2,Unknown,Unknown,100
Special Correspondents,MOVIE,2016,100,comedy,US,5.9,25043.0,10.354,5.732,Ricky Gervais,ACTOR,4
White Girl,MOVIE,2016,88,drama,US,5.7,10646.0,12.556,5.702,Morgan Saylor,ACTOR,1
Paranoid,SHOW,2016,44,thriller,GB,6.6,9108.0,9.125,6.383,Indira Varma,ACTOR,-1
Keith Richards: Under the Influence,MOVIE,2015,82,music,US,7.1,3484.0,6.575,6.7,Keith Richards,ACTOR,94
Crazyhead,SHOW,2016,43,comedy,GB,7.2,5186.0,5.633,6.7,Cara Theobold,ACTOR,5
Tig,MOVIE,2015,95,documentation,US,7.4,2745.0,5.476,7.2,Tig Notaro,ACTOR,66
Inspector Gadget,SHOW,2015,22,action,CA,4.5,653.0,17.601,6.1,Ivan Sherry,ACTOR,123
Real Rob,SHOW,2015,31,comedy,US,6.4,2981.0,5.902,6.4,Rob Schneider,ACTOR,16
Dinotrux,SHOW,2015,23,animation,US,6.8,488.0,5.698,6.9,Andrew Francis,ACTOR,32
Tokyo Trial,SHOW,2016,48,drama,US,7.4,1544.0,4.785,6.409,Tim Ahern,ACTOR,39
Richie Rich,SHOW,2015,23,drama,US,3.2,1201.0,12.082,6.074,Jake Brennan,ACTOR,39
The Dreamseller,MOVIE,2016,93,drama,BR,6.0,1720.0,9.58,6.462,César Troncoso,ACTOR,119
Tamasha,MOVIE,2015,139,romance,IN,7.3,28797.0,8.813,6.6,Ranbir Kapoor,ACTOR,9
Puffin Rock,SHOW,2015,11,family,IE,8.7,970.0,8.424,7.143,Unknown,Unknown,-1
Project Mc²,SHOW,2015,25,family,US,6.1,1120.0,7.264,7.91,Mika Abdalla,ACTOR,37
John Mulaney: The Comeback Kid,MOVIE,2015,62,comedy,US,7.9,8840.0,5.336,7.7,John Mulaney,ACTOR,4
Kiss of Life,MOVIE,2015,102,comedy,TR,5.9,1248.0,4.602,4.4,Ali Sunal,ACTOR,52
Vince & Kath & James,MOVIE,2016,116,romance,PH,6.8,391.0,3.1,6.4,Joshua Garcia,ACTOR,98
Chasing Cameron,SHOW,2016,28,reality,US,3.7,513.0,2.752,4.3,Blake Gray,ACTOR,26
Bo Burnham: Make Happy,MOVIE,2016,60,comedy,US,8.4,14356.0,7.014,8.1,Bo Burnham,ACTOR,4
Tales by Light,SHOW,2015,28,documentation,AU,8.2,1982.0,5.001,7.526,Angela Scott,ACTOR,161
Home: Adventures with Tip & Oh,SHOW,2016,20,family,US,6.2,638.0,11.064,7.1,Rachel Crow,ACTOR,37
Terrace House: Boys & Girls in the City,SHOW,2015,28,reality,JP,8.1,1737.0,10.283,7.4,YOU,ACTOR,48
Kevin Hart: What Now?,MOVIE,2016,96,comedy,US,5.9,9680.0,6.995,6.534,Kevin Hart,ACTOR,4
Mucize,MOVIE,2015,136,drama,TR,7.6,13156.0,6.608,7.2,Talat Bulut,ACTOR,126
Team Foxcatcher,MOVIE,2016,91,documentation,US,7.3,6834.0,6.143,7.1,Dave Schultz,ACTOR,66
Ali Wong: Baby Cobra,MOVIE,2016,60,comedy,US,7.5,7289.0,5.926,7.286,Ali Wong,ACTOR,4
Old Money,SHOW,2015,47,comedy,AT,7.3,518.0,3.55,5.964,Udo Kier,ACTOR,-1
Spotless,SHOW,2015,58,drama,FR,7.7,3743.0,3.01,6.769,Denis Ménochet,ACTOR,145
Aerials,MOVIE,2016,90,drama,AE,1.5,414.0,1.547,2.0,Saga Alyasery,ACTOR,38
XV Beyond the Tryline,MOVIE,2016,91,documentation,GB,7.0,79.0,1.249,7.5,Prince Harry,ACTOR,73
Kuromukuro,SHOW,2016,24,animation,JP,7.2,1348.0,9.837,6.776,Manami Sugihira,ACTOR,33
Mercy,MOVIE,2016,82,thriller,US,4.2,3599.0,7.861,4.2,James Wolk,ACTOR,19
Word Party,SHOW,2016,13,animation,US,5.6,366.0,5.93,7.5,Misty Rosas,ACTOR,32
Manson Family Vacation,MOVIE,2015,85,thriller,US,5.8,3082.0,5.717,5.8,Jay Duplass,ACTOR,19
Justin Timberlake + The Tennessee Kids,MOVIE,2016,90,documentation,US,7.6,2240.0,5.334,7.395,Justin Timberlake,ACTOR,66
Niyazi Gül Dörtnala,MOVIE,2015,106,comedy,TR,4.5,3170.0,4.317,4.2,Ata Demirer,ACTOR,52
Captive,SHOW,2016,63,documentation,US,6.8,783.0,3.138,6.133,Unknown,Unknown,0
Bibik Bibikku,SHOW,2016,40,drama,MY,6.540941965073206,21150.29081903414,1.83,2.0,Syafi Danish,ACTOR,-1
XOXO,MOVIE,2016,92,drama,US,5.3,7136.0,14.604,6.0,Sarah Hyland,ACTOR,1
LEGO Jurassic World: The Indominus Escape,MOVIE,2016,24,comedy,US,6.540941965073206,21150.29081903414,11.42,5.8,Bryce Dallas Howard,ACTOR,4
Dil Dhadakne Do,MOVIE,2015,170,drama,IN,7.0,18410.0,10.718,6.9,Anil Kapoor,ACTOR,8
Marco Polo: One Hundred Eyes,MOVIE,2015,28,history,US,7.7,10923.0,10.018,7.229,Tom Wu,ACTOR,-1
Toro,MOVIE,2016,105,drama,FR,5.9,3328.0,8.284,5.997,Mario Casas,ACTOR,96
David Brent: Life on the Road,MOVIE,2016,96,comedy,GB,6.3,20005.0,8.054,6.1,Ricky Gervais,ACTOR,6
Miss in Kiss,SHOW,2016,27,comedy,TW,7.1,105.0,8.048,6.0,Esther Wu,ACTOR,115
Mohenjo Daro,MOVIE,2016,155,drama,IN,5.6,12129.0,7.653,6.424,Hrithik Roshan,ACTOR,8
Fate/Grand Order: First Order,MOVIE,2016,72,action,JP,5.7,965.0,11.356,6.8,Nobunaga Shimazaki,ACTOR,81
Raising the Bar,MOVIE,2016,93,drama,AU,5.5,1661.0,11.05,6.5,Kelli Berglund,ACTOR,143
White Nights,SHOW,2016,62,drama,KR,6.9,318.0,8.123,7.462,Lee Jae-yong,ACTOR,90
The Mr. Peabody & Sherman Show,SHOW,2015,23,family,US,5.5,486.0,7.897,7.0,Chris Parnell,ACTOR,37
Hunterrr,MOVIE,2015,141,drama,IN,7.0,6471.0,3.174,6.2,Gulshan Devaiah,ACTOR,8
That Thing Called Tadhana,MOVIE,2015,110,romance,PH,7.4,1050.0,3.119,6.4,Angelica Panganiban,ACTOR,98
Sniper: Ghost Shooter,MOVIE,2016,100,action,US,6.540941965073206,21150.29081903414,50.9,6.474,Billy Zane,ACTOR,17
Veteran,MOVIE,2015,119,action,KR,7.0,7055.0,10.726,6.9,Hwang Jung-min,ACTOR,162
ABCD 2,MOVIE,2015,154,music,IN,5.4,6665.0,6.995,5.7,Prabhu Deva,ACTOR,-1
Iliza Shlesinger: Confirmed Kills,MOVIE,2016,77,comedy,US,6.6,3021.0,4.708,6.425,Iliza Shlesinger,ACTOR,4
W/ Bob & David,SHOW,2015,35,comedy,US,7.4,4160.0,4.499,6.818,David Cross,ACTOR,16
Just the Way You Are,MOVIE,2015,107,drama,PH,6.3,544.0,3.96,7.4,Enrique Gil,ACTOR,110
Colin Quinn: Unconstitutional,MOVIE,2015,55,comedy,US,7.1,488.0,2.621,6.9,Colin Quinn,ACTOR,4
Colin Quinn: The New York Story,MOVIE,2016,62,comedy,US,6.9,1031.0,2.446,6.083,Colin Quinn,ACTOR,4
Pandora,MOVIE,2016,136,action,KR,6.6,7895.0,19.002,7.504,Kim Nam-gil,ACTOR,162
Trouble on Wheels,MOVIE,2015,105,comedy,TR,6.7,9260.0,6.485,6.377,Cengiz Bozkurt,ACTOR,52
White Rabbit Project,SHOW,2016,48,reality,US,6.9,1693.0,5.187,6.6,Grant Imahara,ACTOR,26
Fitoor,MOVIE,2016,131,drama,IN,5.4,4986.0,5.11,5.9,Tabu,ACTOR,8
Ok Kanmani,MOVIE,2015,139,drama,IN,7.4,6254.0,4.998,6.772,Dulquer Salmaan,ACTOR,8
Hannibal Buress: Comedy Camisado,MOVIE,2016,67,comedy,US,6.6,1556.0,4.8,6.4,Hannibal Buress,ACTOR,4
Hibana: Spark,SHOW,2016,53,drama,JP,7.8,1017.0,4.718,7.8,Kento Hayashi,ACTOR,57
Barcelona: A Love Untold,MOVIE,2016,132,drama,PH,6.6,796.0,4.154,6.0,Kathryn Bernardo,ACTOR,110
Husband Factor,MOVIE,2015,108,romance,TR,6.1,5234.0,3.512,5.7,Ezgi Mola,ACTOR,-1
My Stupid Boss,MOVIE,2016,106,comedy,ID,7.1,1637.0,3.319,6.9,Bunga Citra Lestari,ACTOR,163
Everyday I Love You,MOVIE,2015,122,drama,PH,7.0,516.0,2.823,7.8,Liza Soberano,ACTOR,110
Sen Benim Her Şeyimsin,MOVIE,2016,107,comedy,TR,6.2,2820.0,2.679,6.037,Tolga Çevik,ACTOR,52
Couple of Days,MOVIE,2016,103,drama,NG,7.0,23.0,1.27,3.0,Adesua Etomi-Wellington,ACTOR,80
Gridlocked,MOVIE,2016,114,action,CA,5.8,4745.0,10.554,5.9,Dominic Purcell,ACTOR,-1
100 Meters,MOVIE,2016,108,comedy,ES,7.5,6563.0,8.215,7.3,Dani Rovira,ACTOR,164
Iliza Shlesinger: Freezing Hot,MOVIE,2015,71,comedy,US,6.8,2733.0,4.476,6.7,Iliza Shlesinger,ACTOR,4
Chris Tucker: Live,MOVIE,2015,92,comedy,US,6.3,2027.0,3.642,6.0,Chris Tucker,ACTOR,4
Dedemin Fişi,MOVIE,2016,100,comedy,TR,5.5,3524.0,2.98,5.468,Erdem Yener,ACTOR,52
Bottersnikes & Gumbles,SHOW,2016,13,comedy,US,5.3,50.0,6.713,6.0,Robbie Daymond,ACTOR,16
Wedding Association 2: Circumcision,MOVIE,2015,107,comedy,TR,6.3,10732.0,5.533,5.944,Ahmet Kural,ACTOR,52
Demetri Martin: Live (At The Time),MOVIE,2015,61,comedy,US,7.4,2286.0,4.423,7.0,Demetri Martin,ACTOR,4
Chris D'Elia: Incorrigible,MOVIE,2015,84,comedy,US,6.4,1567.0,3.878,6.189,Chris D'Elia,ACTOR,4
Dharam Sankat Mein,MOVIE,2015,129,drama,IN,6.3,2323.0,3.762,6.8,Paresh Rawal,ACTOR,8
Brent Morin: I'm Brent Morin,MOVIE,2015,67,comedy,US,6.5,728.0,3.752,7.308,Brent Morin,ACTOR,4
Jen Kirkman: I'm Gonna Die Alone (And I Feel Fine),MOVIE,2015,78,comedy,US,6.8,1506.0,3.518,6.8,Jen Kirkman,ACTOR,4
Anjelah Johnson: Not Fancy,MOVIE,2015,63,comedy,US,5.8,731.0,3.134,4.7,Anjelah Johnson-Reyes,ACTOR,4
Front Cover,MOVIE,2016,87,comedy,US,6.4,1059.0,2.865,6.2,Jake Choi,ACTOR,4
The Breakup Playlist,MOVIE,2015,117,romance,PH,6.5,320.0,2.737,6.8,Sarah Geronimo,ACTOR,98
The Super Parental Guardians,MOVIE,2016,115,comedy,PH,4.6,231.0,2.569,5.5,Vice Ganda,ACTOR,107
Vanished 46,SHOW,2016,63,scifi,TR,8.2,4473.0,2.465,7.111,Erdal Beşikçioğlu,ACTOR,165
The Love Affair,MOVIE,2015,125,drama,PH,6.3,274.0,2.42,5.7,Richard Gomez,ACTOR,110
Souk Bazaar,MOVIE,2015,97,comedy,TR,5.2,1940.0,1.936,4.9,Erdem Yener,ACTOR,52
Dragons: Race to the Edge,SHOW,2015,22,action,US,8.2,6953.0,53.846,8.201,Jay Baruchel,ACTOR,30
Cinderella and Four Knights,SHOW,2016,61,drama,KR,7.4,4405.0,20.506,7.1,Jung Il-woo,ACTOR,90
Another Miss Oh,SHOW,2016,67,drama,KR,7.8,2049.0,16.67,8.179,Eric Mun,ACTOR,90
The Boss: Anatomy of a Crime,MOVIE,2015,98,drama,AR,7.3,2298.0,14.361,7.728,Joaquín Furriel,ACTOR,83
Rainbow Ruby,SHOW,2016,12,family,CN,6.7,91.0,11.284,6.0,Shin Tae sik,DIRECTOR,-1
Midnight Diner: Tokyo Stories,SHOW,2016,25,drama,JP,8.4,4452.0,10.53,7.5,Kaoru Kobayashi,ACTOR,57
Sunny Bunnies,SHOW,2015,3,animation,BY,6.1,114.0,9.909,2.0,Andrew Ledenev,DIRECTOR,-1
My Runway,SHOW,2016,24,comedy,KR,6.3,309.0,9.61,7.588,Park Ji-yeon,ACTOR,72
H20: Mermaid Adventures,SHOW,2015,24,fantasy,FR,5.5,219.0,9.607,7.864,Katharina von Keller,ACTOR,-1
One More Time,SHOW,2016,31,drama,KR,6.8,615.0,9.499,6.727,L,ACTOR,90
The Sound of Your Heart,SHOW,2016,24,drama,KR,8.2,1270.0,9.065,7.706,Lee Kwang-soo,ACTOR,90
My Sunshine,SHOW,2015,45,drama,CN,6.6,230.0,9.001,6.433,Wallace Chung,ACTOR,125
LEGO Friends: The Power of Friendship,SHOW,2016,23,animation,US,7.1,55.0,8.845,7.631,Sara Ekander Poulsen,ACTOR,32
Три кота,SHOW,2015,6,animation,RU,7.0,115.0,7.641,5.0,Unknown,Unknown,-1
The Good Cop,SHOW,2015,28,comedy,IL,7.6,412.0,7.479,7.0,Yuval Semo,ACTOR,-1
Lego Bionicle: The Journey to One,SHOW,2016,20,animation,US,5.5,198.0,6.88,7.2,Nicolas-Denis Robitaille,DIRECTOR,32
Road To High & Low,MOVIE,2016,95,action,JP,6.4,232.0,6.745,7.0,Takanori Iwata,ACTOR,81
Shaandaar,MOVIE,2015,144,comedy,IN,3.6,5993.0,5.997,4.8,Shahid Kapoor,ACTOR,24
Jim Jefferies: Freedumb,MOVIE,2016,86,comedy,US,7.7,5642.0,5.95,7.268,Jim Jefferies,ACTOR,4
Aziz Ansari: Live at Madison Square Garden,MOVIE,2015,58,comedy,US,6.6,3319.0,5.886,6.7,Aziz Ansari,ACTOR,4
Popples,SHOW,2015,25,animation,FR,6.1,57.0,5.78,8.0,Ben Diskin,ACTOR,100
Kazoops!,SHOW,2016,13,animation,GB,7.4,126.0,5.763,8.0,Unknown,Unknown,20
Atelier,SHOW,2015,69,drama,JP,5.0,7.0,5.692,7.471,Mirei Kiritani,ACTOR,57
Back to 1989,SHOW,2016,44,scifi,TW,8.2,126.0,5.667,7.778,Marcus Chang,ACTOR,-1
72 Cutest Animals,SHOW,2016,27,documentation,AU,5.7,469.0,5.632,5.75,Graham Mitchell,ACTOR,161
Anthony Jeselnik: Thoughts and Prayers,MOVIE,2015,59,comedy,US,7.7,5515.0,5.607,7.4,Anthony Jeselnik,ACTOR,4
Kulipari: An Army of Frogs,SHOW,2016,24,action,US,6.9,267.0,5.305,6.5,Keith David,ACTOR,30
Lang Tong,MOVIE,2015,83,thriller,SG,4.8,388.0,5.221,3.8,Vivienne Tseng,ACTOR,-1
HiGH&LOW: The Red Rain,MOVIE,2016,110,action,JP,6.1,354.0,5.064,7.8,Takahiro,ACTOR,81
Jeff Dunham: Unhinged in Hollywood,MOVIE,2015,60,comedy,US,6.7,767.0,4.882,6.0,Jeff Dunham,ACTOR,4
Luna Petunia,SHOW,2016,24,animation,CA,6.4,56.0,4.825,6.5,Ciara Alexys,ACTOR,65
Mike Epps: Don't Take It Personal,MOVIE,2015,60,comedy,US,4.4,298.0,4.525,4.8,Mike Epps,ACTOR,4
Trailer Park Boys: Out of the Park: Europe,SHOW,2016,29,action,CA,7.0,2476.0,4.462,6.083,John Paul Tremblay,ACTOR,123
Care Bears and Cousins,SHOW,2015,22,animation,US,6.8,85.0,4.433,7.625,Unknown,Unknown,32
Misunderstanding,MOVIE,2015,120,romance,EG,4.2,797.0,4.372,6.633193712829227,Cyrine Abdel Nour,ACTOR,109
The Truth Seekers,SHOW,2016,44,drama,SG,6.9,17.0,4.298,6.633193712829227,Chen Hanwei,ACTOR,106
Netflix Presents: The Characters,SHOW,2016,31,comedy,US,5.4,909.0,4.192,4.789,John Early,ACTOR,16
Husband Factor: Resurrection,MOVIE,2016,108,comedy,TR,5.7,3121.0,4.191,5.7,Ezgi Mola,ACTOR,52
Patton Oswalt: Talking for Clapping,MOVIE,2016,65,comedy,US,6.8,2057.0,4.182,6.6,Patton Oswalt,ACTOR,4
You're My Boss,MOVIE,2015,116,comedy,PH,6.2,302.0,3.976,8.1,Toni Gonzaga,ACTOR,107
Selfie 69,MOVIE,2016,116,romance,RO,6.1,1700.0,3.905,6.694,Crina Semciuc,ACTOR,-1
Tom Segura: Mostly Stories,MOVIE,2016,73,comedy,US,7.5,3820.0,3.862,7.1,Tom Segura,ACTOR,4
Fearless,SHOW,2016,42,documentation,US,7.1,318.0,3.737,7.286,Grant Crookes,ACTOR,0
Ralphie May: Unruly,MOVIE,2015,83,comedy,US,6.540941965073206,21150.29081903414,3.529,4.9,Ralphie May,ACTOR,4
Dreamworks Happy Holidays from Madagascar,SHOW,2016,31,family,US,6.5,117.0,3.42,6.633193712829227,Tom McGrath,ACTOR,37
Jeff Foxworthy & Larry the Cable Guy: We've Been Thinking,MOVIE,2016,74,comedy,US,5.9,676.0,3.159,5.545,Jeff Foxworthy,ACTOR,4
The Massively Mixed-Up Middle School Mystery,MOVIE,2015,39,thriller,,6.8,98.0,3.014,6.633193712829227,Jenna Ortega,ACTOR,166
Gecko's Garage,SHOW,2015,13,animation,GB,5.5,35.0,3.008,5.0,Christian Hughes,ACTOR,20
Cedric the Entertainer: Live from the Ville,MOVIE,2016,60,comedy,US,6.2,711.0,2.989,5.8,Cedric the Entertainer,ACTOR,4
Carlos Ballarta: el amor es de putos,MOVIE,2016,67,comedy,MX,7.1,245.0,2.98,6.5,Carlos Ballarta,ACTOR,43
Love Storm,SHOW,2016,87,family,TW,5.5,329.0,2.958,9.0,Wu Kang-ren,ACTOR,-1
Gabriel Iglesias: I'm Sorry for What I Said When I Was Hungry,MOVIE,2016,87,comedy,US,7.4,2725.0,2.902,7.0,Gabriel Iglesias,ACTOR,4
Ordinary People,MOVIE,2016,107,drama,PH,7.4,812.0,2.841,6.0,Ronwaldo Martin,ACTOR,110
72 Dangerous Places to Live,SHOW,2016,45,documentation,AU,6.3,412.0,2.673,5.444,Mitch Ryan,ACTOR,161
Halal Love,MOVIE,2016,95,drama,DE,6.4,482.0,2.66,5.8,Berlin Badr,ACTOR,47
Dohchay,MOVIE,2015,138,crime,IN,5.8,701.0,2.593,3.9,Naga Chaitanya Akkineni,ACTOR,12
Santa Banta Pvt Ltd,MOVIE,2016,112,comedy,IN,2.7,293.0,2.559,3.8,Boman Irani,ACTOR,24
Ave Maria,MOVIE,2015,15,comedy,DE,6.540941965073206,21150.29081903414,2.53,5.9,Maria Zreik,ACTOR,45
Chef's Table: France,SHOW,2016,46,documentation,US,8.2,1792.0,2.517,8.3,Unknown,Unknown,0
3000 Nights,MOVIE,2016,103,drama,JO,7.0,820.0,2.484,6.3,Rakeen Saad,ACTOR,-1
Chelsea Does,SHOW,2016,70,documentation,US,7.4,2542.0,2.384,5.846,Chelsea Handler,ACTOR,0
Thomas & Friends: Full Steam To The Rescue!,MOVIE,2016,93,family,GB,6.540941965073206,21150.29081903414,2.253,7.3,Mark Moraghan,ACTOR,-1
Motu Patlu: King Of Kings,MOVIE,2016,109,animation,IN,6.7,174.0,2.201,9.0,Vinay Pathak,ACTOR,103
A Chaster Marriage,MOVIE,2016,93,comedy,TR,5.4,874.0,2.185,5.1,Emre Karayel,ACTOR,52
Bangistan,MOVIE,2015,135,drama,IN,4.5,1352.0,2.161,6.3,Ritesh Deshmukh,ACTOR,8
Sofía Niño de Rivera: Exposed,MOVIE,2016,80,comedy,MX,7.3,323.0,2.032,7.2,Sofía Niño de Rivera,ACTOR,43
"Have You Ever Fallen in Love, Miss Jiang?",SHOW,2016,85,drama,TW,6.540941965073206,21150.29081903414,1.92,6.633193712829227,Lan Cheng-lung,ACTOR,69
A Man Returned,MOVIE,2016,30,documentation,LB,6.540941965073206,21150.29081903414,1.919,5.1,Reda Al-Saleh,ACTOR,-1
Kathleen Madigan: Bothering Jesus,MOVIE,2016,71,comedy,US,7.4,583.0,1.914,7.0,Kathleen Madigan,ACTOR,4
Virunga: Gorillas in Peril,MOVIE,2015,28,documentation,US,6.6,34.0,1.864,7.0,Unknown,Unknown,66
"Do Paise Ki Dhoop, Chaar Aane Ki Baarish",MOVIE,2016,121,drama,IN,6.6,239.0,1.805,6.0,Rajit Kapoor,ACTOR,8
"Trailer Park Boys: Drunk, High and Unemployed: Live In Austin",MOVIE,2015,74,comedy,CA,6.5,1110.0,1.764,5.294,Mike Smith,ACTOR,74
Dieter Nuhr: Nuhr in Berlin,MOVIE,2016,68,comedy,DE,4.7,75.0,1.644,6.2,Dieter Nuhr,ACTOR,45
The Last Egg,MOVIE,2016,95,romance,VN,4.0,118.0,1.601,6.0,Bình Minh,ACTOR,-1
Those who fear are dead,MOVIE,2016,110,drama,EG,3.8,102.0,1.471,2.7,Ghada Abdel Razek,ACTOR,7
The Creative Indians,SHOW,2016,29,documentation,US,8.3,47.0,1.4,9.0,Unknown,Unknown,0
Poshter Girl,MOVIE,2016,140,comedy,IN,6.7,344.0,1.374,8.0,Madhav Abhyankar,ACTOR,24
Hans Teeuwen: Echte Rancune,MOVIE,2016,63,comedy,NL,6.540941965073206,21150.29081903414,1.329,6.3,Hans Teeuwen,ACTOR,167
Jandino: Whatever it Takes,MOVIE,2016,94,comedy,GB,4.6,32.0,1.329,5.0,Jandino Asporaat,ACTOR,6
The Flower of Aleppo,MOVIE,2016,100,drama,TN,5.4,128.0,1.279,6.2,Hend Sabry,ACTOR,-1
The Tour,MOVIE,2016,93,comedy,CZ,6.540941965073206,21150.29081903414,1.269,7.0,Miloš Knor,ACTOR,-1
Unchained fate,SHOW,2016,40,scifi,MY,6.540941965073206,21150.29081903414,1.106,6.633193712829227,Lenna Lim,ACTOR,-1
Brother Jekwu,MOVIE,2016,103,comedy,NG,6.540941965073206,21150.29081903414,1.104,6.633193712829227,Juliet Ochienge,ACTOR,121
Lakeeran,MOVIE,2016,113,drama,IN,6.5,36.0,1.102,6.633193712829227,Yuvika Chaudhary,ACTOR,8
Black,MOVIE,2015,90,action,,4.5,83.0,0.964,6.633193712829227,Unknown,Unknown,168
Two Degrees of Murder,MOVIE,2016,98,drama,ZA,7.1,49.0,0.964,6.0,Marius Weyers,ACTOR,132
Project Marathwada,MOVIE,2016,110,drama,IN,6.6,92.0,0.929,6.633193712829227,Om Puri,ACTOR,8
Besieged Bread,MOVIE,2016,12,drama,SY,6.540941965073206,21150.29081903414,0.924,5.0,Lama Hakeim,ACTOR,-1
The Dream Job,SHOW,2016,44,drama,SG,6.7,17.0,0.895,6.633193712829227,Hugo Ng,ACTOR,106
Motu Patlu Aur Khazaane Ki Race,MOVIE,2015,75,animation,IN,6.540941965073206,21150.29081903414,0.845,6.633193712829227,Suhas Kadav,DIRECTOR,103
Animal,MOVIE,2016,13,drama,,6.540941965073206,21150.29081903414,0.808,6.633193712829227,Nayla Al Khaja,DIRECTOR,38
Ricardo O'Farrill: abrazo navideño,MOVIE,2016,31,comedy,MX,5.8,77.0,0.806,4.4,Ricardo O'Farrill,ACTOR,43
StoryBots Super Songs,SHOW,2016,21,animation,US,8.7,183.0,0.701,9.0,Unknown,Unknown,32
Secret of Success,SHOW,2015,41,drama,MY,6.540941965073206,21150.29081903414,0.6,6.633193712829227,Jack Tan,ACTOR,-1
Grandmother's Farm Part 2,MOVIE,2015,80,comedy,AE,5.6,68.0,19.267195915153582,6.633193712829227,Unknown,Unknown,139
Dinosaur World,MOVIE,2015,65,animation,IN,6.540941965073206,21150.29081903414,19.267195915153582,6.633193712829227,Unknown,Unknown,103
Tariqi: My Way,SHOW,2015,42,drama,US,7.2,161.0,19.267195915153582,6.633193712829227,Unknown,Unknown,39
Mind Game,SHOW,2015,44,action,JP,7.1,15.0,19.267195915153582,6.633193712829227,Unknown,Unknown,27
You,SHOW,2018,48,drama,US,7.7,261831.0,341.151,8.118,Penn Badgley,ACTOR,39
New Amsterdam,SHOW,2018,43,drama,US,8.0,43464.0,163.879,8.462,Ryan Eggold,ACTOR,39
Ozark,SHOW,2017,60,crime,US,8.5,322557.0,111.484,8.245,Jason Bateman,ACTOR,135
Dark,SHOW,2017,56,drama,DE,8.7,401384.0,132.889,8.423,Louis Hofmann,ACTOR,169
Derry Girls,SHOW,2018,26,comedy,GB,8.5,46553.0,20.005,8.078,Saoirse-Monica Jackson,ACTOR,5
The Sinner,SHOW,2017,45,drama,US,7.9,128720.0,141.568,7.463,Bill Pullman,ACTOR,39
Cobra Kai,SHOW,2018,33,action,US,8.5,190785.0,218.009,8.2,Ralph Macchio,ACTOR,30
Mindhunter,SHOW,2017,53,drama,US,8.6,261429.0,49.688,8.067,Jonathan Groff,ACTOR,39
Babylon Berlin,SHOW,2017,47,drama,DE,8.4,26324.0,57.447,7.833,Volker Bruch,ACTOR,169
Manifest,SHOW,2018,42,scifi,US,7.1,71203.0,176.155,7.733,Melissa Roxburgh,ACTOR,36
All American,SHOW,2018,43,drama,US,7.6,9704.0,75.706,8.209,Daniel Ezra,ACTOR,39
Altered Carbon,SHOW,2018,52,scifi,US,7.9,174909.0,47.044,7.733,Anthony Mackie,ACTOR,36
The Haunting of Hill House,SHOW,2018,58,drama,US,8.6,252856.0,44.147,8.143,Michiel Huisman,ACTOR,39
Bodyguard,SHOW,2018,60,crime,GB,8.1,128571.0,24.971,7.836,Richard Madden,ACTOR,152
Lost in Space,SHOW,2018,49,scifi,US,7.3,101268.0,59.034,7.592,Molly Parker,ACTOR,36
Money Heist,SHOW,2017,49,drama,ES,8.2,488125.0,1.4,6.633193712829227,Álvaro Morte,ACTOR,133
Call Me by Your Name,MOVIE,2017,132,drama,FR,7.9,251347.0,46.267,8.177,Timothée Chalamet,ACTOR,96
Godless,SHOW,2017,65,western,US,8.3,70703.0,20.35,7.724,Jack O'Connell,ACTOR,-1
It,MOVIE,2017,135,horror,US,7.3,559932.0,54.101,7.235,Jaeden Martell,ACTOR,31
Maniac,SHOW,2018,39,comedy,US,7.7,80805.0,18.224,7.409,Emma Stone,ACTOR,16
Operation Finale,MOVIE,2018,124,thriller,US,6.6,44300.0,14.5,6.698,Oscar Isaac,ACTOR,19
Riverdale,SHOW,2017,42,drama,US,6.6,147040.0,167.53,8.504,K.J. Apa,ACTOR,39
One Day at a Time,SHOW,2017,28,comedy,US,8.2,17104.0,15.794,8.027,Justina Machado,ACTOR,16
Raw,MOVIE,2017,99,horror,BE,7.0,72460.0,26.409,7.063,Garance Marillier,ACTOR,-1
A Series of Unfortunate Events,SHOW,2017,47,action,US,7.8,62922.0,93.943,7.338,Neil Patrick Harris,ACTOR,30
White Boy,MOVIE,2018,82,documentation,US,7.2,1864.0,3.823,7.2,Richard Wershe Jr.,ACTOR,66
Phantom Thread,MOVIE,2018,130,drama,US,7.4,136288.0,14.725,7.297,Daniel Day-Lewis,ACTOR,1
Big Mouth,SHOW,2017,27,animation,US,7.9,82428.0,59.674,7.836,Nick Kroll,ACTOR,32
Workin' Moms,SHOW,2017,23,comedy,CA,7.8,18915.0,32.58,7.578,Catherine Reitman,ACTOR,59
Elite,SHOW,2018,49,crime,ES,7.3,82524.0,229.289,8.089,Manu Ríos,ACTOR,170
GLOW,SHOW,2017,34,drama,US,8.0,47733.0,12.192,7.271,Alison Brie,ACTOR,39
Legacies,SHOW,2018,41,scifi,US,7.3,33335.0,182.116,8.516,Danielle Rose Russell,ACTOR,36
Somebody Feed Phil,SHOW,2018,51,documentation,US,8.3,5944.0,5.134,7.5,Philip Rosenthal,ACTOR,0
Anne with an E,SHOW,2017,46,drama,CA,8.7,57921.0,87.564,8.708,Amybeth McNulty,ACTOR,56
MTV Floribama Shore,SHOW,2017,41,reality,US,5.2,921.0,16.318,8.261,Jeremiah Buoni,ACTOR,26
The Dragon Prince,SHOW,2018,26,action,US,8.3,24590.0,34.721,8.3,Jack De Sena,ACTOR,30
The Debt Collector,MOVIE,2018,96,action,GB,5.8,8127.0,17.643,5.87,Scott Adkins,ACTOR,68
Atypical,SHOW,2017,31,drama,US,8.3,81643.0,33.924,8.209,Jennifer Jason Leigh,ACTOR,39
Chilling Adventures of Sabrina,SHOW,2018,57,scifi,US,7.4,98700.0,81.912,8.272,Kiernan Shipka,ACTOR,36
The End of the F***ing World,SHOW,2017,21,drama,GB,8.0,198042.0,37.945,8.14,Alex Lawther,ACTOR,114
Aggretsuko,SHOW,2018,17,comedy,JP,8.0,6746.0,28.093,7.245,Kaolip,ACTOR,63
HAPPY!,SHOW,2017,43,action,US,8.1,40235.0,16.902,7.393,Christopher Meloni,ACTOR,30
Den of Thieves,MOVIE,2018,139,thriller,US,7.0,115794.0,41.649,6.759,Gerard Butler,ACTOR,19
The Rain,SHOW,2018,43,scifi,DK,7.3,616.0,49.791,7.4,Alba August,ACTOR,-1
Imposters,SHOW,2017,43,drama,US,7.8,14216.0,21.709,7.3,Rob Heaps,ACTOR,39
The Christmas Chronicles,MOVIE,2018,103,comedy,US,7.0,77376.0,16.145,7.169,Kurt Russell,ACTOR,4
What Happened to Monday,MOVIE,2017,123,thriller,RO,6.8,126512.0,33.332,7.173,Noomi Rapace,ACTOR,-1
Santa Clarita Diet,SHOW,2017,29,thriller,US,7.8,70415.0,21.003,7.463,Drew Barrymore,ACTOR,54
I Am a Killer,SHOW,2018,48,documentation,GB,7.4,4659.0,18.298,7.0,Lindsay Haugen,ACTOR,157
Rise of the Teenage Mutant Ninja Turtles,SHOW,2018,17,scifi,US,5.5,5376.0,18.899,6.3,Josh Brener,ACTOR,36
Good Girls,SHOW,2018,42,drama,US,7.7,54425.0,45.772,8.007,Christina Hendricks,ACTOR,39
Wild Wild Country,SHOW,2018,67,documentation,US,8.1,32255.0,13.933,7.806,Ma Anand Sheela,ACTOR,0
Safe,SHOW,2018,45,drama,GB,7.2,45397.0,11.59,6.929,Michael C. Hall,ACTOR,114
Evil Genius,SHOW,2018,48,documentation,US,7.5,29276.0,10.822,7.352,Kevin G. Calkins,ACTOR,0
My Next Guest Needs No Introduction With David Letterman,SHOW,2018,50,drama,US,7.9,5948.0,9.312,7.381,David Letterman,ACTOR,39
Molly's Game,MOVIE,2017,140,drama,CN,7.4,176952.0,29.009,7.1,Jessica Chastain,ACTOR,61
Baby,SHOW,2018,45,drama,IT,6.8,12001.0,30.907,7.883,channel w,DIRECTOR,144
Castlevania,SHOW,2017,26,scifi,US,8.3,68855.0,46.78,8.298,Richard Armitage,ACTOR,36
Deadwind,SHOW,2018,46,drama,FI,7.3,11424.0,108.527,6.744,Pihla Viitala,ACTOR,-1
Norm Macdonald Has a Show,SHOW,2018,30,comedy,US,8.5,3715.0,4.528,8.3,Adam Eget,ACTOR,16
The Ritual,MOVIE,2017,104,thriller,CA,6.3,105599.0,43.789,6.216,Rafe Spall,ACTOR,160
Bird Box,MOVIE,2018,124,drama,US,6.6,352136.0,31.568,6.863,Sandra Bullock,ACTOR,1
Paradise PD,SHOW,2018,27,animation,US,6.8,17779.0,32.336,7.502,Kyle Kinane,ACTOR,32
Leave No Trace,MOVIE,2018,109,drama,CA,7.1,61425.0,13.928,6.785,Thomasin McKenzie,ACTOR,58
Stranger,SHOW,2017,64,drama,KR,8.5,8884.0,27.315,8.545,Cho Seung-woo,ACTOR,90
Disenchantment,SHOW,2018,28,action,US,7.2,64413.0,52.949,7.482,Abbi Jacobson,ACTOR,30
Disobedience,MOVIE,2018,114,drama,US,6.6,32704.0,21.248,6.992,Rachel Weisz,ACTOR,1
Medal of Honor,SHOW,2018,55,documentation,US,8.3,1795.0,6.17,8.3,Joe Martorano,ACTOR,0
The Protector,SHOW,2018,43,action,TR,6.5,35341.0,39.722,7.331,Çağatay Ulusoy,ACTOR,-1
If Beale Street Could Talk,MOVIE,2018,117,drama,US,7.1,47373.0,10.487,6.972,KiKi Layne,ACTOR,1
American Vandal,SHOW,2017,33,crime,US,8.1,31562.0,16.241,7.479,Tyler Alvarez,ACTOR,135
Hero Mask,SHOW,2018,25,action,JP,6.2,717.0,5.632,6.0,Kentaro Takano,ACTOR,27
On My Block,SHOW,2018,29,comedy,US,7.9,17586.0,34.24,8.5,Sierra Capri,ACTOR,16
Dynasty,SHOW,2017,42,drama,US,7.3,23392.0,75.638,8.175,Elizabeth Gillies,ACTOR,39
Amazing Interiors,SHOW,2018,26,documentation,GB,6.6,844.0,6.24,6.2,Unknown,Unknown,157
Colette,MOVIE,2018,111,drama,US,6.7,24678.0,21.627,6.949,Keira Knightley,ACTOR,1
The Long Dumb Road,MOVIE,2018,90,comedy,US,6.1,3389.0,5.983,5.6,Tony Revolori,ACTOR,4
Super Drags,SHOW,2018,25,comedy,BR,5.5,1838.0,3.297,5.148,Sérgio Cantú,ACTOR,171
Mile 22,MOVIE,2018,95,action,CN,6.1,82147.0,25.203,6.2,Mark Wahlberg,ACTOR,44
Peppermint,MOVIE,2018,100,thriller,US,6.5,66680.0,20.211,6.706,Jennifer Garner,ACTOR,19
The New Legends of Monkey,SHOW,2018,26,scifi,NZ,6.5,4614.0,26.734,7.179,Chai Hansen,ACTOR,-1
MILF,MOVIE,2018,96,comedy,BE,4.8,6663.0,12.661,5.8,Virginie Ledoyen,ACTOR,-1
She's Gotta Have It,SHOW,2017,35,comedy,US,6.9,4844.0,12.839,6.382,DeWanda Wise,ACTOR,16
Rascal Does Not Dream of Bunny Girl Senpai,SHOW,2018,25,animation,JP,8.1,13191.0,54.325,8.654,Kaito Ishikawa,ACTOR,33
Jerry Before Seinfeld,MOVIE,2017,61,comedy,US,7.0,5835.0,7.071,7.014,Jerry Seinfeld,ACTOR,4
Ghostland,MOVIE,2018,91,horror,FR,6.4,34614.0,26.709,7.342,Crystal Reed,ACTOR,64
Stay Here,SHOW,2018,32,reality,US,7.5,1146.0,2.862,6.286,Genevieve Gorder,ACTOR,26
The Incredible Jessica James,MOVIE,2017,83,comedy,US,6.5,8128.0,9.212,6.2,Jessica Williams,ACTOR,4
Knightfall,SHOW,2017,44,action,US,6.8,20994.0,22.639,7.1,Tom Cullen,ACTOR,30
Come Sunday,MOVIE,2018,106,drama,US,6.0,2392.0,7.068,5.9,Chiwetel Ejiofor,ACTOR,1
Darkest Hour,MOVIE,2017,125,drama,GB,7.4,193208.0,30.576,7.4,Gary Oldman,ACTOR,34
Unsolved: The Murders of Tupac and The Notorious B.I.G.,SHOW,2018,45,drama,US,7.8,8347.0,18.407,7.0,Josh Duhamel,ACTOR,39
Tully,MOVIE,2018,96,comedy,US,7.0,57576.0,12.304,6.784,Charlize Theron,ACTOR,4
Rip Tide,MOVIE,2017,85,drama,AU,5.5,3660.0,12.397,6.1,Debby Ryan,ACTOR,143
Set It Up,MOVIE,2018,105,romance,US,6.5,56997.0,14.593,6.947,Zoey Deutch,ACTOR,2
Wormwood,SHOW,2017,43,crime,US,7.0,4427.0,4.364,5.962,Tim Blake Nelson,ACTOR,135
13 Reasons Why,SHOW,2017,58,drama,US,7.5,298446.0,72.332,7.695,Dylan Minnette,ACTOR,39
Westside,SHOW,2018,50,reality,US,6.2,168.0,1.134,4.0,Alexandra Kay,ACTOR,26
The Mechanism,SHOW,2018,46,drama,BR,8.0,36376.0,9.896,7.2,Júlia Svacinna,ACTOR,151
Bright,MOVIE,2017,117,thriller,US,6.3,193029.0,20.856,6.166,Will Smith,ACTOR,19
12 Strong,MOVIE,2018,130,drama,US,6.5,84625.0,39.565,6.207,Chris Hemsworth,ACTOR,1
Drug Lords,SHOW,2018,44,documentation,US,6.8,1408.0,7.183,7.3,Jesus Licciardello,ACTOR,0
The Final Table,SHOW,2018,55,reality,US,7.6,4399.0,4.685,6.6,Andrew Knowlton,ACTOR,26
6 Balloons,MOVIE,2018,74,drama,US,5.9,4326.0,8.093,6.0,Abbi Jacobson,ACTOR,1
She-Ra and the Princesses of Power,SHOW,2018,24,scifi,US,8.0,16952.0,26.24,8.595,Aimee Carrero,ACTOR,36
Adam Sandler: 100% Fresh,MOVIE,2018,73,music,US,7.5,5452.0,9.979,7.245,Adam Sandler,ACTOR,94
Narcos: Mexico,SHOW,2018,56,drama,US,8.4,86370.0,88.956,7.93,Scoot McNairy,ACTOR,39
Falsa identidad,SHOW,2018,44,action,US,7.1,384.0,62.114,7.536,Luis Ernesto Franco,ACTOR,30
Brainchild,SHOW,2018,24,documentation,US,8.1,450.0,3.581,8.3,Alie Ward,ACTOR,0
Immortals,SHOW,2018,47,drama,TR,5.4,3087.0,13.988,6.1,Elçin Sangu,ACTOR,159
Won't You Be My Neighbor?,MOVIE,2018,95,documentation,US,8.4,25061.0,18.651,8.06,Joanne Rogers,ACTOR,66
Tabula Rasa,SHOW,2017,52,thriller,BE,8.0,10881.0,8.763,7.6,Jeroen Perceval,ACTOR,-1
BuyBust,MOVIE,2018,127,drama,PH,5.7,1968.0,6.269,6.011,Anne Curtis,ACTOR,110
The Kominsky Method,SHOW,2018,26,comedy,US,8.2,41000.0,20.685,7.548,Michael Douglas,ACTOR,16
The Ballad of Buster Scruggs,MOVIE,2018,132,western,US,7.3,152863.0,35.739,7.145,Tim Blake Nelson,ACTOR,67
Best.Worst.Weekend.Ever.,SHOW,2018,24,comedy,US,6.3,322.0,5.398,8.0,Sam Ashe Arnold,ACTOR,16
Lavender,MOVIE,2017,92,drama,CA,5.4,7667.0,15.514,5.7,Abbie Cornish,ACTOR,58
The Killer,MOVIE,2017,99,western,BR,6.0,2740.0,13.507,6.177,Diogo Morgado,ACTOR,-1
Sleight,MOVIE,2017,89,thriller,US,5.9,8644.0,7.487,5.4,Jacob Latimore,ACTOR,19
Expedition Happiness,MOVIE,2017,96,documentation,DE,5.9,4665.0,5.978,6.709,Felix Starck,ACTOR,10
Samantha!,SHOW,2018,28,comedy,BR,6.6,531.0,2.399,6.0,Luis Pinheiro,DIRECTOR,171
Cities of Last Things,MOVIE,2018,107,drama,TW,6.2,1807.0,6.447,6.563,Lee Hong Chi,ACTOR,101
Black Lightning,SHOW,2018,42,drama,US,6.1,24646.0,60.92,7.113,Cress Williams,ACTOR,39
The Standups,SHOW,2017,30,comedy,US,6.6,1343.0,4.331,5.6,Nate Bargatze,ACTOR,16
Sabrina,MOVIE,2018,98,horror,SG,4.2,1839.0,12.899,5.4,Luna Maya,ACTOR,-1
Ricky Gervais: Humanity,MOVIE,2018,78,comedy,GB,7.9,21660.0,8.227,7.715,Ricky Gervais,ACTOR,6
Reversing Roe,MOVIE,2018,99,documentation,US,7.5,1722.0,3.984,7.5,Donna Howard,ACTOR,66
Amy Schumer: The Leather Special,MOVIE,2017,57,comedy,US,3.2,10109.0,7.677,4.1,Amy Schumer,ACTOR,4
Suzzanna: Buried Alive,MOVIE,2018,125,horror,ID,5.5,976.0,4.868,5.3,Luna Maya,ACTOR,172
Charmed,SHOW,2018,41,scifi,US,4.7,17126.0,65.836,7.387,Melonie Diaz,ACTOR,36
Saving Capitalism,MOVIE,2017,73,documentation,US,6.8,3308.0,4.795,6.7,Robert Reich,ACTOR,66
Illang: The Wolf Brigade,MOVIE,2018,139,thriller,KR,5.9,5409.0,23.818,6.303,Gang Dong-won,ACTOR,99
Cold Case Files,SHOW,2017,43,crime,US,7.9,1428.0,6.031,8.063,Bill Kurtis,ACTOR,135
The Bureau of Magical Things,SHOW,2018,24,scifi,AU,6.8,2625.0,14.441,7.5,Kimie Tsukakoshi,ACTOR,-1
Chris Rock: Tamborine,MOVIE,2018,65,comedy,US,6.6,7166.0,12.474,6.486,Chris Rock,ACTOR,4
Perdida,MOVIE,2018,103,drama,AR,5.6,5067.0,12.942,6.2,Luisana Lopilato,ACTOR,83
John Leguizamo's Latin History for Morons,MOVIE,2018,89,comedy,US,7.4,971.0,3.003,7.5,John Leguizamo,ACTOR,4
"Oh, Hello on Broadway",MOVIE,2017,102,comedy,US,7.7,3215.0,4.354,6.862,Nick Kroll,ACTOR,4
3Below: Tales of Arcadia,SHOW,2018,22,scifi,US,7.7,6552.0,17.943,7.354,Tatiana Maslany,ACTOR,36
They'll Love Me When I'm Dead,MOVIE,2018,98,documentation,US,7.4,5210.0,8.698,7.3,Alan Cumming,ACTOR,66
Girl from Nowhere,SHOW,2018,44,drama,TH,7.6,5157.0,83.621,8.5,Chicha Amatayakul,ACTOR,173
White Gold,SHOW,2017,29,comedy,GB,7.4,11934.0,7.707,6.873,Lee Ross,ACTOR,5
The Boss Baby: Back in Business,SHOW,2018,23,action,US,6.5,3941.0,44.176,7.026,JP Karliak,ACTOR,30
Animal World,MOVIE,2018,125,thriller,CN,6.5,4713.0,16.161,7.189,Li Yifeng,ACTOR,-1
Club de Cuervos Presents: The Ballad of Hugo Sánchez,SHOW,2018,32,comedy,MX,6.5,851.0,4.83,7.8,Jesús Zavala,ACTOR,174
The Discovery,MOVIE,2017,102,thriller,US,6.2,35337.0,15.176,6.305,Jason Segel,ACTOR,19
Dirty John,SHOW,2018,44,drama,US,7.2,22569.0,14.893,7.0,Amanda Peet,ACTOR,39
Nailed It!,SHOW,2018,33,reality,US,7.4,5083.0,14.838,7.3,Nicole Byer,ACTOR,26
All About the Washingtons,SHOW,2018,25,comedy,US,4.7,750.0,2.01,5.222,Joseph Simmons,ACTOR,16
Dope,SHOW,2017,44,war,US,7.3,1739.0,9.966,7.2,Rob VanAlkemade,DIRECTOR,129
Godzilla: City on the Edge of Battle,MOVIE,2018,100,animation,JP,5.8,5096.0,20.773,6.5,Mamoru Miyano,ACTOR,22
Abstract: The Art of Design,SHOW,2017,45,documentation,US,8.4,5306.0,13.719,7.9,Unknown,Unknown,0
Violet Evergarden,SHOW,2018,25,animation,JP,8.4,24171.0,41.726,8.6,Yui Ishikawa,ACTOR,33
Rapture,SHOW,2018,60,documentation,US,5.3,11.0,4.935,6.286,Unknown,Unknown,0
Valor,SHOW,2017,42,drama,US,5.9,3279.0,5.616,6.386,Christina Ochoa,ACTOR,39
Rotten,SHOW,2018,56,documentation,US,7.2,3893.0,6.063,7.3,Latif Nasser,ACTOR,0
Voyeur,MOVIE,2017,95,documentation,US,6.1,6519.0,9.561,6.0,Gay Talese,ACTOR,66
Ibiza,MOVIE,2018,94,comedy,US,5.2,18121.0,11.766,5.745,Gillian Jacobs,ACTOR,4
Dude,MOVIE,2018,97,comedy,US,5.2,6873.0,11.991,5.5,Lucy Hale,ACTOR,4
The Chase,MOVIE,2017,110,thriller,KR,6.6,3268.0,8.294,6.7,Baek Yoon-sik,ACTOR,99
The Trader,MOVIE,2018,23,documentation,GE,6.540941965073206,21150.29081903414,4.953,6.6,Gela,ACTOR,-1
Period. End of Sentence.,MOVIE,2018,26,documentation,US,6.540941965073206,21150.29081903414,7.141,7.9,Ajeya,ACTOR,66
Greg Davies: You Magnificent Beast,MOVIE,2018,66,comedy,GB,7.1,2556.0,2.877,6.469,Greg Davies,ACTOR,6
Belleville Cop,MOVIE,2018,110,comedy,FR,5.0,2919.0,10.365,5.0,Omar Sy,ACTOR,127
The Happytime Murders,MOVIE,2018,91,comedy,CN,5.4,29098.0,17.792,5.741,Melissa McCarthy,ACTOR,148
Queer Eye,SHOW,2018,47,reality,US,8.5,19435.0,24.046,7.8,Antoni Porowski,ACTOR,26
All Good,MOVIE,2018,93,drama,DE,6.5,1480.0,3.888,6.0,Aenne Schwarz,ACTOR,47
A Fortunate Man,MOVIE,2018,162,drama,DK,7.2,6653.0,7.542,6.727,Esben Smed,ACTOR,-1
Time Share,MOVIE,2018,96,drama,MX,5.9,2908.0,5.482,5.6,Mariano Laguyás,DIRECTOR,70
Opening Night,MOVIE,2017,90,comedy,US,6.0,2765.0,10.156,5.9,Topher Grace,ACTOR,4
13 Reasons Why: Beyond the Reasons,SHOW,2017,38,documentation,US,6.3,350.0,9.012,6.1,Jay Asher,ACTOR,0
Oats Studios,SHOW,2017,21,scifi,US,6.3,2849.0,8.612,8.0,Sigourney Weaver,ACTOR,36
The Toys That Made Us,SHOW,2017,45,documentation,US,7.9,5872.0,11.11,7.611,Donald Ian Black,ACTOR,0
Shepherds and Butchers,MOVIE,2017,106,drama,ZA,6.8,2979.0,8.744,6.4,Steve Coogan,ACTOR,132
Bumping Mics with Jeff Ross & Dave Attell,SHOW,2018,36,comedy,US,7.7,1253.0,1.409,7.8,Unknown,Unknown,16
The Babysitter,MOVIE,2017,85,comedy,US,6.4,86953.0,29.92,6.113,Judah Lewis,ACTOR,4
Hilda,SHOW,2018,25,scifi,GB,8.5,11520.0,19.954,8.178,Bella Ramsey,ACTOR,113
Next Gen,MOVIE,2018,105,animation,CA,6.6,18177.0,12.83,6.995,John Krasinski,ACTOR,175
72 Dangerous Animals: Asia,SHOW,2018,47,documentation,US,6.6,517.0,9.592,5.7,Bob Brisbane,ACTOR,0
Steve Martin and Martin Short: An Evening You Will Forget for the Rest of Your Life,MOVIE,2018,74,comedy,US,7.1,2911.0,5.467,6.6,Steve Martin,ACTOR,4
Bon Cop Bad Cop 2,MOVIE,2017,126,action,CA,6.6,4262.0,9.23,6.4,Patrick Huard,ACTOR,-1
Sahara,MOVIE,2017,86,animation,FR,5.5,2910.0,18.331,5.888,Aviran Ran,DIRECTOR,-1
Mom,MOVIE,2017,147,crime,IN,7.2,11016.0,7.156,7.636,Sridevi,ACTOR,12
Patton Oswalt: Annihilation,MOVIE,2017,60,comedy,US,7.3,2444.0,4.418,7.1,Patton Oswalt,ACTOR,4
Flavors of Youth,MOVIE,2018,74,drama,CN,6.6,7839.0,21.064,6.842,Taito Ban,ACTOR,61
The Art of Loving: Story of Michalina Wislocka,MOVIE,2017,121,comedy,PL,7.1,3690.0,8.558,6.5,Magdalena Boczarska,ACTOR,176
Dave Chappelle,SHOW,2017,66,comedy,US,8.7,2930.0,3.276,7.481,Dave Chappelle,ACTOR,16
Suburra: Blood on Rome,SHOW,2017,48,drama,IT,7.9,15189.0,30.546,7.4,Alessandro Borghi,ACTOR,144
Bobby Kennedy for President,SHOW,2018,61,documentation,US,8.2,1905.0,3.267,8.308,Robert F. Kennedy,ACTOR,0
The Clapper,MOVIE,2018,89,comedy,US,5.1,8271.0,10.277,4.839,Ed Helms,ACTOR,4
Amateur,MOVIE,2018,96,drama,US,5.9,4698.0,9.327,6.5,Michael Rainey Jr.,ACTOR,1
The After Party,MOVIE,2018,89,comedy,US,5.8,4570.0,12.986,6.2,Tarryn Lagana,ACTOR,4
Dear White People,SHOW,2017,30,drama,US,6.3,25755.0,19.161,6.267,Logan Browning,ACTOR,39
Quartet,SHOW,2017,56,drama,JP,7.9,1292.0,6.644,7.841,Takako Matsu,ACTOR,57
Sarah Silverman: A Speck of Dust,MOVIE,2017,71,comedy,US,6.9,3831.0,6.716,6.9,Sarah Silverman,ACTOR,4
The A List,SHOW,2018,26,drama,GB,5.4,3137.0,15.894,6.8,Rosie Dwyer,ACTOR,114
Laerte-se,MOVIE,2017,100,documentation,BR,7.0,706.0,3.034,7.097,Laerte Coutinho,ACTOR,131
"To Each, Her Own",MOVIE,2018,95,comedy,FR,5.4,1843.0,7.147,5.1,Félix Moati,ACTOR,127
The Legacy of a Whitetail Deer Hunter,MOVIE,2018,83,comedy,US,5.5,4031.0,6.594,5.0,Josh Brolin,ACTOR,4
Ingress: The Animation,SHOW,2018,23,scifi,JP,6.5,574.0,9.045,7.1,Yoshiki Nakajima,ACTOR,28
Patriot Act with Hasan Minhaj,SHOW,2018,25,comedy,US,8.3,7652.0,7.18,7.3,Hasan Minhaj,ACTOR,16
Christmas Wedding Planner,MOVIE,2017,86,romance,CA,4.4,6412.0,14.599,5.5,Jocelyn Hudon,ACTOR,-1
Nappily Ever After,MOVIE,2018,98,comedy,US,6.4,9455.0,19.826,7.2,Sanaa Lathan,ACTOR,4
Ali's Wedding,MOVIE,2017,110,comedy,AU,6.9,5205.0,6.071,7.0,Osamah Sami,ACTOR,88
Secret Superstar,MOVIE,2017,150,drama,IN,7.8,27395.0,7.708,7.419,Zaira Wasim,ACTOR,8
Hasan Minhaj: Homecoming King,MOVIE,2017,72,comedy,US,8.2,7646.0,7.8,7.697,Hasan Minhaj,ACTOR,4
Fred Armisen: Standup for Drummers,MOVIE,2018,65,music,US,5.8,1348.0,5.032,6.2,Fred Armisen,ACTOR,94
Motown Magic,SHOW,2018,15,animation,US,8.0,303.0,4.786,9.3,Unknown,Unknown,32
Ask the Doctor,SHOW,2017,28,documentation,AU,6.5,306.0,3.292,7.125,Shalin Naik,ACTOR,161
Aurora,MOVIE,2018,110,horror,PH,4.4,636.0,3.724,5.0,Anne Curtis,ACTOR,-1
Weapon of Choice,MOVIE,2018,90,documentation,AT,4.9,169.0,2.37,5.2,Fritz Ofner,DIRECTOR,-1
Haunted,SHOW,2018,25,documentation,US,4.7,3374.0,16.729,7.1,Michael Pitthan,ACTOR,0
Salt Fat Acid Heat,SHOW,2018,43,documentation,US,7.7,2599.0,2.209,8.2,Samin Nosrat,ACTOR,0
Kuntilanak,MOVIE,2018,105,horror,ID,4.6,727.0,7.076,6.06,Sandrinna Michelle,ACTOR,172
El Camino Christmas,MOVIE,2017,97,crime,US,5.7,9754.0,8.458,5.612,Luke Grimes,ACTOR,3
Joe Rogan: Strange Times,MOVIE,2018,63,comedy,US,7.3,4517.0,3.522,7.1,Joe Rogan,ACTOR,4
Fate/Extra Last Encore,SHOW,2018,27,action,JP,5.3,873.0,12.36,7.4,Atsushi Abe,ACTOR,27
Resurface,MOVIE,2017,27,documentation,US,7.1,286.0,2.407,7.2,Bobby Lane,ACTOR,66
Demetri Martin: The Overthinker,MOVIE,2018,56,comedy,US,7.2,1793.0,4.147,6.7,Demetri Martin,ACTOR,4
Jim Gaffigan: Cinco,MOVIE,2017,73,comedy,US,7.1,2476.0,3.918,7.0,Jim Gaffigan,ACTOR,4
The Who Was? Show,SHOW,2018,25,comedy,US,6.5,634.0,3.169,7.0,H. Jon Benjamin,ACTOR,16
The Holiday Calendar,MOVIE,2018,95,comedy,US,5.7,10813.0,9.566,6.658,Kat Graham,ACTOR,4
Iliza Shlesinger: Elder Millennial,MOVIE,2018,72,comedy,US,7.2,4296.0,5.796,7.1,Iliza Shlesinger,ACTOR,4
Jailbreak,MOVIE,2017,100,action,KH,5.4,1531.0,5.197,5.622,Jean-Paul Ly,ACTOR,-1
Fugitiva,SHOW,2018,52,drama,ES,5.7,704.0,7.709,6.75,Paz Vega,ACTOR,133
Forgive Us Our Debts,MOVIE,2018,104,drama,CH,6.2,1657.0,6.447,6.1,Marco Giallini,ACTOR,-1
Check The Store Next Door,SHOW,2018,33,drama,ID,7.7,161.0,5.571,6.2,Chew Kin-Wah,ACTOR,-1
Free Rein,SHOW,2017,28,family,US,7.2,2246.0,27.304,7.924,Jaylen Barron,ACTOR,37
The Breaker Upperers,MOVIE,2018,90,comedy,NZ,5.9,6441.0,8.137,5.2,Jackie van Beek,ACTOR,-1
Alex Strangelove,MOVIE,2018,99,comedy,US,6.3,18509.0,10.182,6.589,Daniel Doheny,ACTOR,4
Jeff Dunham: Relative Disaster,MOVIE,2017,70,comedy,IE,6.4,1326.0,3.332,6.6,Jeff Dunham,ACTOR,-1
The Hook Up Plan,SHOW,2018,27,comedy,FR,7.1,5627.0,10.509,7.052,Zita Hanrot,ACTOR,40
The Photographer of Mauthausen,MOVIE,2018,111,thriller,ES,6.7,11429.0,15.448,7.0,Mario Casas,ACTOR,177
Fire Chasers,SHOW,2017,55,documentation,US,6.6,388.0,3.305,6.111,Unknown,Unknown,0
Jack Whitehall: Travels with My Father,SHOW,2017,45,reality,GB,7.6,5751.0,9.663,7.3,Jack Whitehall,ACTOR,55
Mirai,MOVIE,2018,100,drama,JP,7.0,14983.0,25.541,7.2,Moka Kamishiraishi,ACTOR,35
Seeing Allred,MOVIE,2018,96,documentation,US,7.3,1413.0,5.553,7.0,Gloria Allred,ACTOR,66
Edgar Rice Burroughs' Tarzan and Jane,SHOW,2017,21,action,US,4.7,289.0,10.088,7.5,Jesse Lickman,DIRECTOR,30
Forgotten,MOVIE,2017,109,thriller,KR,7.4,37031.0,27.962,8.0,Kang Ha-neul,ACTOR,99
Trevor Noah: Son of Patricia,MOVIE,2018,63,comedy,US,7.3,4424.0,7.08,7.1,Trevor Noah,ACTOR,4
Recovery Boys,MOVIE,2018,90,documentation,US,6.7,763.0,4.469,6.4,Elaine McMillion Sheldon,DIRECTOR,66
The Honeymoon Stand Up Special,SHOW,2018,32,comedy,,6.8,539.0,1.779,6.0,Natasha Leggero,ACTOR,-1
Charming,MOVIE,2018,90,comedy,US,5.6,3691.0,14.452,6.5,Wilmer Valderrama,ACTOR,4
Last Hope,SHOW,2018,24,scifi,JP,5.8,461.0,11.504,5.1,Tomoaki Maeno,ACTOR,28
Trolls: The Beat Goes On!,SHOW,2018,21,comedy,US,6.0,840.0,26.203,8.25,Amanda Leighton,ACTOR,16
If I Leave Here Tomorrow: A Film About Lynyrd Skynyrd,MOVIE,2018,94,music,US,7.9,1285.0,6.512,7.8,Ronnie Van Zant,ACTOR,94
"Can't Stop, Won't Stop: A Bad Boy Story",MOVIE,2017,80,music,US,5.4,847.0,4.634,6.4,Sean Combs,ACTOR,94
Bert Kreischer: Secret Time,MOVIE,2018,57,comedy,US,7.3,2447.0,3.596,7.443,Bert Kreischer,ACTOR,4
Dogs,SHOW,2018,50,documentation,US,8.0,1323.0,4.282,8.2,Unknown,Unknown,0
The Beguiled,MOVIE,2017,93,drama,US,6.7,21.0,19.718,5.887,Colin Farrell,ACTOR,1
The 3rd Eye,MOVIE,2017,107,thriller,ID,5.1,1514.0,6.962,5.5,Jessica Mila,ACTOR,128
Up Among the Stars,MOVIE,2018,86,drama,ES,6.3,521.0,4.04,5.7,Luis Callejo,ACTOR,46
The American Meme,MOVIE,2018,95,documentation,US,6.2,14441.0,5.882,5.8,Paris Hilton,ACTOR,66
Handsome: A Netflix Mystery Movie,MOVIE,2017,81,comedy,US,5.2,4838.0,7.782,5.3,Jeff Garlin,ACTOR,4
Backtrace,MOVIE,2018,92,drama,US,3.8,4887.0,15.785,5.3,Matthew Modine,ACTOR,1
Woman of Dignity,SHOW,2017,61,drama,KR,7.5,271.0,6.253,6.958,Kim Hee-seon,ACTOR,90
Car Masters: Rust to Riches,SHOW,2018,36,reality,US,8.4,11045.0,10.453,7.5,Mark Towle,ACTOR,26
Happy Anniversary,MOVIE,2018,78,romance,US,5.7,4392.0,10.42,5.795,Noël Wells,ACTOR,2
Forged in Fire: Knife or Death,SHOW,2018,42,reality,US,6.1,393.0,2.593,8.5,Bill Goldberg,ACTOR,26
Toilet: A Love Story,MOVIE,2017,155,romance,IN,7.2,22145.0,9.909,6.9,Akshay Kumar,ACTOR,9
Tramps,MOVIE,2017,83,romance,US,6.5,5880.0,8.01,6.128,Callum Turner,ACTOR,2
Collateral,SHOW,2018,57,drama,GB,6.7,19153.0,17.885,6.42,Carey Mulligan,ACTOR,114
Animal Crackers,MOVIE,2018,105,animation,US,5.8,3647.0,21.272,6.3,Emily Blunt,ACTOR,71
Magic for Humans,SHOW,2018,23,reality,US,7.2,3529.0,12.358,6.5,Adam Franklin,DIRECTOR,26
A Korean Odyssey,SHOW,2017,75,scifi,KR,8.0,5244.0,28.313,8.2,Lee Seung-gi,ACTOR,147
Target,MOVIE,2018,93,horror,ID,4.0,545.0,3.945,4.04,Raditya Dika,ACTOR,172
Derren Brown: Sacrifice,MOVIE,2018,49,documentation,US,7.1,1891.0,5.288,7.4,Derren Brown,ACTOR,66
Marc Maron: Too Real,MOVIE,2017,70,comedy,US,7.2,2012.0,3.219,6.7,Marc Maron,ACTOR,4
And Breathe Normally,MOVIE,2018,95,drama,BE,6.9,3230.0,7.024,6.716,Kristín Þóra Haraldsdóttir,ACTOR,142
Our Souls at Night,MOVIE,2017,101,romance,GB,6.9,14059.0,9.104,6.6,Robert Redford,ACTOR,87
Cuba and the Cameraman,MOVIE,2017,113,documentation,CU,8.2,5136.0,8.956,7.6,Jon Alpert,ACTOR,-1
Taylor Swift: Reputation Stadium Tour,MOVIE,2018,125,music,US,8.4,5831.0,12.428,8.3,Taylor Swift,ACTOR,94
Ali Wong: Hard Knock Wife,MOVIE,2018,64,comedy,US,7.3,5153.0,6.412,6.991,Ali Wong,ACTOR,4
Pad Man,MOVIE,2018,140,drama,IN,7.9,26968.0,13.226,7.485,Akshay Kumar,ACTOR,8
The Skin of the Wolf,MOVIE,2018,110,drama,ES,5.8,3272.0,8.224,5.208,Mario Casas,ACTOR,46
Lynne Koplitz: Hormonal Beast,MOVIE,2017,51,comedy,US,6.3,459.0,2.709,5.4,Lynne Koplitz,ACTOR,4
Rodney King,MOVIE,2017,52,drama,US,6.1,619.0,2.934,4.9,Roger Guenveur Smith,ACTOR,1
A-X-L,MOVIE,2018,98,scifi,US,5.3,12383.0,22.532,6.327,Alex Neustaedter,ACTOR,29
Trevor Noah: Afraid of the Dark,MOVIE,2017,68,comedy,US,7.3,5584.0,4.922,7.144,Trevor Noah,ACTOR,4
James Acaster: Repertoire,SHOW,2018,52,comedy,GB,8.4,3976.0,4.605,8.2,James Acaster,ACTOR,5
"Michael Bolton's Big, Sexy Valentine's Day Special",MOVIE,2017,54,comedy,US,6.8,2194.0,6.031,6.3,Michael Bolton,ACTOR,4
Something in the Rain,SHOW,2018,73,drama,KR,8.1,7040.0,34.403,7.93,Son Ye-jin,ACTOR,90
Frat Star,MOVIE,2017,85,comedy,US,3.5,718.0,3.89,4.9,Connor Lawrence,ACTOR,4
Roxanne Roxanne,MOVIE,2018,98,drama,US,6.2,3413.0,8.191,6.087,Chanté Adams,ACTOR,1
Million Yen Women,SHOW,2017,30,drama,JP,7.5,1971.0,11.583,6.788,Moeka Hoshi,ACTOR,57
Springsteen On Broadway,MOVIE,2018,153,documentation,US,8.5,2290.0,4.392,8.0,Bruce Springsteen,ACTOR,66
Soorma,MOVIE,2018,131,drama,IN,7.3,5378.0,4.241,7.217,Diljit Dosanjh,ACTOR,8
Here to Heart,SHOW,2018,45,drama,CN,7.5,264.0,6.032,8.2,Zhang Han,ACTOR,125
The Hollow,SHOW,2018,24,comedy,CA,7.2,4555.0,8.527,7.052,Ashleigh Ball,ACTOR,59
Battlefish,SHOW,2018,43,reality,US,7.1,465.0,2.696,7.8,Unknown,Unknown,26
A Christmas Prince,MOVIE,2017,92,romance,US,5.8,20635.0,11.451,6.6,Rose McIver,ACTOR,2
Lionheart,MOVIE,2018,95,drama,NG,5.7,1510.0,3.546,6.1,Genevieve Nnaji,ACTOR,80
The Seven Deadly Sins: Prisoners of the Sky,MOVIE,2018,99,action,JP,7.1,5038.0,9.464,7.551,Yuki Kaji,ACTOR,81
Tracy Morgan: Staying Alive,MOVIE,2017,60,comedy,US,6.3,1215.0,4.241,6.2,Tracy Morgan,ACTOR,4
A Taiwanese Tale of Two Cities,SHOW,2018,69,drama,TW,6.5,168.0,2.856,7.9,James Wen,ACTOR,69
King of Thieves,MOVIE,2018,108,drama,GB,5.5,15425.0,14.174,5.497,Michael Caine,ACTOR,34
Barbra: The Music ... The Mem'ries ... The Magic!,MOVIE,2017,108,music,US,7.5,448.0,3.96,7.0,Barbra Streisand,ACTOR,94
Brian Regan: Nunchucks and Flamethrowers,MOVIE,2017,61,comedy,US,6.3,693.0,2.758,5.9,Brian Regan,ACTOR,4
Candy Jar,MOVIE,2018,92,comedy,US,5.8,5304.0,10.78,6.2,Sami Gayle,ACTOR,4
Good Game: The Beginning,MOVIE,2018,104,comedy,TR,4.5,2418.0,5.355,2.4,Mert Yazıcıoğlu,ACTOR,52
Made in Mexico,SHOW,2018,50,reality,US,3.9,776.0,5.326,7.5,Shanik Aspe,ACTOR,26
Five Came Back,SHOW,2017,65,war,US,8.3,4909.0,4.333,7.478,Meryl Streep,ACTOR,129
The Death and Life of Marsha P. Johnson,MOVIE,2017,105,documentation,US,7.2,3049.0,8.479,7.335,Marsha P. Johnson,ACTOR,66
Greenhouse Academy,SHOW,2017,23,drama,US,6.6,6463.0,22.545,7.881,Ariel Mortman,ACTOR,39
Love per Square Foot,MOVIE,2018,133,romance,IN,7.2,8580.0,7.553,6.686,Vicky Kaushal,ACTOR,9
B: The Beginning,SHOW,2018,25,action,JP,7.1,5165.0,22.058,7.7,Asami Seto,ACTOR,27
Lucas Brothers: On Drugs,MOVIE,2017,49,comedy,US,5.8,843.0,1.901,5.2,Kenneth Lucas,ACTOR,4
Lucid Dream,MOVIE,2017,101,thriller,KR,6.1,3851.0,14.331,6.206,Go Soo,ACTOR,99
Alias Grace,SHOW,2017,44,drama,CA,7.7,34336.0,15.67,7.248,Sarah Gadon,ACTOR,56
The Big Family Cooking Showdown,SHOW,2017,59,reality,GB,7.1,708.0,4.898,7.0,Giorgio Locatelli,ACTOR,55
May the Devil Take You,MOVIE,2018,110,horror,ID,5.9,4563.0,13.108,6.2,Chelsea Islan,ACTOR,172
Kevin James: Never Don't Give Up,MOVIE,2018,62,comedy,US,6.2,1517.0,4.468,6.271,Kevin James,ACTOR,4
Lust Stories,MOVIE,2018,120,drama,IN,6.4,11256.0,10.632,6.302,Radhika Apte,ACTOR,8
Family Blood,MOVIE,2018,92,horror,US,4.2,3170.0,9.767,4.6,Vinessa Shaw,ACTOR,31
Ugly Delicious,SHOW,2018,51,documentation,US,7.8,3644.0,5.7,7.4,David Chang,ACTOR,0
Spivak,MOVIE,2018,91,comedy,US,5.7,786.0,4.573,5.6,Michael Bacall,ACTOR,4
On My Skin,MOVIE,2018,100,drama,IT,7.3,9644.0,11.399,8.052,Alessandro Borghi,ACTOR,51
Nightflyers,SHOW,2018,44,scifi,US,5.8,13606.0,8.818,5.496,Brían F. O'Byrne,ACTOR,36
Replicas,MOVIE,2018,108,thriller,US,5.5,37340.0,33.823,6.0,Keanu Reeves,ACTOR,19
The Mars Generation,MOVIE,2017,97,documentation,US,6.5,1012.0,5.216,6.6,Bill Nye,ACTOR,66
Luis Miguel: The Series,SHOW,2018,50,drama,MX,8.0,4556.0,27.083,8.026,Diego Boneta,ACTOR,153
Quincy,MOVIE,2018,124,documentation,US,7.6,4702.0,8.094,7.4,Quincy Jones,ACTOR,66
Lilli,MOVIE,2018,91,drama,IN,5.7,291.0,1.74,6.222,Samyuktha Menon,ACTOR,8
The Girl Allergic to Wi-Fi,MOVIE,2018,104,comedy,PH,6.1,328.0,3.469,6.9,Sue Ramirez,ACTOR,107
Bill Nye: Science Guy,MOVIE,2017,95,documentation,US,6.7,1252.0,4.702,6.2,Bill Nye,ACTOR,66
Trailer Park Boys: Out of the Park: USA,SHOW,2017,30,comedy,CA,6.540941965073206,21150.29081903414,4.459,6.8,John Paul Tremblay,ACTOR,59
The Comedy Lineup,SHOW,2018,15,comedy,US,6.0,514.0,2.241,6.0,Unknown,Unknown,16
Pihu,MOVIE,2018,91,thriller,IN,6.7,2649.0,6.65,7.6,Pihu Myra Vishwakarma,ACTOR,13
Nothing to Hide,MOVIE,2018,93,drama,IT,6.8,15928.0,10.442,6.5,Bérénice Bejo,ACTOR,51
Take Me,MOVIE,2017,83,crime,US,6.1,6202.0,9.088,5.766,Taylor Schilling,ACTOR,3
Seth Rogen's Hilarity for Charity,MOVIE,2018,70,comedy,CA,5.0,2432.0,8.01,5.3,Seth Rogen,ACTOR,74
Revenger,MOVIE,2018,102,action,KR,5.7,4489.0,13.197,5.298,Bruce Khan,ACTOR,162
Re:Mind,SHOW,2017,23,drama,JP,4.9,1709.0,8.214,5.9,Mirei Sasaki,ACTOR,57
Duck Butter,MOVIE,2018,93,drama,US,5.3,4228.0,13.159,5.5,Alia Shawkat,ACTOR,1
Ryan Hamilton: Happy Face,MOVIE,2017,56,comedy,US,7.3,988.0,3.245,6.95,Ryan Hamilton,ACTOR,4
Two Catalonias,MOVIE,2018,116,documentation,ES,6.4,677.0,2.804,6.7,Carles Puigdemont,ACTOR,137
Catching Feelings,MOVIE,2018,115,drama,ZA,5.8,552.0,2.95,4.4,Kagiso Lediga,ACTOR,132
Al Hayba,SHOW,2017,44,drama,AE,7.4,1448.0,74.878,6.34,Tim Hassan,ACTOR,141
Burn Out,MOVIE,2018,107,thriller,FR,6.2,4009.0,13.063,6.753,François Civil,ACTOR,178
Aditi Mittal: Things They Wouldn't Let Me Say,MOVIE,2017,62,comedy,IN,4.4,339.0,1.901,4.385,Aditi Mittal,ACTOR,24
Bill Burr: Walk Your Way Out,MOVIE,2017,77,comedy,US,7.2,7748.0,5.404,6.777,Bill Burr,ACTOR,4
Diablero,SHOW,2018,38,scifi,MX,6.7,2693.0,19.35,7.5,Giselle Kuri,ACTOR,-1
Seven Seconds,SHOW,2018,62,crime,US,7.7,15323.0,10.087,7.284,Clare-Hope Ashitey,ACTOR,135
Icarus,MOVIE,2017,121,documentation,US,7.9,51396.0,9.989,7.678,Bryan Fogel,ACTOR,66
Daughters of Destiny,SHOW,2017,65,documentation,IN,8.6,955.0,1.569,7.3,Vanessa Roth,DIRECTOR,179
ReMastered: Tricky Dick & The Man in Black,MOVIE,2018,58,documentation,US,7.1,1593.0,4.008,6.7,Johnny Cash,ACTOR,66
Black Crows,SHOW,2017,44,drama,SA,5.5,338.0,2.779,7.667,Unknown,Unknown,118
Judah Friedlander: America Is the Greatest Country in the United States,MOVIE,2017,84,comedy,US,7.8,1563.0,5.469,7.3,Judah Friedlander,ACTOR,4
Secret Agent Selection: WW2,SHOW,2018,59,war,GB,7.7,601.0,4.455,6.4,Douglas Henshall,ACTOR,-1
The Princess Switch,MOVIE,2018,101,comedy,US,6.0,29401.0,18.688,7.0,Vanessa Hudgens,ACTOR,4
Cable Girls,SHOW,2017,46,drama,ES,7.6,13855.0,53.03,7.843,Blanca Suárez,ACTOR,133
"Norm Macdonald: Hitler's Dog, Gossip & Trickery",MOVIE,2017,60,comedy,US,7.4,2868.0,5.287,6.812,Norm Macdonald,ACTOR,4
Cloudy with a Chance of Meatballs,SHOW,2017,11,comedy,CA,3.4,750.0,10.235,5.0,Mark Robert Edwards,ACTOR,59
Instant Hotel,SHOW,2018,49,reality,AU,7.3,1612.0,2.429,7.1,John Karabelas,DIRECTOR,122
Gerald's Game,MOVIE,2017,104,horror,US,6.5,114405.0,25.636,6.389,Carla Gugino,ACTOR,31
First Match,MOVIE,2018,102,drama,US,6.4,2389.0,8.828,6.5,Elvire Emanuelle,ACTOR,1
Judd Apatow: The Return,MOVIE,2017,69,comedy,US,6.2,1321.0,6.554,6.3,Judd Apatow,ACTOR,4
Craig Ferguson: Tickle Fight,MOVIE,2017,76,comedy,US,6.6,1040.0,3.588,5.955,Craig Ferguson,ACTOR,4
Jim Jefferies: This Is Me Now,MOVIE,2018,70,comedy,US,7.4,4224.0,4.966,6.833,Jim Jefferies,ACTOR,4
King of Boys,MOVIE,2018,182,drama,NG,6.1,453.0,4.251,6.3,Sola Sobowale,ACTOR,80
Katherine Ryan: In Trouble,MOVIE,2017,63,comedy,GB,7.0,2267.0,4.116,6.464,Katherine Ryan,ACTOR,6
Kulipari: Dream Walker,SHOW,2018,22,animation,US,7.5,101.0,3.747,9.0,Charlie Adler,ACTOR,32
King of Peking,MOVIE,2018,88,comedy,CN,6.5,372.0,3.212,6.2,Zhao Jun,ACTOR,148
I Am Jonas,MOVIE,2018,82,drama,FR,7.0,6381.0,10.39,6.8,Félix Maritaud,ACTOR,96
Camarón: The Film,MOVIE,2018,104,documentation,ES,7.5,333.0,2.417,7.3,Camarón de la Isla,ACTOR,137
Duck Duck Goose,MOVIE,2018,82,comedy,CN,5.7,3828.0,14.205,6.237,Jim Gaffigan,ACTOR,148
Sad Hill Unearthed,MOVIE,2018,86,documentation,ES,7.4,1715.0,7.583,7.077,Álex de la Iglesia,ACTOR,137
Scissor Seven,SHOW,2018,16,comedy,CN,8.4,3270.0,125.254,8.607,He Xiaofeng,ACTOR,-1
Sanju,MOVIE,2018,161,drama,US,7.7,52227.0,7.695,7.3,Ranbir Kapoor,ACTOR,1
Deidra & Laney Rob a Train,MOVIE,2017,100,drama,US,6.0,1983.0,8.922,5.7,Ashleigh Murray,ACTOR,1
Buddy Thunderstruck: The Maybe Pile,MOVIE,2017,13,comedy,US,6.540941965073206,21150.29081903414,3.412,8.333,Brian Atkinson,ACTOR,4
A Land Imagined,MOVIE,2018,95,drama,NL,6.2,1378.0,5.108,5.855,Peter Yu,ACTOR,154
Maria Bamford: Old Baby,MOVIE,2017,64,comedy,US,6.1,945.0,4.093,5.1,Maria Bamford,ACTOR,4
Black Spot,SHOW,2017,55,drama,BE,7.4,12166.0,20.391,6.8,Laurent Capelluto,ACTOR,149
Little Boxes,MOVIE,2017,84,drama,US,5.9,2122.0,3.745,6.343,Melanie Lynskey,ACTOR,1
Benji,MOVIE,2018,87,drama,AE,6.3,5089.0,11.588,6.9,Gabriel Bateman,ACTOR,38
Teasing Master Takagi-san,SHOW,2018,23,comedy,JP,7.7,2442.0,59.17,8.306,Yuki Kaji,ACTOR,63
Roma,MOVIE,2018,135,drama,US,7.7,161871.0,15.964,7.667,Yalitza Aparicio,ACTOR,1
Nothing to Lose,MOVIE,2018,130,history,BR,2.3,23066.0,26.231,5.557,Petrônio Gontijo,ACTOR,-1
Us and Them,MOVIE,2018,120,romance,CN,7.4,4584.0,14.717,7.594,Jing Boran,ACTOR,-1
Looking For Love,MOVIE,2018,57,romance,ZA,7.2,18.0,1.253,10.0,Celeste Ntuli,ACTOR,-1
Murder Mountain,SHOW,2018,42,crime,US,6.8,3335.0,4.358,7.0,Joshua Zeman,DIRECTOR,135
Thus Spoke Kishibe Rohan,SHOW,2017,24,action,JP,7.5,1505.0,2.695,9.0,Takahiro Sakurai,ACTOR,27
Bomb Scared,MOVIE,2017,89,comedy,ES,5.7,2958.0,6.926,5.4,Javier Cámara,ACTOR,164
Prince of Peoria,SHOW,2018,26,comedy,US,6.1,533.0,6.029,7.0,Gavin Lewis,ACTOR,16
To All the Boys I've Loved Before,MOVIE,2018,100,romance,US,7.1,101175.0,37.78,7.7,Lana Condor,ACTOR,2
REA(L)OVE,SHOW,2018,42,reality,JP,6.6,250.0,1.303,6.0,Mari Yaguchi,ACTOR,48
Gun City,MOVIE,2018,127,thriller,ES,6.3,4095.0,8.937,6.3,Luis Tosar,ACTOR,177
Dragon Pilot: Hisone and Masotan,SHOW,2018,24,scifi,JP,6.9,545.0,14.069,7.9,Misaki Kuno,ACTOR,28
I Don't Feel at Home in This World Anymore,MOVIE,2017,96,thriller,US,6.9,55549.0,11.673,6.531,Melanie Lynskey,ACTOR,19
City of Joy,MOVIE,2018,74,documentation,CD,7.5,525.0,2.413,7.2,Christine Schuler-Deschryver,ACTOR,-1
"Out of Many, One",MOVIE,2018,35,documentation,US,6.540941965073206,21150.29081903414,2.407,5.4,Ruth Bader Ginsburg,ACTOR,66
When Angels Sleep,MOVIE,2018,91,thriller,ES,5.5,3838.0,8.789,5.6,Julián Villagrán,ACTOR,177
The Drug King,MOVIE,2018,139,drama,KR,6.2,3388.0,15.781,6.295,Song Kang-ho,ACTOR,117
The Milk System,MOVIE,2017,90,documentation,DE,7.0,562.0,3.878,6.6,Andreas Pichler,DIRECTOR,10
Escape from Mr. Lemoncello's Library,MOVIE,2017,79,fantasy,CA,5.3,513.0,7.489,5.7,Casey Simpson,ACTOR,180
The Mire,SHOW,2018,54,crime,PL,7.0,4717.0,12.964,6.791,Krzysztof Oleksyn,ACTOR,130
The Fix,SHOW,2018,27,comedy,US,7.0,2056.0,8.828,6.2,Jimmy Carr,ACTOR,16
Paradise Lost,MOVIE,2018,111,drama,BR,6.9,719.0,4.221,7.3,Lee Taylor,ACTOR,119
Katt Williams: Great America,MOVIE,2018,60,comedy,US,6.2,940.0,4.154,5.3,Katt Williams,ACTOR,4
Welcome to the Family,SHOW,2018,48,comedy,ES,6.7,496.0,7.981,7.0,Melani Olivares,ACTOR,155
Joe Mande's Award-Winning Comedy Special,MOVIE,2017,66,comedy,US,6.1,526.0,3.762,5.962,Joe Mande,ACTOR,4
Malena Pichot: Estupidez compleja,MOVIE,2018,50,comedy,AR,5.7,365.0,3.231,5.4,Malena Pichot,ACTOR,23
The Keepers,SHOW,2017,56,crime,US,8.2,14.0,10.679,7.512,Abbie Schaub,ACTOR,135
The Platform,SHOW,2018,45,music,ES,5.4,8.0,19.267195915153582,6.633193712829227,Unknown,Unknown,-1
Unauthorized Living,SHOW,2018,75,drama,ES,7.4,5199.0,31.978,7.4,Jose Coronado,ACTOR,133
Alexa & Katie,SHOW,2018,26,comedy,US,7.5,5451.0,33.236,8.3,Paris Berelc,ACTOR,16
A 3 Minute Hug,MOVIE,2018,28,documentation,MX,6.540941965073206,21150.29081903414,3.274,6.4,Everardo González,DIRECTOR,181
The Package,MOVIE,2018,94,comedy,US,5.6,19251.0,16.581,6.0,Daniel Doheny,ACTOR,4
Bonus Family,SHOW,2017,44,comedy,SE,2.9,16.0,100.575,6.567,Erik Johansson,ACTOR,-1
"Ron White: If You Quit Listening, I'll Shut Up",MOVIE,2018,63,comedy,US,6.6,885.0,3.183,6.207,Ron White,ACTOR,4
Explained,SHOW,2018,24,documentation,US,8.0,9538.0,17.287,7.747,Unknown,Unknown,0
The Confession Tapes,SHOW,2017,45,documentation,US,7.5,5529.0,6.24,7.149,Kelly Loudenberg,DIRECTOR,0
Jack Whitehall: At Large,MOVIE,2017,67,comedy,GB,6.9,2267.0,3.525,6.9,Jack Whitehall,ACTOR,6
The Many Faces of Ito,SHOW,2017,30,drama,JP,6.8,252.0,4.107,6.9,Fumino Kimura,ACTOR,57
Notes from Dunblane: Lessons from a School Shooting,MOVIE,2018,23,documentation,US,6.540941965073206,21150.29081903414,3.857,6.1,Father Bob Weiss,ACTOR,66
Mike Birbiglia: Thank God for Jokes,MOVIE,2017,71,comedy,US,7.5,2565.0,4.054,7.4,Mike Birbiglia,ACTOR,4
Live,SHOW,2018,61,drama,KR,8.3,1419.0,5.368,8.111,Jung Yu-mi,ACTOR,90
Jim Norton: Mouthful of Shame,MOVIE,2017,61,comedy,US,7.0,1360.0,4.529,6.7,Jim Norton,ACTOR,4
Naam Shabana,MOVIE,2017,147,thriller,IN,6.2,7063.0,5.319,5.919,Taapsee Pannu,ACTOR,13
The Bad Batch,MOVIE,2017,119,scifi,US,5.2,32956.0,19.048,5.246,Suki Waterhouse,ACTOR,29
ReMastered: Who Shot the Sheriff,MOVIE,2018,57,documentation,US,6.9,1518.0,4.608,6.9,Jimmy Cliff,ACTOR,66
High Society,MOVIE,2018,120,crime,KR,5.6,1121.0,14.151,5.8,Park Hae-il,ACTOR,-1
Okja,MOVIE,2017,120,fantasy,KR,7.3,116305.0,21.07,7.401,Tilda Swinton,ACTOR,-1
Born Racer,MOVIE,2018,88,drama,NZ,6.2,272.0,1.851,7.4,Dario Franchitti,ACTOR,-1
Loudon Wainwright III: Surviving Twin,MOVIE,2018,91,music,US,7.2,101.0,1.302,6.0,Loudon Wainwright III,ACTOR,94
DeRay Davis: How to Act Black,MOVIE,2017,66,comedy,US,6.2,466.0,2.865,6.1,DeRay Davis,ACTOR,4
My Mister,SHOW,2018,70,drama,KR,9.1,7285.0,20.566,8.347,Yui Okada,ACTOR,90
Weed the People,MOVIE,2018,98,documentation,US,7.3,366.0,3.177,7.0,Mara Gordon,ACTOR,66
Tig Notaro: Happy To Be Here,MOVIE,2018,58,comedy,US,6.6,1442.0,3.772,6.1,Tig Notaro,ACTOR,4
Grillo vs Grillo,MOVIE,2017,95,comedy,IT,5.4,133.0,1.39,6.0,Unknown,Unknown,182
Ari Shaffir: Double Negative,SHOW,2017,47,comedy,US,6.540941965073206,21150.29081903414,2.498,5.737,Ari Shaffir,ACTOR,16
Bareilly Ki Barfi,MOVIE,2017,123,comedy,IN,7.5,24328.0,5.758,6.8,Ayushmann Khurrana,ACTOR,24
The Cloverfield Paradox,MOVIE,2018,102,action,US,5.5,107743.0,17.238,5.6,Gugu Mbatha-Raw,ACTOR,17
Feminists: What Were They Thinking?,MOVIE,2018,86,documentation,US,7.0,2334.0,6.555,7.9,Laurie Anderson,ACTOR,66
Chosen,SHOW,2018,70,action,CN,5.4,126.0,2.459,6.5,Deng Jiajia,ACTOR,77
Brad Paisley's Comedy Rodeo,MOVIE,2017,63,comedy,US,5.6,166.0,2.303,5.6,Brad Paisley,ACTOR,4
Lady J,MOVIE,2018,109,drama,FR,6.8,3306.0,11.122,6.411,Cécile de France,ACTOR,96
First They Killed My Father,MOVIE,2017,136,drama,KH,7.2,17871.0,13.986,7.401,Sareum Srey Moch,ACTOR,-1
Lost Song,SHOW,2018,24,scifi,JP,7.0,396.0,12.107,8.0,Yukari Tamura,ACTOR,28
Armed to the Teeth,MOVIE,2018,108,documentation,MX,7.9,690.0,3.93,7.2,Alberto Arnaut Estrada,DIRECTOR,181
5 Star Christmas,MOVIE,2018,92,comedy,IT,4.5,837.0,8.001,4.2,Massimo Ghini,ACTOR,182
Sugar Rush,SHOW,2018,51,reality,US,7.0,1623.0,13.322,7.016,Hunter March,ACTOR,26
Rumble: The Indians Who Rocked the World,MOVIE,2017,103,music,CA,7.8,949.0,4.12,8.1,Robbie Robertson,ACTOR,-1
Jefe,MOVIE,2018,89,comedy,ES,5.5,1151.0,6.742,5.5,Luis Callejo,ACTOR,164
How It Ends,MOVIE,2018,113,thriller,CA,5.0,54786.0,21.515,5.276,Theo James,ACTOR,160
Neal Brennan: 3 Mics,MOVIE,2017,65,comedy,US,7.9,3633.0,3.892,7.3,Neal Brennan,ACTOR,4
The Motive,MOVIE,2017,104,drama,MX,6.5,5713.0,5.909,6.209,Javier Gutiérrez,ACTOR,70
The Laws of Thermodynamics,MOVIE,2018,100,romance,ES,6.0,2842.0,8.158,5.829,Vito Sanz,ACTOR,75
Jab Harry Met Sejal,MOVIE,2017,143,comedy,IN,5.1,21481.0,6.767,6.497,Shah Rukh Khan,ACTOR,24
Pickpockets,MOVIE,2018,108,thriller,CO,5.4,1246.0,11.711,5.1,Carlos Bardem,ACTOR,-1
Prison Playbook,SHOW,2017,91,drama,KR,8.4,3881.0,16.925,8.328,Park Hae-soo,ACTOR,90
Vir Das: Abroad Understanding,MOVIE,2017,65,comedy,IN,6.9,1777.0,2.82,6.9,Vir Das,ACTOR,24
The Guernsey Literary & Potato Peel Pie Society,MOVIE,2018,124,history,GB,7.3,48475.0,10.502,7.5,Lily James,ACTOR,-1
Victim Number 8,SHOW,2018,53,drama,ES,7.0,2134.0,8.438,7.7,César Mateo,ACTOR,133
Quién te cantará,MOVIE,2018,125,drama,FR,6.9,3079.0,7.863,7.2,Najwa Nimri,ACTOR,96
Holy Goalie,MOVIE,2018,95,comedy,ES,5.3,1779.0,10.547,5.6,Karra Elejalde,ACTOR,164
Gad Elmaleh: American Dream,MOVIE,2018,57,comedy,US,7.2,1107.0,8.545,6.8,Gad Elmaleh,ACTOR,4
Hymn of Death,SHOW,2018,45,drama,KR,7.6,1412.0,18.559,8.4,Lee Jong-suk,ACTOR,90
La Leyenda del Diamante,MOVIE,2018,87,fantasy,MX,3.3,54.0,6.48,5.2,Ana Layevska,ACTOR,-1
"Ram Dass, Going Home",MOVIE,2017,31,documentation,US,6.540941965073206,21150.29081903414,2.705,5.6,Ram Dass,ACTOR,66
Anon,MOVIE,2018,100,scifi,GB,6.1,42608.0,24.776,5.9,Clive Owen,ACTOR,-1
SWORDGAI The Animation,SHOW,2018,23,action,JP,5.8,992.0,25.456,6.8,Yuuka Aisaka,ACTOR,27
Extinction,MOVIE,2018,95,drama,US,5.8,54441.0,25.429,6.003,Michael Peña,ACTOR,1
The Set Up,MOVIE,2017,105,drama,NG,6.8,12.0,4.689,4.3,Adesua Etomi-Wellington,ACTOR,80
Free Rein: The Twelve Neighs of Christmas,MOVIE,2018,58,drama,US,5.8,4543.0,8.385,6.9,Jaylen Barron,ACTOR,1
Def Comedy Jam 25,MOVIE,2017,81,comedy,US,6.6,1139.0,4.264,5.8,D.L. Hughley,ACTOR,4
Strong Island,MOVIE,2017,107,documentation,US,6.4,3986.0,6.838,6.4,Yance Ford,ACTOR,66
The Reservoir Game,MOVIE,2017,100,documentation,KR,6.1,38.0,2.153,7.4,Joo Jin-woo,ACTOR,-1
Tom Segura: Disgraceful,MOVIE,2018,74,comedy,US,7.5,4059.0,4.872,7.1,Tom Segura,ACTOR,4
Marlon Wayans: Woke-ish,MOVIE,2018,68,comedy,US,6.5,1454.0,3.727,6.3,Marlon Wayans,ACTOR,4
Birth of the Dragon,MOVIE,2017,103,drama,CN,5.6,8494.0,13.592,5.764,Philip Ng,ACTOR,61
Fastest Car,SHOW,2018,44,reality,US,7.1,1384.0,6.84,7.5,Unknown,Unknown,26
Apostle,MOVIE,2018,130,horror,US,6.3,54831.0,14.077,6.109,Dan Stevens,ACTOR,31
Veronica,MOVIE,2017,105,horror,ES,6.2,43197.0,25.791,6.195,Sandra Escacena,ACTOR,183
The Epic Tales of Captain Underpants,SHOW,2018,23,comedy,US,6.7,1005.0,17.409,8.2,Nat Faxon,ACTOR,16
Nailed It! Holiday!,SHOW,2018,33,reality,US,7.7,1171.0,6.386,7.433,Nicole Byer,ACTOR,26
The Kissing Booth,MOVIE,2018,105,romance,GB,5.9,86529.0,59.479,7.249,Joey King,ACTOR,87
Amar,MOVIE,2017,105,romance,ES,5.1,4830.0,2.65,5.1,María Pedraza,ACTOR,75
Mo Amer: The Vagabond,MOVIE,2018,56,comedy,US,7.3,1010.0,3.548,5.7,Mo Amer,ACTOR,4
Kodachrome,MOVIE,2018,105,drama,US,6.8,17918.0,8.842,6.775,Ed Harris,ACTOR,1
Late Life: The Chien-Ming Wang Story,MOVIE,2018,97,documentation,TW,7.1,497.0,3.138,5.4,Chien-ming Wang,ACTOR,-1
Accidentally In Love,SHOW,2018,31,drama,CN,7.4,1253.0,18.151,7.447,Sun Yining,ACTOR,125
Mr. Chandramouli,MOVIE,2018,135,romance,IN,5.0,245.0,1.809,4.8,Gautham Karthik,ACTOR,9
War Machine,MOVIE,2017,122,drama,US,6.0,47933.0,9.928,5.569,Brad Pitt,ACTOR,1
The Angel,MOVIE,2018,114,thriller,IL,6.6,14603.0,7.609,6.7,Tagsinapol Mahasinanont,ACTOR,-1
The Bros,MOVIE,2017,102,comedy,KR,6.1,763.0,6.879,6.219,Ma Dong-seok,ACTOR,95
Daniel Sosa: Sosafado,MOVIE,2017,77,comedy,MX,5.5,103.0,1.4,5.25,Daniel Sosa,ACTOR,43
Todd Barry: Spicy Honey,MOVIE,2017,60,comedy,US,6.8,880.0,3.687,7.3,Todd Barry,ACTOR,4
Awe!,MOVIE,2018,115,drama,IN,7.6,5402.0,3.423,7.0,Nithya Menen,ACTOR,8
Pulang,MOVIE,2018,120,drama,MY,6.7,614.0,3.262,5.9,Remy Ishak,ACTOR,97
Dovlatov,MOVIE,2018,126,drama,PL,6.4,2089.0,3.229,6.4,Milan Marić,ACTOR,184
Bleach,MOVIE,2018,108,action,JP,6.4,11406.0,16.679,6.647,Sota Fukushi,ACTOR,81
"Take the Ball, Pass the Ball",MOVIE,2018,109,documentation,ES,7.9,3287.0,5.84,8.0,Pep Guardiola,ACTOR,137
A Christmas Prince: The Royal Wedding,MOVIE,2018,92,comedy,US,5.3,11305.0,12.454,6.409,Rose McIver,ACTOR,4
Perfect Bid: The Contestant Who Knew Too Much,MOVIE,2017,72,documentation,CA,6.5,3000.0,4.611,6.5,Theodore Slauson,ACTOR,15
The Titan,MOVIE,2018,97,scifi,ES,4.8,30698.0,15.384,5.4,Sam Worthington,ACTOR,-1
Jo Koy: Live from Seattle,MOVIE,2017,63,comedy,US,7.3,1544.0,3.462,6.9,Jo Koy,ACTOR,4
Russell Brand: Re:Birth,MOVIE,2018,63,comedy,GB,6.5,1255.0,3.115,6.7,Russell Brand,ACTOR,6
Little Evil,MOVIE,2017,94,horror,US,5.7,22130.0,13.21,5.623,Adam Scott,ACTOR,31
Jimmy: The True Story of a True Idiot,SHOW,2018,46,drama,JP,6.7,84.0,1.082,5.0,Unknown,Unknown,57
Mudbound,MOVIE,2017,135,drama,US,7.4,47676.0,8.645,7.4,Carey Mulligan,ACTOR,1
Bad Seeds,MOVIE,2018,100,comedy,FR,7.3,5755.0,8.636,7.8,Kheiron,ACTOR,127
Outlaw King,MOVIE,2018,122,action,GB,6.9,74831.0,19.683,6.8,Chris Pine,ACTOR,68
Invisible,MOVIE,2017,87,drama,UY,6.0,815.0,7.265,5.7,Mora Arenillas,ACTOR,-1
Cristela Alonzo: Lower Classy,MOVIE,2017,66,comedy,US,6.4,845.0,2.841,6.435,Cristela Alonzo,ACTOR,4
Rory Scovel Tries Stand-Up for the First Time,MOVIE,2017,66,comedy,US,6.7,865.0,2.489,7.4,Rory Scovel,ACTOR,4
Death Note,MOVIE,2017,101,thriller,US,4.5,86629.0,15.182,4.2,Nat Wolff,ACTOR,19
Mauli,MOVIE,2018,134,drama,IN,5.6,403.0,1.524,5.0,Ritesh Deshmukh,ACTOR,8
D.L. Hughley: Contrarian,MOVIE,2018,58,comedy,US,6.6,624.0,1.439,4.923,D.L. Hughley,ACTOR,4
Bhavesh Joshi Superhero,MOVIE,2018,155,drama,IN,7.6,9471.0,4.066,7.5,Harshvardhan Kapoor,ACTOR,8
Enissa Amani: Ehrenwort,MOVIE,2018,65,comedy,US,5.6,197.0,2.29,5.6,Enissa Amani,ACTOR,4
If I Hadn't Met You,SHOW,2018,52,thriller,ES,7.7,2283.0,7.709,6.688,Pablo Derqui,ACTOR,185
1922,MOVIE,2017,102,drama,US,6.2,66072.0,17.503,5.936,Thomas Jane,ACTOR,1
Dirty Money,SHOW,2018,62,crime,US,8.1,9607.0,16.467,7.2,Alexandru Papadopol,ACTOR,135
Everybody Knows,MOVIE,2018,132,thriller,FR,6.9,35918.0,14.957,6.5,Penélope Cruz,ACTOR,178
BAKI,SHOW,2018,24,action,JP,6.7,6941.0,106.82,8.15,Nobunaga Shimazaki,ACTOR,27
ReMastered: The Lion's Share,MOVIE,2018,84,documentation,US,6.9,671.0,1.515,6.8,Rian Malan,ACTOR,66
Belmonte,MOVIE,2018,75,drama,MX,6.1,390.0,3.432,5.1,Gonzalo Delgado,ACTOR,70
Dogs of Berlin,SHOW,2018,60,drama,DE,7.5,13265.0,15.187,7.349,Felix Kramer,ACTOR,169
Damnation,SHOW,2017,43,western,US,7.6,8736.0,8.517,6.903,Killian Scott,ACTOR,-1
Life Sentence,SHOW,2018,42,drama,US,6.5,4011.0,7.999,6.461,Lucy Hale,ACTOR,39
Lommbock,MOVIE,2017,102,comedy,DE,6.7,3863.0,6.356,6.6,Moritz Bleibtreu,ACTOR,45
Win It All,MOVIE,2017,88,comedy,US,6.2,9750.0,8.748,5.7,Jake Johnson,ACTOR,4
W. Kamau Bell: Private School Negro,MOVIE,2018,65,comedy,US,6.5,816.0,2.63,5.9,W. Kamau Bell,ACTOR,4
Unit 42,SHOW,2017,48,thriller,BE,6.9,2630.0,18.447,6.271,Patrick Ridremont,ACTOR,-1
Superwog,SHOW,2018,22,comedy,AU,7.4,610.0,5.636,6.429,Theodore Saidden,ACTOR,82
Baadshaho,MOVIE,2017,136,action,IN,4.9,5036.0,3.295,5.8,Ajay Devgn,ACTOR,14
Busted!,SHOW,2018,75,thriller,KR,7.6,1027.0,22.985,8.5,Yoo Jae-suk,ACTOR,156
Jagga Jasoos,MOVIE,2017,162,comedy,IN,6.4,10767.0,6.821,6.083,Ranbir Kapoor,ACTOR,24
Goyo: The Boy General,MOVIE,2018,155,history,PH,6.7,799.0,5.701,6.636,Paulo Avelino,ACTOR,-1
Cupcake & Dino - General Services,SHOW,2018,17,animation,BR,7.6,805.0,12.226,8.8,Justin Collette,ACTOR,-1
Rock My Heart,MOVIE,2017,105,drama,DE,6.5,1099.0,9.511,7.2,Lena Klenke,ACTOR,47
Misty,SHOW,2018,71,crime,KR,8.0,743.0,8.372,7.8,Kim Nam-ju,ACTOR,186
The Night Comes for Us,MOVIE,2018,121,action,ID,6.9,27185.0,23.931,6.806,Joe Taslim,ACTOR,-1
Hajwala 2: Mysterious Mission,MOVIE,2018,115,action,AE,4.1,98.0,2.189,6.0,Ahmed El Mohammdi,ACTOR,168
The Zookeeper's Wife,MOVIE,2017,124,history,CZ,7.0,44382.0,13.182,7.4,Jessica Chastain,ACTOR,-1
Take Your Pills,MOVIE,2018,87,documentation,US,6.3,5416.0,10.75,6.6,Eben Britton,ACTOR,66
Cleo & Cuquin,SHOW,2018,6,animation,ES,8.1,100.0,6.239,8.3,Unknown,Unknown,-1
Cargo,MOVIE,2018,105,drama,AU,6.3,45094.0,18.267,6.399,Martin Freeman,ACTOR,143
Sacred Games,SHOW,2018,50,action,IN,8.5,89076.0,17.95,7.934,Pankaj Tripathi,ACTOR,91
The Meyerowitz Stories (New and Selected),MOVIE,2017,112,drama,US,6.9,51192.0,14.956,6.461,Adam Sandler,ACTOR,1
Angela's Christmas,MOVIE,2017,30,animation,CA,6.540941965073206,21150.29081903414,11.87,6.8,Lucy O'Connell,ACTOR,175
Lovefucked,MOVIE,2018,105,drama,IN,6.540941965073206,21150.29081903414,3.491,4.8,Rohit Kokate,ACTOR,8
Christina P: Mother Inferior,MOVIE,2017,59,comedy,US,6.4,1073.0,2.939,5.9,Christina Pazsitzky,ACTOR,4
Been So Long,MOVIE,2018,100,romance,GB,5.5,1145.0,6.484,5.7,Michaela Coel,ACTOR,87
Cathedral of the Sea,SHOW,2018,57,drama,ES,7.5,4779.0,16.179,7.0,Aitor Luna,ACTOR,133
Garbage,MOVIE,2018,105,thriller,IN,3.8,1060.0,1.217,4.2,Tanmay Dhanania,ACTOR,13
Your Son,MOVIE,2018,103,thriller,ES,6.1,5174.0,11.503,5.717,Jose Coronado,ACTOR,177
Terrorism Close Calls,SHOW,2018,51,documentation,US,5.3,761.0,2.275,7.2,David Bitkower,ACTOR,0
Watership Down,SHOW,2018,50,animation,GB,7.2,6467.0,9.72,6.898,James McAvoy,ACTOR,20
Bill Nye Saves the World,SHOW,2017,32,comedy,US,3.5,7233.0,8.705,3.6,Bill Nye,ACTOR,16
The Queen of Flow,SHOW,2018,45,drama,CO,7.7,1366.0,238.974,7.979,Andres Sandoval,ACTOR,49
Bitter Daisies,SHOW,2018,71,drama,ES,7.2,3274.0,12.695,7.0,María Mera,ACTOR,133
Solo,MOVIE,2018,100,thriller,ES,5.0,2960.0,9.722,5.4,Alain Hernández,ACTOR,177
Hari Kondabolu: Warn Your Relatives,MOVIE,2018,67,comedy,US,6.6,898.0,2.727,5.6,Hari Kondabolu,ACTOR,4
The Magic School Bus Rides Again,SHOW,2017,25,animation,US,6.3,864.0,17.468,6.1,Kate McKinnon,ACTOR,32
Dear Ex,MOVIE,2018,100,drama,TW,7.3,6712.0,8.595,7.275,Hsieh Ying Shiuan,ACTOR,101
Mersal,MOVIE,2017,172,thriller,IN,7.5,35873.0,8.219,7.309,Vijay,ACTOR,13
Dark Tourist,SHOW,2018,41,action,NZ,7.5,7664.0,6.269,6.642,Sebastián Treviño,ACTOR,-1
Rust Valley Restorers,SHOW,2018,48,documentation,CA,7.7,3084.0,19.93,8.0,Mike Hall,ACTOR,-1
End Game,MOVIE,2018,40,documentation,US,6.540941965073206,21150.29081903414,5.107,7.1,Rob Epstein,DIRECTOR,66
Christmas Inheritance,MOVIE,2017,104,comedy,US,5.7,12531.0,14.43,6.3,Eliza Taylor,ACTOR,4
Disjointed,SHOW,2017,27,comedy,US,6.7,10697.0,12.164,5.842,Kathy Bates,ACTOR,16
Day of the Dead: Bloodline,MOVIE,2017,90,action,US,3.4,11750.0,22.935,4.637,Sophie Skelton,ACTOR,17
Titipo Titipo,SHOW,2018,18,comedy,KR,7.2,25.0,1.859,9.5,Unknown,Unknown,72
Signs,SHOW,2018,47,thriller,PL,6.4,1855.0,6.236,7.0,Andrzej Konopka,ACTOR,-1
The Book of Henry,MOVIE,2017,105,drama,US,6.6,28221.0,18.796,7.5,Naomi Watts,ACTOR,1
All the Reasons to Forget,MOVIE,2018,90,drama,BR,6.3,541.0,3.219,7.118,Johnny Massaro,ACTOR,119
Dany Boon: Des Hauts-De-France,MOVIE,2018,90,comedy,FR,6.3,103.0,2.667,6.2,Dany Boon,ACTOR,127
Russell Howard: Recalibrate,MOVIE,2017,69,comedy,GB,7.4,1686.0,2.378,7.7,Russell Howard,ACTOR,6
Kakegurui,SHOW,2018,27,drama,JP,6.7,1114.0,19.521,7.92,Minami Hamabe,ACTOR,57
Transformers: Rescue Bots Academy,SHOW,2018,12,action,US,6.2,122.0,5.706,10.0,Unknown,Unknown,30
Sei,MOVIE,2018,128,drama,IN,4.2,73.0,0.996,4.3,Nakul,ACTOR,8
The Worthy,MOVIE,2017,95,action,AE,5.1,2117.0,11.549,4.8,Ali Soliman,ACTOR,168
Poster Boys,MOVIE,2017,128,comedy,IN,5.4,1620.0,2.777,5.7,Sunny Deol,ACTOR,24
Up North,MOVIE,2018,10,drama,US,5.4,162.0,1.286,4.25,Banky Wellington,ACTOR,1
Baazaar,MOVIE,2018,137,drama,IN,6.5,5785.0,4.581,6.087,Saif Ali Khan,ACTOR,8
Satria Heroes: Revenge of the Darkness,MOVIE,2017,92,drama,ID,4.9,79.0,19.267195915153582,6.633193712829227,Unknown,Unknown,120
The House of Flowers,SHOW,2018,31,drama,MX,7.6,8094.0,40.629,7.779,Aislinn Derbez,ACTOR,153
Get Me Roger Stone,MOVIE,2017,100,documentation,US,7.3,7553.0,6.566,7.0,Roger Stone,ACTOR,66
Nathicharami,MOVIE,2018,116,drama,IN,7.2,360.0,1.402,7.2,Sruthi Hariharan,ACTOR,8
Mubarakan,MOVIE,2017,156,comedy,IN,5.6,4129.0,3.642,6.4,Anil Kapoor,ACTOR,24
Insatiable,SHOW,2018,46,drama,US,6.5,29932.0,39.535,7.8,Debby Ryan,ACTOR,39
Okko's Inn,MOVIE,2018,94,fantasy,JP,7.1,2051.0,9.732,7.112,Seiran Kobayashi,ACTOR,92
Transformers: Cyberverse,SHOW,2018,12,action,US,6.8,411.0,7.191,6.4,Jeremy Levy,ACTOR,30
When We First Met,MOVIE,2018,97,comedy,US,6.4,50812.0,17.227,6.6,Adam DeVine,ACTOR,4
Munafik 2,MOVIE,2018,104,thriller,MY,5.6,1758.0,4.152,5.7,Syamsul Yusof,ACTOR,-1
Solo el amor,MOVIE,2018,93,drama,AR,5.0,74.0,3.95,5.3,Franco Masini,ACTOR,83
The Last Hour,MOVIE,2018,118,drama,PE,6.3,522.0,3.705,6.8,Pietro Sibille,ACTOR,-1
CIA: Comrade In America,MOVIE,2017,134,romance,IN,6.4,3260.0,3.703,6.016,Dulquer Salmaan,ACTOR,9
Fun Mom Dinner,MOVIE,2017,81,comedy,US,5.3,5509.0,9.723,5.8,Katie Aselton,ACTOR,4
Vir Das: Losing It,MOVIE,2018,67,comedy,US,7.0,1345.0,2.429,7.3,Vir Das,ACTOR,4
Beyond Skyline,MOVIE,2017,105,action,CA,5.3,22444.0,7.407,5.2,Frank Grillo,ACTOR,-1
Joshua: Teenager vs. Superpower,MOVIE,2017,78,documentation,US,7.3,1610.0,7.085,7.3,Joshua Wong,ACTOR,66
New Money,MOVIE,2018,107,comedy,NG,6.540941965073206,21150.29081903414,1.497,4.0,Adeolu Adefarasin,ACTOR,121
The Outsider,MOVIE,2018,120,crime,US,6.2,27082.0,16.555,6.2,Jared Leto,ACTOR,3
Mowgli: Legend of the Jungle,MOVIE,2018,105,drama,US,6.5,63304.0,20.497,6.504,Rohan Chand,ACTOR,1
Stretch Armstrong & the Flex Fighters,SHOW,2017,23,animation,US,6.3,331.0,3.975,7.6,Scott Menville,ACTOR,32
Calibre,MOVIE,2018,101,thriller,GB,6.8,30668.0,13.902,6.469,Jack Lowden,ACTOR,116
Sierra Burgess Is a Loser,MOVIE,2018,105,drama,US,5.8,39844.0,13.018,6.332,Shannon Purser,ACTOR,1
"I, Potro",MOVIE,2018,50,comedy,AR,6.2,520.0,2.927,5.9,Joaquín Ferreira,ACTOR,23
Somewhere Between,SHOW,2017,42,drama,US,6.2,6233.0,10.738,6.43,Paula Patton,ACTOR,39
The Good Cop,SHOW,2018,46,comedy,US,7.0,6150.0,10.166,6.3,Josh Groban,ACTOR,16
Close Enemies,MOVIE,2018,111,drama,BE,6.4,2785.0,6.634,5.9,Matthias Schoenaerts,ACTOR,142
Little Miss Sumo,MOVIE,2018,18,documentation,JP,6.540941965073206,21150.29081903414,4.3,5.9,Hiyori Kon,ACTOR,-1
The Ottoman Lieutenant,MOVIE,2017,106,drama,TR,6.4,26067.0,15.932,6.176,Ben Kingsley,ACTOR,126
Gad Gone Wild,MOVIE,2017,57,comedy,FR,6.9,433.0,3.623,6.782,Gad Elmaleh,ACTOR,127
Victoria & Abdul,MOVIE,2017,112,drama,US,6.8,36732.0,10.56,6.9,Judi Dench,ACTOR,1
Private Life,MOVIE,2018,123,drama,US,7.2,19023.0,9.106,6.938,Kathryn Hahn,ACTOR,1
Great News,SHOW,2017,21,comedy,US,7.0,6810.0,8.448,6.6,Horatio Sanz,ACTOR,16
Irreplaceable You,MOVIE,2018,96,drama,US,6.4,9943.0,13.984,6.979,Gugu Mbatha-Raw,ACTOR,1
C/o Kancharapalem,MOVIE,2018,152,drama,IN,8.8,7324.0,2.773,7.5,Mohan Bhagath,ACTOR,8
Brij Mohan Amar Rahe!,MOVIE,2018,100,drama,IN,6.6,3823.0,2.525,4.955,Arjun Mathur,ACTOR,8
The Most Hated Woman in America,MOVIE,2017,91,crime,US,6.1,6930.0,9.352,6.1,Melissa Leo,ACTOR,3
Burning Sands,MOVIE,2017,105,drama,US,6.0,2947.0,8.333,5.8,Trevor Jackson,ACTOR,1
First Love,MOVIE,2018,122,romance,PH,5.9,163.0,1.716,5.9,Bea Alonzo,ACTOR,98
Castle and Castle,SHOW,2018,54,drama,NG,6.540941965073206,21150.29081903414,3.082,7.2,Dakore Egbuson-Akande,ACTOR,-1
Counterpunch,MOVIE,2017,91,documentation,US,6.7,943.0,9.077,6.7,Jay Bulger,DIRECTOR,66
Joaquín Reyes: Una y no más,MOVIE,2017,77,comedy,,6.5,6.0,1.216,4.7,Joaquín Reyes,ACTOR,139
Struggle: The Life and Lost Art of Szukalski,MOVIE,2018,104,documentation,US,7.9,4385.0,5.074,7.6,Stanislaw Szukalski,ACTOR,66
Hantu Kak Limah,MOVIE,2018,111,comedy,MY,5.7,700.0,2.786,6.9,Awie,ACTOR,104
A.I.C.O. -Incarnation-,SHOW,2018,25,action,JP,6.3,1285.0,11.294,6.3,Yusuke Kobayashi,ACTOR,27
Nobody Speak: Trials of the Free Press,MOVIE,2017,95,documentation,US,6.5,4259.0,7.161,6.0,Hulk Hogan,ACTOR,66
YG Future Strategy Office,SHOW,2018,26,comedy,KR,6.8,217.0,4.918,7.1,Seungri,ACTOR,72
The Wedding Party 2: Destination Dubai,MOVIE,2017,98,romance,NG,4.8,293.0,2.684,7.0,Adesua Etomi,ACTOR,138
Fyre,MOVIE,2018,97,documentation,US,7.2,48949.0,10.358,6.9,Billy McFarland,ACTOR,66
Outside In,MOVIE,2018,109,drama,US,6.7,5410.0,7.208,6.238,Edie Falco,ACTOR,1
El Chapo,SHOW,2017,44,drama,US,7.8,19173.0,83.533,7.499,Marco de la O,ACTOR,39
Modest Heroes,MOVIE,2018,54,drama,JP,6.6,2850.0,21.164,6.684,Min Tanaka,ACTOR,35
Bangkok Love Stories 2: Innocence,SHOW,2018,47,drama,TH,6.7,224.0,5.252,7.0,Nicole Theriault,ACTOR,173
Requiem,SHOW,2018,58,drama,GB,6.4,6937.0,12.894,6.5,Lydia Wilson,ACTOR,114
Felipe Neto: My Life Makes No Sense,MOVIE,2017,90,comedy,BR,4.4,255.0,2.771,6.161,Felipe Neto,ACTOR,187
Berlin Syndrome,MOVIE,2017,116,thriller,AU,6.3,26162.0,10.809,6.007,Teresa Palmer,ACTOR,-1
Pine Gap,SHOW,2018,56,drama,AU,7.2,5626.0,10.567,7.25,Parker Sawyers,ACTOR,41
Shéhérazade,MOVIE,2018,109,drama,FR,7.0,2442.0,10.55,7.3,Dylan Robert,ACTOR,96
Terrace House: Opening New Doors,SHOW,2017,39,reality,JP,7.8,1024.0,10.332,7.8,YOU,ACTOR,48
Better Than Us,SHOW,2018,52,scifi,RU,7.3,9601.0,33.457,7.37,Paulina Andreeva,ACTOR,-1
Orbiter 9,MOVIE,2017,95,drama,ES,5.9,8019.0,18.949,5.815,Clara Lago,ACTOR,46
SKY Castle,SHOW,2018,68,drama,KR,8.6,3445.0,17.639,8.2,Yum Jung-ah,ACTOR,90
An Evening with Beverly Luff Linn,MOVIE,2018,108,comedy,US,5.8,5457.0,9.145,5.5,Aubrey Plaza,ACTOR,4
Yoo Byung Jae: Too Much Information,MOVIE,2018,63,comedy,KR,5.5,52.0,1.22,6.2,Yoo Byung-jae,ACTOR,95
Moms at War,MOVIE,2018,91,comedy,NG,6.5,59.0,1.019,3.5,Omoni Oboli,ACTOR,121
Kalushi : The Story of Solomon Mahlangu,MOVIE,2017,106,thriller,ZA,6.6,342.0,4.173,5.8,Pearl Thusi,ACTOR,-1
GHOUL,SHOW,2018,46,scifi,IN,8.4,6.0,15.117,6.865,Rohit Pathak,ACTOR,-1
To the Bone,MOVIE,2017,107,drama,US,6.8,47025.0,14.059,7.226,Lily Collins,ACTOR,1
Maktub,MOVIE,2017,100,comedy,IL,7.2,2469.0,3.007,7.2,Guy Amir,ACTOR,-1
#realityhigh,MOVIE,2017,99,comedy,US,5.1,6592.0,12.86,6.3,Nesta Cooper,ACTOR,4
Going for Gold,MOVIE,2018,89,drama,AU,4.8,602.0,8.597,6.781,Kelli Berglund,ACTOR,143
F.R.E.D.I.,MOVIE,2018,89,scifi,US,5.0,1087.0,5.682,6.2,Kelly Hu,ACTOR,29
Bad Genius,MOVIE,2017,130,thriller,TH,7.6,21755.0,18.791,7.94,Chutimon Chuengcharoensukying,ACTOR,-1
22 July,MOVIE,2018,143,drama,NO,6.8,35139.0,14.077,7.128,Jonas Strand Gravli,ACTOR,-1
A Futile and Stupid Gesture,MOVIE,2018,101,comedy,US,6.7,16891.0,8.464,6.5,Will Forte,ACTOR,4
1983,SHOW,2018,57,crime,PL,6.8,3931.0,8.022,6.5,Robert Więckiewicz,ACTOR,130
Puss in Book: Trapped in an Epic Tale,MOVIE,2017,23,fantasy,US,6.540941965073206,21150.29081903414,121.138,6.637,Eric Bauza,ACTOR,18
The Doll 2,MOVIE,2017,117,horror,ID,5.2,614.0,4.816,5.568,Luna Maya,ACTOR,172
A Boy Named Flora A,SHOW,2017,89,drama,TW,7.9,336.0,2.914,7.0,Crowd Lu,ACTOR,69
Mute,MOVIE,2018,126,thriller,DE,5.4,36383.0,12.079,5.571,Alexander Skarsgård,ACTOR,62
Black Mirror: Bandersnatch,MOVIE,2018,90,drama,US,7.1,129064.0,11.65,6.781,Fionn Whitehead,ACTOR,1
Giant,MOVIE,2017,114,drama,ES,6.6,4532.0,9.584,6.583,Ramon Agirre,ACTOR,46
Payday,MOVIE,2018,110,comedy,NG,5.5,28.0,0.929,2.0,Baaj Adebule,ACTOR,121
Sir,MOVIE,2018,96,drama,IN,7.7,7716.0,5.054,7.2,Tillotama Shome,ACTOR,8
Hot Girls Wanted: Turned On,SHOW,2017,47,documentation,US,6.6,2272.0,13.461,6.9,Unknown,Unknown,0
Model,SHOW,2017,48,reality,US,5.7,44.0,1.057,2.0,Christina Visser,ACTOR,26
Manto,MOVIE,2018,112,drama,FR,7.3,4431.0,5.341,7.449,Nawazuddin Siddiqui,ACTOR,96
Killing Hasselhoff,MOVIE,2017,80,comedy,US,4.5,2760.0,5.287,4.647,Ken Jeong,ACTOR,4
The Forest,SHOW,2017,52,drama,FR,7.2,11226.0,21.589,6.936,Samuel Labarthe,ACTOR,145
My Secret Romance,SHOW,2017,52,comedy,KR,7.1,3906.0,16.871,7.775,Sung Hoon,ACTOR,72
Happy as Lazzaro,MOVIE,2018,130,drama,IT,7.5,18924.0,12.434,7.386,Adriano Tardiolo,ACTOR,51
Coffee for All,MOVIE,2017,69,documentation,AR,5.6,431.0,1.905,5.8,Glodier Biedma,ACTOR,188
Pup Star: World Tour,MOVIE,2018,87,comedy,US,3.9,220.0,4.518,6.0,Diedrich Bader,ACTOR,4
Gypsy,SHOW,2017,52,drama,US,6.8,17599.0,54.97,6.583,Naomi Watts,ACTOR,39
Dumplin',MOVIE,2018,110,drama,US,6.5,35202.0,10.492,6.833,Danielle Macdonald,ACTOR,1
DreamWorks Home: For the Holidays,MOVIE,2017,45,scifi,GB,4.9,166.0,4.372,5.2,Rachel Crow,ACTOR,-1
Aggretsuko: We Wish You A Metal Christmas,MOVIE,2018,22,animation,JP,6.540941965073206,21150.29081903414,3.852,7.5,Kaolip,ACTOR,22
The Royal Hibiscus Hotel,MOVIE,2018,90,romance,NG,5.3,304.0,2.123,4.2,Zainab Balogun,ACTOR,138
Stretch Armstrong: The Breakout,MOVIE,2018,45,animation,US,6.540941965073206,21150.29081903414,2.059,5.2,Steven Yeun,ACTOR,71
Fary Is the New Black,MOVIE,2018,74,comedy,FR,6.0,144.0,4.016,6.8,Fary,ACTOR,127
Voice,SHOW,2017,62,crime,KR,7.6,2230.0,13.706,6.89,Lee Ha-na,ACTOR,186
Harith Iskander: I Told You So,MOVIE,2018,61,comedy,US,4.9,185.0,2.426,4.8,Harith Iskander,ACTOR,4
Friends from College,SHOW,2017,30,comedy,US,6.9,21814.0,11.053,6.41,Keegan-Michael Key,ACTOR,16
A Love So Beautiful,SHOW,2017,43,comedy,CN,8.0,1552.0,28.824,8.304,Hu Yitian,ACTOR,-1
The Stolen,MOVIE,2017,98,action,NZ,5.3,1330.0,5.393,5.6,Alice Eve,ACTOR,-1
Treehouse Detectives,SHOW,2018,24,animation,US,7.9,94.0,4.256,9.2,Philece Sampler,ACTOR,32
Kartini: Princess of Java,MOVIE,2017,118,drama,ID,7.6,511.0,3.02,8.1,Dian Sastrowardoyo,ACTOR,120
Jen Kirkman: Just Keep Livin'?,MOVIE,2017,69,comedy,US,6.8,1341.0,2.95,6.5,Jen Kirkman,ACTOR,4
Tau,MOVIE,2018,97,thriller,US,5.8,32513.0,14.731,6.16,Maika Monroe,ACTOR,19
The Grown-Ups,MOVIE,2017,82,documentation,NL,7.6,278.0,1.719,6.4,Maite Alberdi,DIRECTOR,-1
Nicky Jam: El Ganador,SHOW,2018,44,drama,PR,7.7,1211.0,34.655,7.31,Nicky Jam,ACTOR,-1
Subira,MOVIE,2018,99,drama,KE,5.3,73.0,0.69,6.633193712829227,Brenda Wairimu,ACTOR,-1
The Inmate,SHOW,2018,45,drama,MX,6.9,2922.0,22.685,7.021,Ignacio Serricchio,ACTOR,153
Godzilla: Planet of the Monsters,MOVIE,2017,89,action,JP,6.0,8821.0,19.346,6.28,Mamoru Miyano,ACTOR,81
Errementari: The Blacksmith and the Devil,MOVIE,2018,98,fantasy,FR,6.4,12495.0,12.649,6.4,Kandido Uranga,ACTOR,-1
Andhadhun,MOVIE,2018,139,thriller,IN,8.2,95963.0,11.469,7.6,Ayushmann Khurrana,ACTOR,13
Catfight,MOVIE,2017,96,drama,US,5.9,6745.0,10.048,5.6,Sandra Oh,ACTOR,1
Indian Horse,MOVIE,2018,96,drama,CA,7.3,2368.0,7.12,7.3,Sladen Peltier,ACTOR,58
WHAT DID JACK DO?,MOVIE,2017,17,comedy,US,6.540941965073206,21150.29081903414,6.658,6.411,Jack Cruz,ACTOR,4
Bygones Be Bygones,MOVIE,2017,103,comedy,TR,6.2,4248.0,4.272,5.4,Ata Demirer,ACTOR,52
Trolls Holiday,MOVIE,2017,26,action,,6.1,2919.0,19.559,6.7,Anna Kendrick,ACTOR,168
Christmas with a View,MOVIE,2018,105,romance,CA,5.2,5046.0,17.379,5.8,Kaitlyn Leeb,ACTOR,-1
iBoy,MOVIE,2017,90,action,GB,6.0,22594.0,13.689,5.971,Bill Milner,ACTOR,68
In Line,MOVIE,2017,115,drama,NG,6.1,34.0,1.517,2.0,Chris Attoh,ACTOR,80
The Kindergarten Teacher,MOVIE,2018,96,drama,US,6.7,16842.0,8.369,6.604,Maggie Gyllenhaal,ACTOR,1
Security,MOVIE,2017,91,thriller,US,5.7,19987.0,40.881,6.2,Antonio Banderas,ACTOR,19
Prince of Peoria: A Christmas Moose Miracle,MOVIE,2018,29,comedy,US,6.540941965073206,21150.29081903414,3.171,5.3,Gavin Lewis,ACTOR,4
Troy: Fall of a City,SHOW,2018,58,action,GB,4.0,14461.0,16.892,6.5,Louis Hunter,ACTOR,-1
Right Here Right Now,MOVIE,2018,89,drama,DE,5.4,311.0,2.592,4.2,Corinna Harfouch,ACTOR,47
Perfume,SHOW,2018,58,crime,DE,7.1,8536.0,14.937,6.878,Friederike Becht,ACTOR,-1
Like Father,MOVIE,2018,98,drama,US,6.1,22064.0,8.867,6.3,Kristen Bell,ACTOR,1
Strongest Deliveryman,SHOW,2017,55,drama,KR,7.3,805.0,8.365,6.5,Go Kyung-pyo,ACTOR,90
Bāhubali 2: The Conclusion,MOVIE,2017,167,fantasy,IN,8.2,104877.0,33.877,7.399,Prabhas,ACTOR,11
Aiyaary,MOVIE,2018,157,action,IN,5.3,4946.0,5.157,5.72,Manoj Bajpayee,ACTOR,14
Deliha 2,MOVIE,2018,106,comedy,TR,4.7,2692.0,4.816,5.9,Gupse Özay,ACTOR,52
Hey Arnold! The Jungle Movie,MOVIE,2017,81,comedy,US,7.5,3371.0,17.785,7.7,Mason Vale Cotton,ACTOR,4
Hold the Dark,MOVIE,2018,126,thriller,US,5.6,38449.0,14.839,5.3,Jeffrey Wright,ACTOR,19
Lawless Lawyer,SHOW,2018,64,crime,KR,7.6,2158.0,14.025,7.242,Lee Joon-gi,ACTOR,186
Chasing Coral,MOVIE,2017,89,documentation,US,8.1,5379.0,10.395,7.7,Jeff Orlowski,DIRECTOR,66
Kakegurui,SHOW,2017,24,animation,JP,7.2,10716.0,51.495,8.266,Tatsuya Tokutake,ACTOR,33
The Worst Witch,SHOW,2017,28,scifi,GB,7.2,2740.0,43.194,7.668,Lydia Page,ACTOR,113
Ravenous,MOVIE,2018,103,horror,CA,5.8,9588.0,18.267,5.843,Marc-André Grondin,ACTOR,-1
Marco Luque - We are together,MOVIE,2017,73,comedy,BR,4.4,81.0,2.352,5.2,Marco Luque,ACTOR,187
Back to Q82,MOVIE,2017,105,comedy,KW,4.6,119.0,1.589,2.0,Jassim Al-Nabhan,ACTOR,-1
Innocent,SHOW,2017,51,crime,TR,8.4,17727.0,10.048,7.8,Haluk Bilginer,ACTOR,-1
All Hail King Julien: Exiled,SHOW,2017,23,comedy,US,7.5,616.0,9.715,8.016,Danny Jacobs,ACTOR,16
The Innocent Man,SHOW,2018,47,documentation,US,7.3,6191.0,8.198,7.0,J.J. Arends,ACTOR,0
Shirkers,MOVIE,2018,96,documentation,US,7.4,5362.0,7.829,7.4,Sandi Tan,ACTOR,66
Hannah Gadsby: Nanette,MOVIE,2018,69,comedy,AU,8.1,12755.0,7.129,8.132,Hannah Gadsby,ACTOR,88
Stree,MOVIE,2018,138,horror,IN,7.5,35253.0,6.331,6.973,Rajkummar Rao,ACTOR,146
Barbie: Dreamhouse Adventures,SHOW,2018,22,family,US,6.7,598.0,29.057,8.19,America Young,ACTOR,37
Maz Jobrani: Immigrant,MOVIE,2017,67,comedy,US,6.7,895.0,4.287,5.9,Maz Jobrani,ACTOR,4
Rafinha Bastos: Ultimatum,MOVIE,2018,62,comedy,BR,6.4,229.0,2.04,6.4,Rafinha Bastos,ACTOR,187
Cam,MOVIE,2018,95,thriller,US,5.9,33375.0,13.099,5.871,Madeline Brewer,ACTOR,19
Fabrizio Copano: solo pienso en mí,MOVIE,2017,59,comedy,CL,5.1,40.0,1.845,5.2,Fabrizio Copano,ACTOR,-1
Spy Kids: Mission Critical,SHOW,2018,25,animation,US,4.8,410.0,10.786,7.5,Caitlyn Bairstow,ACTOR,32
River's Edge,MOVIE,2018,118,drama,JP,6.2,1013.0,4.949,6.0,Fumi Nikaido,ACTOR,35
Kingdom of Us,MOVIE,2017,109,documentation,GB,6.9,929.0,3.184,6.9,Paul Shanks,ACTOR,73
White Fang,MOVIE,2018,87,animation,FR,6.9,3855.0,14.019,7.3,Raphaël Personnaz,ACTOR,-1
The Other Side of the Wind,MOVIE,2018,122,drama,IR,6.7,7104.0,9.966,6.7,John Huston,ACTOR,-1
Cry Babies Magic Tears,SHOW,2018,11,family,FR,4.6,62.0,6.082,7.2,Unknown,Unknown,-1
The Last Runaway,MOVIE,2018,107,action,PY,5.9,772.0,17.954,7.1,Luis Aguirre,ACTOR,-1
Black Is Beltza,MOVIE,2018,88,animation,ES,5.9,341.0,2.324,6.0,Unax Ugalde,ACTOR,-1
Tidelands,SHOW,2018,42,scifi,AU,6.8,8306.0,12.927,6.623,Charlotte Best,ACTOR,-1
Shimmer Lake,MOVIE,2017,83,thriller,CA,6.3,14098.0,10.356,5.8,Rainn Wilson,ACTOR,160
Adhugo,MOVIE,2018,110,drama,IN,6.1,70.0,1.215,7.0,Ravi Babu,ACTOR,8
El club de los buenos infieles,MOVIE,2018,90,comedy,ES,5.5,695.0,7.342,5.1,Fele Martínez,ACTOR,164
Mindhorn,MOVIE,2017,89,comedy,GB,6.3,13208.0,5.896,6.13,Julian Barratt,ACTOR,6
Teefa in Trouble,MOVIE,2018,155,drama,PK,7.0,3914.0,4.325,7.2,Ali Zafar,ACTOR,-1
Because This Is My First Life,SHOW,2017,68,drama,KR,8.1,5676.0,18.114,8.417,Lee Min-ki,ACTOR,90
Point Blank,MOVIE,2017,86,action,US,5.7,14828.0,16.087,6.05,Anthony Mackie,ACTOR,17
On Body and Soul,MOVIE,2017,116,romance,HU,7.5,28461.0,9.426,7.2,Alexandra Borbély,ACTOR,-1
Hi Score Girl,SHOW,2018,27,comedy,JP,8.0,2142.0,25.13,8.3,Sayumi Suzushiro,ACTOR,63
Girlboss,SHOW,2017,27,comedy,US,7.0,18663.0,11.476,6.6,Britt Robertson,ACTOR,16
Warrior,SHOW,2018,42,action,DK,6.7,2130.0,8.804,6.4,Dar Salim,ACTOR,-1
Afflicted,SHOW,2018,42,reality,US,5.2,1148.0,8.341,5.2,Jamison Hill,ACTOR,26
Perú: Tesoro Escondido,MOVIE,2017,80,documentation,PE,6.1,565.0,6.916,7.9,documentary,ACTOR,-1
The Unknown Hitman: The Story of El Cholo Adrián,SHOW,2017,50,action,MX,6.6,155.0,5.669,10.0,Unknown,Unknown,-1
Rodney Carrington: Here Comes the Truth,MOVIE,2017,66,comedy,US,4.6,179.0,2.447,4.6,Rodney Carrington,ACTOR,4
Mob Psycho 100,SHOW,2018,24,comedy,JP,5.1,559.0,12.919,5.5,Tatsuomi Hamada,ACTOR,63
Take My Brother Away,SHOW,2018,46,drama,CN,6.9,186.0,1.476,8.2,Lu Xiaoyu,ACTOR,125
What the Health,MOVIE,2017,97,documentation,US,7.4,28911.0,9.301,7.0,Neal Barnard,ACTOR,66
Naked,MOVIE,2017,96,comedy,US,5.4,20489.0,21.034,5.734,Marlon Wayans,ACTOR,4
Psychokinesis,MOVIE,2018,101,fantasy,KR,5.9,5919.0,14.37,6.1,Ryu Seung-ryong,ACTOR,-1
Fakkah Fuzz: Almost Banned,MOVIE,2018,60,comedy,SG,4.4,60.0,1.624,3.9,Fakkah Fuzz,ACTOR,-1
Sirius the Jaeger,SHOW,2018,25,action,JP,6.8,2081.0,11.916,7.5,Sayaka Ohara,ACTOR,27
Pachamama,MOVIE,2018,72,animation,CA,6.8,941.0,6.513,7.2,Andrea Santamaria,ACTOR,175
100 Days My Prince,SHOW,2018,75,drama,KR,7.8,2587.0,29.905,8.2,Doh Kyung-soo,ACTOR,90
The Piano Forest,SHOW,2018,26,drama,JP,7.2,997.0,19.626,6.087,Soma Saito,ACTOR,57
Mirage,MOVIE,2018,129,drama,ES,7.4,58382.0,16.599,7.459,Adriana Ugarte,ACTOR,46
Llama Llama,SHOW,2018,17,animation,US,6.3,277.0,13.136,7.8,Jennifer Garner,ACTOR,32
Sick Note,SHOW,2017,24,crime,GB,6.8,8084.0,11.963,6.9,Rupert Grint,ACTOR,152
Carrie Pilby,MOVIE,2017,98,drama,US,6.7,12650.0,8.108,6.9,Bel Powley,ACTOR,1
When Heroes Fly,SHOW,2018,48,action,IL,7.2,3452.0,7.896,7.0,Tomer Capone,ACTOR,-1
Familiye,MOVIE,2018,102,drama,DE,6.4,675.0,2.553,5.9,Arnel Taci,ACTOR,47
Erased,SHOW,2017,28,drama,JP,7.8,3985.0,12.417,7.4,Yuki Furukawa,ACTOR,57
Brain on Fire,MOVIE,2017,88,drama,IE,6.6,22549.0,10.0,7.1,Chloë Grace Moretz,ACTOR,-1
Offline: Are You Ready for the Next Level?,MOVIE,2017,88,comedy,DE,5.1,824.0,9.693,5.423,Moritz Jahn,ACTOR,45
Septembers of Shiraz,MOVIE,2018,110,drama,US,7.9,38.0,9.511,5.8,Adrien Brody,ACTOR,1
Wanderlust,SHOW,2018,57,drama,US,7.0,5603.0,7.832,6.462,Toni Collette,ACTOR,39
The Joel McHale Show with Joel McHale,SHOW,2018,28,comedy,US,7.2,2447.0,6.742,6.1,Joel McHale,ACTOR,16
We the Animals,MOVIE,2018,94,drama,US,6.9,4440.0,6.35,6.496,Evan Rosado,ACTOR,1
Birdshot,MOVIE,2018,116,thriller,PH,6.6,1117.0,2.929,6.481,Mary Joy Apostol,ACTOR,-1
Fishtronaut: The Movie,MOVIE,2018,88,animation,BR,7.6,81.0,2.625,8.0,Celso Alves,ACTOR,-1
Ex-Shaman,MOVIE,2018,81,documentation,BR,7.1,281.0,2.044,6.8,Luiz Bolognesi,DIRECTOR,131
Until Midnight,MOVIE,2018,78,drama,AE,6.7,724.0,1.151,6.633193712829227,Ahmad Khamis Ali,ACTOR,38
Girl,MOVIE,2018,105,drama,BE,7.1,15457.0,11.717,7.212,Victor Polster,ACTOR,142
Creeped Out,SHOW,2017,26,scifi,GB,6.6,2082.0,26.699,7.131,Aurora Aksnes,ACTOR,113
Fullmetal Alchemist,MOVIE,2017,135,fantasy,JP,5.2,19493.0,16.61,5.4,Ryosuke Yamada,ACTOR,92
Larva Island,SHOW,2018,8,animation,KR,6.6,455.0,10.177,6.7,Unknown,Unknown,89
Mr. Sunshine,SHOW,2018,76,drama,KR,8.7,8424.0,65.972,8.353,Lee Byung-hun,ACTOR,90
Penalty Kick,MOVIE,2018,89,comedy,CO,3.8,293.0,4.618,5.3,Adrián Uribe,ACTOR,189
Sisters,SHOW,2017,29,drama,AU,7.4,1819.0,3.412,7.8,Angelina Mirimskaya,ACTOR,41
The Degenerates,SHOW,2018,29,comedy,US,6.2,706.0,2.253,4.4,Unknown,Unknown,16
Oh My Ghost,SHOW,2018,68,comedy,TH,6.540941965073206,21150.29081903414,2.087,8.2,Arak Amornsupasiri,ACTOR,-1
The Rise of Phoenixes,SHOW,2018,45,drama,CN,8.4,1608.0,12.771,8.2,Chen Kun,ACTOR,125
Gnome Alone,MOVIE,2017,85,comedy,US,5.6,3735.0,11.866,6.2,Becky G,ACTOR,4
Manhunt,MOVIE,2017,106,action,CN,5.2,3415.0,11.373,5.62,Zhang Hanyu,ACTOR,44
The World Is Yours,MOVIE,2018,94,comedy,FR,6.3,4652.0,7.875,6.8,Karim Leklou,ACTOR,127
Surviving Escobar - Alias JJ,SHOW,2017,45,drama,CO,7.8,1035.0,63.679,7.775,Elkin Díaz,ACTOR,49
Bayonet,MOVIE,2018,101,drama,FI,5.6,586.0,3.956,5.9,Brontis Jodorowsky,ACTOR,-1
Paul Hollywood's Big Continental Road Trip,SHOW,2017,59,documentation,GB,7.5,223.0,2.976,4.667,Paul Hollywood,ACTOR,157
Silence Is Welcome,MOVIE,2017,94,drama,MX,5.0,113.0,2.528,4.6,Eileen Yañez,ACTOR,70
Lu Over the Wall,MOVIE,2017,107,comedy,JP,6.8,2447.0,21.36,7.082,Shota Shimoda,ACTOR,93
Sand Castle,MOVIE,2017,113,action,IQ,6.3,24670.0,19.565,6.496,Logan Marshall-Green,ACTOR,-1
LEGO Friends: Girls on a Mission,SHOW,2018,11,animation,DK,6.6,138.0,14.556,6.8,Jasmine Elcock,ACTOR,-1
Superlopez,MOVIE,2018,108,comedy,ES,5.4,3878.0,13.117,5.4,Dani Rovira,ACTOR,164
Ingobernable,SHOW,2017,39,war,MX,7.0,3224.0,11.891,6.4,Tamara Mazarrasa,ACTOR,-1
Polly Pocket,SHOW,2018,14,animation,IE,6.1,142.0,9.113,6.8,Rhona Rees,ACTOR,-1
Thi Mai,MOVIE,2018,99,comedy,ES,6.0,2687.0,7.005,6.23,Carmen Machi,ACTOR,164
Ainori Love Wagon: Asian Journey,SHOW,2017,30,reality,JP,7.1,296.0,4.805,7.2,Unknown,Unknown,48
ReMastered: Who Killed Jam Master Jay?,MOVIE,2018,58,music,US,6.5,839.0,3.301,6.476,Darryl McDaniels,ACTOR,94
Fanatyk,MOVIE,2017,33,drama,PL,6.540941965073206,21150.29081903414,2.769,6.5,Piotr Cyrwus,ACTOR,184
Alexis de Anda: Mea Culpa,MOVIE,2017,54,comedy,MX,4.9,105.0,1.911,3.8,Alexis de Anda,ACTOR,43
The Battleship Island,MOVIE,2017,132,action,KR,7.1,7661.0,18.764,7.239,Hwang Jung-min,ACTOR,162
Clean with Passion for Now,SHOW,2018,60,drama,KR,7.0,1809.0,16.275,7.7,Kim You-jung,ACTOR,90
Ashes of Love,SHOW,2018,43,drama,CN,8.3,2241.0,16.022,8.16,Yang Zi,ACTOR,125
The Innocents,SHOW,2018,46,scifi,GB,6.2,5995.0,14.819,6.0,Percelle Ascott,ACTOR,113
Malevolent,MOVIE,2018,88,horror,GB,4.8,15109.0,10.484,4.999,Florence Pugh,ACTOR,-1
Black Earth Rising,SHOW,2018,59,crime,GB,7.5,5201.0,7.892,7.1,Michaela Coel,ACTOR,152
Take the 10,MOVIE,2017,80,comedy,US,4.8,3261.0,7.417,5.2,Josh Peck,ACTOR,4
Sunderland 'Til I Die,SHOW,2018,41,documentation,GB,8.1,8627.0,7.405,7.817,John O'Shea,ACTOR,157
Secrets in the Hot Spring,MOVIE,2018,109,horror,TW,6.0,852.0,6.173,6.7,Zhang Ting Hu,ACTOR,190
Mercury 13,MOVIE,2018,79,documentation,IE,6.9,1213.0,5.879,6.593,Jerrie Cobb,ACTOR,-1
Simplemente Manu NNa,MOVIE,2017,71,comedy,MX,5.4,52.0,1.577,3.8,Manu NNa,ACTOR,43
Ponysitters Club,SHOW,2018,23,family,US,6.1,122.0,1.532,8.8,Khiyla Aynne,ACTOR,37
The Velvet Collection,SHOW,2017,57,drama,ES,7.2,1490.0,16.536,6.1,Marta Hazas,ACTOR,133
I Am Not an Easy Man,MOVIE,2018,98,fantasy,FR,6.3,15014.0,14.246,6.3,Vincent Elbaz,ACTOR,-1
Goon: Last of the Enforcers,MOVIE,2017,101,comedy,CA,5.8,14142.0,13.251,5.697,Seann William Scott,ACTOR,74
Step Sisters,MOVIE,2018,104,comedy,US,5.4,4688.0,12.923,6.4,Eden Sher,ACTOR,4
The Open House,MOVIE,2018,94,thriller,US,3.3,35256.0,11.486,3.69,Dylan Minnette,ACTOR,19
Small Crimes,MOVIE,2017,95,drama,CA,5.8,8472.0,11.121,5.3,Nikolaj Coster-Waldau,ACTOR,58
The Bleeding Edge,MOVIE,2018,99,documentation,US,7.6,2869.0,7.918,6.7,Robert Bridges,ACTOR,66
All I Wish,MOVIE,2018,94,romance,US,5.2,1700.0,7.579,5.873,Sharon Stone,ACTOR,2
The Week Of,MOVIE,2018,116,comedy,US,5.2,22901.0,7.195,5.4,Adam Sandler,ACTOR,4
Abby Hatcher,SHOW,2018,16,family,US,5.7,199.0,6.54,4.0,Macy Drouin,ACTOR,37
Buddy Thunderstruck,SHOW,2017,23,animation,US,7.8,518.0,5.228,8.0,Brian Atkinson,ACTOR,32
The Curious Creations of Christine McConnell,SHOW,2018,27,comedy,US,7.7,2501.0,3.721,7.3,Christine McConnell,ACTOR,16
First Team: Juventus,SHOW,2018,36,scifi,IT,7.2,2155.0,2.023,7.5,Massimiliano Allegri,ACTOR,-1
Kavin Jay : Everybody Calm Down!,MOVIE,2018,53,comedy,,6.0,250.0,1.9,4.2,Kavin Jay,ACTOR,139
Becoming Champions,SHOW,2018,51,documentation,US,6.6,470.0,1.587,6.5,Sandro Halphen,DIRECTOR,0
The Fortress,MOVIE,2017,140,drama,KR,6.8,2867.0,11.743,6.681,Lee Byung-hun,ACTOR,117
Jim & Andy: The Great Beyond,MOVIE,2017,94,documentation,US,7.6,26822.0,10.565,7.544,Jim Carrey,ACTOR,66
Father of the Year,MOVIE,2018,94,comedy,US,5.2,11936.0,8.879,5.414,David Spade,ACTOR,4
Selection Day,SHOW,2018,25,drama,IN,7.3,2304.0,9.323,7.6,Hayley Sproull,ACTOR,140
Gaga: Five Foot Two,MOVIE,2017,100,documentation,US,7.0,13251.0,9.163,7.5,Lady Gaga,ACTOR,66
A Little Help with Carol Burnett,SHOW,2018,24,drama,US,6.3,252.0,5.02,5.5,Carol Burnett,ACTOR,39
November 13: Attack on Paris,SHOW,2018,54,documentation,FR,8.3,3391.0,3.869,7.768,François Hollande,ACTOR,76
Devilman Crybaby,SHOW,2018,25,action,JP,7.6,22909.0,35.001,7.877,Koki Uchiyama,ACTOR,27
Born in Syria,MOVIE,2017,86,documentation,DK,7.7,297.0,2.602,7.2,Hernán Zin,DIRECTOR,-1
Ee Nagaraniki Emaindi,MOVIE,2018,120,comedy,IN,7.9,3199.0,2.144,7.1,Vishwak Sen,ACTOR,24
Deranged,MOVIE,2017,99,thriller,,3.6,18.0,2.127,6.633193712829227,Ramsey Nouah,ACTOR,166
Familiar Wife,SHOW,2018,62,scifi,KR,7.6,1227.0,20.864,8.1,Tadayoshi Okura,ACTOR,147
The Guest,SHOW,2018,65,thriller,KR,8.1,1825.0,16.026,8.1,Kim Dong-wook,ACTOR,156
The Resistance Banker,MOVIE,2018,124,drama,NL,6.9,9923.0,13.963,6.7,Barry Atsma,ACTOR,154
"Game Over, Man!",MOVIE,2018,101,comedy,US,5.4,31443.0,13.933,5.478,Adam DeVine,ACTOR,4
Kiss Me First,SHOW,2018,47,scifi,GB,6.2,4048.0,7.512,6.812,Tallulah Haddon,ACTOR,113
Champions,SHOW,2018,21,comedy,US,6.1,4050.0,6.56,5.52,Anders Holm,ACTOR,16
Super Monsters and the Wish Star,MOVIE,2018,27,comedy,US,6.540941965073206,21150.29081903414,3.66,4.9,Vincent Tong,ACTOR,4
Flint Town,SHOW,2018,45,documentation,US,7.8,3854.0,3.043,7.5,Timothy Johnson,ACTOR,0
Man Like Mobeen,SHOW,2017,22,comedy,GB,8.0,3041.0,2.562,6.7,Duaa Karim,ACTOR,5
Godzilla: The Planet Eater,MOVIE,2018,91,action,JP,5.1,4393.0,25.593,6.427,Mamoru Miyano,ACTOR,81
Heaven Without People,MOVIE,2018,91,drama,LB,7.4,1323.0,1.826,7.0,Samira Sarkis,ACTOR,21
Welcome to Waikiki,SHOW,2018,64,drama,KR,8.2,2594.0,24.569,8.5,Lee Yi-kyung,ACTOR,90
My ID is Gangnam Beauty,SHOW,2018,57,comedy,KR,7.3,4777.0,23.824,7.563,Im Soo-hyang,ACTOR,72
Wet Hot American Summer: Ten Years Later,SHOW,2017,27,comedy,US,6.9,9055.0,14.384,6.493,Elizabeth Banks,ACTOR,16
Wheelman,MOVIE,2017,82,thriller,US,6.4,21261.0,13.265,6.118,Frank Grillo,ACTOR,19
Edha,SHOW,2018,40,drama,AR,4.9,662.0,8.46,6.2,Juana Viale,ACTOR,42
Zero,MOVIE,2018,164,comedy,IN,5.2,28739.0,7.836,5.2,Shah Rukh Khan,ACTOR,24
Heroin(e),MOVIE,2017,39,crime,US,6.540941965073206,21150.29081903414,6.843,7.1,Elaine McMillion Sheldon,DIRECTOR,3
Joan Didion: The Center Will Not Hold,MOVIE,2017,92,documentation,US,7.5,2820.0,6.614,7.1,Joan Didion,ACTOR,66
My Travel Buddy 2,MOVIE,2018,111,comedy,TR,5.9,3422.0,4.889,5.917,İbrahim Büyükak,ACTOR,52
Puppy Star Christmas,MOVIE,2018,90,family,US,3.6,272.0,4.452,5.7,Jed Rees,ACTOR,136
Pa Paandi,MOVIE,2017,125,romance,IN,7.4,1881.0,2.606,7.04,Rajkiran,ACTOR,9
7 Days Out,SHOW,2018,50,documentation,US,6.8,591.0,2.464,9.0,Unknown,Unknown,0
Hushaaru,MOVIE,2018,140,comedy,IN,6.8,575.0,1.563,5.1,Dinesh Tej,ACTOR,24
Everything Sucks!,SHOW,2018,24,drama,US,7.5,21077.0,16.783,7.534,Peyton Kennedy,ACTOR,39
Memories of the Alhambra,SHOW,2018,65,action,KR,7.8,6126.0,15.456,7.725,Hyun Bin,ACTOR,158
How to Be Really Bad,MOVIE,2018,100,comedy,DE,6.3,1300.0,9.289,6.7,Emma Bading,ACTOR,45
Coin Heist,MOVIE,2017,97,crime,US,4.8,2858.0,7.729,5.4,Alex Saxon,ACTOR,3
Trump: An American Dream,SHOW,2017,55,documentation,GB,7.2,4181.0,7.38,6.9,Donald Trump,ACTOR,157
Sarkar,MOVIE,2018,164,action,IN,7.0,18453.0,6.34,6.028,Vijay,ACTOR,14
Girls Incarcerated,SHOW,2018,43,reality,GB,7.3,1164.0,6.305,8.0,Unknown,Unknown,55
Can't Help Falling in Love,MOVIE,2017,119,romance,PH,6.9,971.0,5.511,7.375,Kathryn Bernardo,ACTOR,98
Ojukokoro (Greed),MOVIE,2017,110,thriller,NG,6.8,65.0,1.298,5.5,Charles Etubiebi,ACTOR,134
Ricardo Quevedo: Hay gente así,MOVIE,2018,58,comedy,CO,6.4,121.0,1.006,7.3,Unknown,Unknown,189
Cyborg 009: Call of Justice,SHOW,2017,25,action,JP,6.4,186.0,6.718,6.3,Keisuke Komoto,ACTOR,27
John Mulaney: Kid Gorgeous at Radio City,MOVIE,2018,65,comedy,US,7.9,8235.0,5.087,7.9,John Mulaney,ACTOR,4
Bathtubs Over Broadway,MOVIE,2018,87,comedy,US,7.6,1161.0,4.184,8.0,Steve Young,ACTOR,4
Blazing Transfer Students,SHOW,2017,26,action,JP,6.9,127.0,3.509,8.0,Akito Kiriyama,ACTOR,27
You Get Me,MOVIE,2017,89,romance,US,4.7,12740.0,17.101,5.636,Bella Thorne,ACTOR,2
A Miraculous Christmas Special: Tales of Ladybug and Cat Noir,MOVIE,2017,21,drama,KR,6.540941965073206,21150.29081903414,0.605,9.0,Annouck Hautbois,ACTOR,117
Spirit: Riding Free,SHOW,2017,23,animation,US,6.5,1061.0,12.967,8.1,Amber Frank,ACTOR,32
Sandy Wexler,MOVIE,2017,130,comedy,US,5.2,17744.0,12.551,5.5,Adam Sandler,ACTOR,4
Creep 2,MOVIE,2017,80,horror,US,6.4,28306.0,12.181,6.3,Mark Duplass,ACTOR,31
How to Get Over a Breakup,MOVIE,2018,104,comedy,PE,6.1,2061.0,8.693,6.8,Gisela Ponce de León,ACTOR,-1
Ultimate Beastmaster,SHOW,2017,62,action,US,7.3,2359.0,6.787,6.1,Anderson Silva,ACTOR,30
My Travel Buddy,MOVIE,2017,115,comedy,TR,6.1,7027.0,5.565,5.635,İbrahim Büyükak,ACTOR,52
Time: The Kalief Browder Story,SHOW,2017,43,documentation,US,8.5,2769.0,4.028,7.36,Kalief Browder,ACTOR,0
Wild District,SHOW,2018,45,drama,CO,8.1,2018.0,14.72,7.5,Juan Pablo Raba,ACTOR,49
Children of the Whales,SHOW,2017,24,scifi,JP,7.0,1666.0,11.979,7.5,Yuichiro Umehara,ACTOR,28
A Witches' Ball,MOVIE,2018,90,fantasy,CA,5.1,411.0,7.916,6.5,Morgan Neundorf,ACTOR,180
The Land of Steady Habits,MOVIE,2018,98,drama,US,6.2,8207.0,7.821,5.435,Ben Mendelsohn,ACTOR,1
Sun Dogs,MOVIE,2018,93,drama,MX,6.3,2444.0,7.001,6.8,Déni Oumar Pitsaev,ACTOR,70
The Resurrection of Gavin Stone,MOVIE,2017,91,drama,US,6.2,2372.0,5.611,6.2,Brett Dalton,ACTOR,1
Something Huge,MOVIE,2018,86,comedy,ES,4.4,489.0,4.323,3.962,Berto Romero,ACTOR,164
Hotel Transylvania: The Series,SHOW,2017,15,animation,US,5.5,774.0,14.191,6.9,Bryn McAuley,ACTOR,32
The Polka King,MOVIE,2018,95,comedy,US,6.0,11156.0,12.977,5.521,Jack Black,ACTOR,4
Chip and Potato,SHOW,2018,18,fantasy,US,6.5,186.0,11.592,8.7,Unknown,Unknown,191
In Darkness,MOVIE,2018,100,thriller,GB,5.7,13678.0,11.479,6.056,Natalie Dormer,ACTOR,116
True and the Rainbow Kingdom,SHOW,2017,21,comedy,CA,7.2,480.0,8.601,8.4,Anna Claire Bartlam,ACTOR,59
Girlfriend's Day,MOVIE,2017,70,drama,US,5.2,4807.0,7.708,4.9,Bob Odenkirk,ACTOR,1
Revolutionary Love,SHOW,2017,68,comedy,KR,6.9,777.0,7.412,8.4,Siwon,ACTOR,72
Gurgaon,MOVIE,2017,107,thriller,IN,6.4,2341.0,3.008,4.853,Akshay Oberoi,ACTOR,13
Kuroko's Basketball the Movie: Last Game,MOVIE,2017,90,animation,JP,7.7,2858.0,26.414,7.755,Kensho Ono,ACTOR,22
Eternal Love,SHOW,2017,45,drama,CN,8.3,2534.0,22.97,7.611,Yang Mi,ACTOR,125
Just Between Lovers,SHOW,2017,73,drama,KR,8.2,2378.0,11.391,7.779,Lee Jun-ho,ACTOR,90
The Plagues of Breslau,MOVIE,2018,110,thriller,PL,5.9,5272.0,9.909,6.3,Małgorzata Kożuchowska,ACTOR,-1
Inside the Criminal Mind,SHOW,2018,49,crime,US,5.4,1154.0,6.804,6.1,Unknown,Unknown,135
Legend Quest,SHOW,2017,26,animation,MX,7.3,491.0,5.701,7.9,Roly Gutiérrez,ACTOR,-1
Samurai Gourmet,SHOW,2017,21,comedy,JP,8.1,2201.0,5.1,7.811,Honami Suzuki,ACTOR,63
Mr. Roosevelt,MOVIE,2017,90,comedy,US,6.2,3541.0,4.598,6.2,Noël Wells,ACTOR,4
Luna Petunia Return to Amazia,SHOW,2018,24,animation,US,5.1,48.0,2.222,4.0,Unknown,Unknown,32
Crazy Delicious,SHOW,2017,47,reality,GB,9.6,14.0,2.128,7.5,Jayde Adams,ACTOR,55
Yoo Byung Jae: Discomfort Zone,MOVIE,2018,54,comedy,KR,6.540941965073206,21150.29081903414,1.743,6.4,Yoo Byung-jae,ACTOR,95
The Day I Met El Chapo: The Kate del Castillo Story,SHOW,2017,55,documentation,MX,6.8,1135.0,14.129,5.9,Kate del Castillo,ACTOR,192
Back Street Girls -GOKUDOLS-,SHOW,2018,24,comedy,JP,6.6,948.0,13.682,6.308,Daisuke Ono,ACTOR,63
The Invisible Guardian,MOVIE,2017,129,thriller,DE,6.4,16555.0,13.417,6.5,Marta Etura,ACTOR,62
My Shy Boss,SHOW,2017,71,comedy,KR,7.1,1831.0,12.727,7.396,Yeon Woo-jin,ACTOR,72
Clinical,MOVIE,2017,104,thriller,US,5.1,8506.0,8.238,5.3,Vinessa Shaw,ACTOR,19
High & Low The Movie,MOVIE,2017,129,action,JP,6.4,682.0,6.924,6.1,Akira,ACTOR,81
Bending the Arc,MOVIE,2017,102,documentation,US,8.1,368.0,6.21,8.333,Paul Farmer,ACTOR,66
Robozuna,SHOW,2018,23,animation,GB,6.8,103.0,5.925,7.5,Unknown,Unknown,20
Millennials,SHOW,2018,33,drama,AR,6.540941965073206,21150.29081903414,5.423,8.5,Nicolás Riera,ACTOR,42
In the Family,MOVIE,2017,124,comedy,TR,7.7,24559.0,5.207,6.693,Engin Günaydın,ACTOR,52
Spyder,MOVIE,2017,155,thriller,IN,6.3,10754.0,4.975,5.398,Mahesh Babu,ACTOR,13
The Hows of Us,MOVIE,2018,117,drama,PH,6.8,2802.0,2.876,7.0,Kathryn Bernardo,ACTOR,110
God Calling,MOVIE,2018,120,drama,,6.540941965073206,21150.29081903414,2.673,6.7,Zainab Balogun,ACTOR,38
Todo lo que sería Lucas Lauriente,MOVIE,2018,78,comedy,AR,7.0,117.0,1.614,6.4,Lucas Lauriente,ACTOR,23
Bonboné,MOVIE,2018,15,drama,LB,6.540941965073206,21150.29081903414,1.483,1.0,Saleh Bakri,ACTOR,21
Pinky Memsaab,MOVIE,2018,124,drama,PK,6.3,563.0,1.462,9.2,Hajra Yamin,ACTOR,-1
Fate/Apocrypha,SHOW,2017,23,action,JP,6.6,2471.0,22.932,7.658,Maaya Sakamoto,ACTOR,27
LEGO Marvel Super Heroes: Black Panther - Trouble in Wakanda,MOVIE,2018,22,animation,US,5.6,634.0,12.842,6.3,James C. Mathis III,ACTOR,71
Live Up To Your Name,SHOW,2017,69,drama,KR,8.0,1578.0,11.349,6.803,Kim Nam-gil,ACTOR,90
Sara's Notebook,MOVIE,2018,115,thriller,ES,5.9,2818.0,9.936,6.1,Belén Rueda,ACTOR,177
My Sassy Girl,SHOW,2017,47,comedy,KR,6.8,712.0,9.877,6.75,Joo Won,ACTOR,72
Life,SHOW,2018,65,drama,KR,7.6,792.0,9.408,8.1,Lee Dong-wook,ACTOR,90
Casting JonBenet,MOVIE,2017,81,crime,AU,6.1,5535.0,8.77,5.8,Hannah Cagwin,ACTOR,-1
Liberated: The New Sexual Revolution,MOVIE,2018,84,documentation,MX,6.0,1502.0,8.132,6.4,Benjamin Nolot,DIRECTOR,181
One of Us,MOVIE,2017,95,documentation,US,7.0,6801.0,7.207,6.938,Etty,ACTOR,66
Pope Francis: A Man of His Word,MOVIE,2018,96,documentation,DE,6.5,2313.0,6.411,7.3,Pope Francis,ACTOR,10
Parmanu: The Story of Pokhran,MOVIE,2018,129,action,IN,7.6,24601.0,6.395,6.994,John Abraham,ACTOR,14
Angamaly Diaries,MOVIE,2017,132,thriller,IN,7.9,6319.0,6.023,7.3,Antony Varghese,ACTOR,13
AMO,SHOW,2018,24,drama,PH,6.5,416.0,5.53,6.0,Rhea Jai Fernandez,ACTOR,-1
Tiffany Haddish: She Ready! From the Hood to Hollywood!,MOVIE,2017,65,comedy,US,6.6,579.0,3.945,6.9,Tiffany Haddish,ACTOR,4
"Love, Surreal and Odd",MOVIE,2017,95,comedy,TR,5.6,3395.0,3.591,5.174,Aylin Kontente,ACTOR,52
Love You to the Stars and Back,MOVIE,2017,111,drama,PH,7.4,574.0,2.403,8.1,Julia Barretto,ACTOR,110
Fernando Sanjiao: Hombre,MOVIE,2018,63,comedy,AR,6.4,60.0,1.249,5.0,Fernando Sanjiao,ACTOR,23
BLAME!,MOVIE,2017,106,animation,JP,6.6,8430.0,21.093,6.443,Takahiro Sakurai,ACTOR,22
Sparta,SHOW,2018,53,drama,RU,6.7,482.0,15.656,7.7,Valeriya Shkirando,ACTOR,-1
Marlon,SHOW,2017,21,comedy,US,7.0,4411.0,12.806,6.561,Marlon Wayans,ACTOR,16
The Most Assassinated Woman in the World,MOVIE,2018,102,thriller,US,5.3,1135.0,11.328,5.418,Anna Mouglalis,ACTOR,19
Yucatán,MOVIE,2018,129,comedy,ES,5.6,2235.0,7.506,5.7,Luis Tosar,ACTOR,164
The Indian Detective,SHOW,2017,43,drama,CA,6.5,3270.0,6.731,6.426,Russell Peters,ACTOR,56
On Children,SHOW,2018,62,drama,TW,7.4,417.0,6.576,7.2,Su-Yun Ko,ACTOR,69
First and Last,SHOW,2018,41,documentation,US,6.7,464.0,4.485,6.9,Unknown,Unknown,0
Hitler's Circle of Evil,SHOW,2018,52,documentation,GB,8.0,4594.0,4.095,7.2,Alisdair Simpson,ACTOR,157
Njan Prakashan,MOVIE,2018,131,comedy,IN,7.7,4681.0,2.536,6.934,Fahadh Faasil,ACTOR,24
Rise: Ini Kalilah,MOVIE,2018,102,drama,MY,5.0,48.0,2.377,7.5,Remy Ishak,ACTOR,97
True: Magical Friends,SHOW,2018,24,animation,US,6.540941965073206,21150.29081903414,2.335,10.0,Unknown,Unknown,32
Jani Dueñas: Grandes fracasos de ayer y hoy,MOVIE,2018,77,comedy,MX,4.9,72.0,1.99,6.2,Jani Dueñas,ACTOR,43
Alejandro Riaño: Especial de stand up,MOVIE,2018,60,comedy,CO,5.1,74.0,1.625,4.5,Alejandro Riaño,ACTOR,189
Natalia Valdebenito: El especial,MOVIE,2018,76,comedy,CL,5.0,87.0,1.113,6.2,Natalia Valdebenito,ACTOR,-1
The Lost Café,MOVIE,2018,76,drama,NG,7.0,30.0,0.983,5.0,Jenny Bonden,ACTOR,80
Message from the King,MOVIE,2017,102,thriller,GB,6.4,17097.0,14.007,6.213,Chadwick Boseman,ACTOR,116
Super Monsters,SHOW,2017,17,animation,CA,6.4,436.0,13.59,7.8,Alessandro Juliani,ACTOR,65
The Little Vampire 3D,MOVIE,2017,83,comedy,DE,5.4,1822.0,13.589,6.1,Rasmus Hardiker,ACTOR,45
Neo Yokio,SHOW,2017,23,scifi,US,5.9,3471.0,10.899,5.5,Jaden Smith,ACTOR,36
A Twelve-Year Night,MOVIE,2018,122,drama,ES,7.5,10353.0,9.293,7.4,Antonio de la Torre,ACTOR,46
Death by Magic,SHOW,2018,35,reality,US,6.1,688.0,7.533,6.5,Drummond Money-Coutts,ACTOR,26
Ana e Vitória,MOVIE,2018,115,comedy,BR,6.4,640.0,6.758,7.212,Ana Caetano,ACTOR,187
FIGHTWORLD,SHOW,2018,42,documentation,US,7.5,879.0,6.067,6.2,Frank Grillo,ACTOR,0
The Insomnia Club,MOVIE,2018,84,comedy,MX,6.2,512.0,5.064,6.325,Cassandra Ciangherotti,ACTOR,43
The Maus,MOVIE,2018,90,drama,ES,4.5,4972.0,4.34,5.188,Alma Terzić,ACTOR,46
Paradox,MOVIE,2018,74,western,US,4.0,741.0,3.992,3.6,Neil Young,ACTOR,67
Merku Thodarchi Malai,MOVIE,2018,122,drama,IN,8.6,1870.0,2.853,7.4,Antony,ACTOR,8
A Second Chance,MOVIE,2018,130,drama,PH,8.6,48.0,2.756,7.1,Dakota Bruton,ACTOR,110
Follow This,SHOW,2018,18,documentation,US,5.0,727.0,1.938,6.0,Unknown,Unknown,0
Once Again,MOVIE,2018,101,drama,IN,7.0,980.0,1.897,6.1,Neeraj Kabi,ACTOR,8
Echcharikkai,MOVIE,2018,134,thriller,IN,6.3,326.0,1.754,4.9,Sathyaraj,ACTOR,13
Pandigai,MOVIE,2017,150,thriller,IN,6.4,291.0,1.371,6.5,Krishna Kulasekaran,ACTOR,13
"El Especial de Alex Fernández, el Especial",MOVIE,2017,52,comedy,MX,6.8,82.0,1.083,5.5,Alex Fernández,ACTOR,43
Sebastián Marcelo Wainraich,MOVIE,2018,49,comedy,AR,6.4,112.0,1.08,5.0,Sebastián Wainraich,ACTOR,23
Vai Anitta,SHOW,2018,30,documentation,BR,5.5,473.0,0.969,6.8,Anitta,ACTOR,193
Little Witch Academia,SHOW,2017,25,scifi,JP,7.8,3555.0,30.589,8.1,Megumi Han,ACTOR,28
Bigger Than Africa,MOVIE,2018,87,documentation,NG,7.5,51.0,0.6,6.633193712829227,Toyin Ibrahim Adekeye,DIRECTOR,-1
Paskal,MOVIE,2018,114,drama,MY,6.8,2964.0,14.452,7.667,Hairul Azreen,ACTOR,97
ReBoot: The Guardian Code,SHOW,2018,23,scifi,CA,3.7,1233.0,9.495,7.231,Ty Wood,ACTOR,-1
Lowriders,MOVIE,2017,100,crime,US,5.7,2612.0,8.133,6.7,Demián Bichir,ACTOR,3
The Tree of Blood,MOVIE,2018,130,drama,ES,6.4,3163.0,6.635,6.5,Álvaro Cervantes,ACTOR,46
Final Fantasy XIV: Dad of Light,SHOW,2017,30,drama,JP,7.2,629.0,5.38,7.4,Yudai Chiba,ACTOR,57
Shot in the Dark,SHOW,2017,37,reality,US,7.9,1892.0,4.565,7.6,Howard Raishbrook,ACTOR,26
DTC –Yukemuri Junjo Hen– from HiGH&LOW,MOVIE,2018,102,comedy,JP,7.0,83.0,4.318,1.0,Kenjiro Yamashita,ACTOR,93
Out of Thin Air,MOVIE,2017,85,crime,IS,6.3,2413.0,3.865,6.0,Erla Bolladóttir,ACTOR,-1
A Sort of Family,MOVIE,2017,95,thriller,PL,6.3,736.0,3.41,6.231,Bárbara Lennie,ACTOR,-1
Chief Daddy,MOVIE,2018,98,comedy,NG,4.7,294.0,2.23,5.2,Aiyeola Bisola,ACTOR,121
Mau Nieto: viviendo sobrio… desde el bar,MOVIE,2018,57,comedy,MX,6.8,84.0,1.233,5.6,Mau Nieto,ACTOR,43
Barbie: Dolphin Magic,MOVIE,2017,63,animation,CA,6.540941965073206,21150.29081903414,10.406,6.733,Erica Lindbeck,ACTOR,175
The Mansion,MOVIE,2017,100,comedy,FR,4.6,2823.0,10.123,4.833,Nathalie Odzierejko,ACTOR,127
Sunday's Illness,MOVIE,2018,113,drama,ES,6.9,3753.0,8.508,6.7,Bárbara Lennie,ACTOR,46
Million Pound Menu,SHOW,2018,60,reality,GB,6.6,611.0,8.179,6.2,Unknown,Unknown,55
The Tribe,MOVIE,2018,90,comedy,ES,5.8,2877.0,8.074,6.3,Paco León,ACTOR,164
Battle,MOVIE,2018,95,drama,NL,5.9,4427.0,7.053,6.383,Lisa Teige,ACTOR,154
Unbridled,MOVIE,2018,96,thriller,IT,5.0,540.0,6.425,5.2,Natalia de Molina,ACTOR,-1
The Rachel Divide,MOVIE,2018,104,documentation,US,6.3,2660.0,4.951,6.2,Rachel Dolezal,ACTOR,66
Rajma Chawal,MOVIE,2018,129,comedy,IN,5.7,1912.0,3.069,6.406,Rishi Kapoor,ACTOR,24
Super Monsters Save Halloween,MOVIE,2018,24,animation,US,5.4,27.0,3.019,6.4,Elyse Maloway,ACTOR,71
The Break with Michelle Wolf,SHOW,2018,26,comedy,US,5.5,1894.0,2.447,4.8,Michelle Wolf,ACTOR,16
Michael,MOVIE,2017,97,drama,IN,5.2,178.0,2.258,5.5,Mahie Gill,ACTOR,8
Sudani from Nigeria,MOVIE,2018,123,drama,IN,8.2,4159.0,2.18,7.1,Soubin Shahir,ACTOR,8
For the Broken Hearted,MOVIE,2018,92,drama,PH,6.8,107.0,1.744,2.0,Shy Carlos,ACTOR,110
Arango y Sanint: Ríase el show,MOVIE,2018,62,comedy,CO,4.1,42.0,1.002,3.5,Unknown,Unknown,189
LEGO Marvel Super Heroes: Guardians of the Galaxy - The Thanos Threat,MOVIE,2017,22,animation,US,5.8,496.0,13.694,6.9,Trevor Devall,ACTOR,71
Harvey Street Kids,SHOW,2018,24,comedy,US,6.9,275.0,11.061,8.714,Stephanie Lemelin,ACTOR,16
The Climb,MOVIE,2017,103,comedy,FR,6.9,7869.0,10.488,6.737,Ahmed Sylla,ACTOR,127
Lego Jurassic World: The Secret Exhibit,SHOW,2018,22,action,US,6.2,282.0,9.885,7.2,Ian Hanlin,ACTOR,30
Budapest,MOVIE,2018,102,comedy,FR,5.4,3241.0,8.066,5.554,Manu Payet,ACTOR,127
Ittefaq,MOVIE,2017,105,thriller,IN,7.2,13068.0,7.451,7.1,Akshaye Khanna,ACTOR,13
The Warning,MOVIE,2018,92,drama,ES,5.9,6566.0,6.536,6.0,Raúl Arévalo,ACTOR,46
Todd Glass: Act Happy,MOVIE,2018,62,comedy,US,5.1,383.0,4.101,5.429,Todd Glass,ACTOR,4
Julie's Greenroom,SHOW,2017,28,comedy,US,8.3,336.0,2.812,7.6,Julie Andrews,ACTOR,16
Genius,MOVIE,2018,98,drama,IN,6.540941965073206,21150.29081903414,2.014,6.5,Roshan,ACTOR,8
Facing Mecca,MOVIE,2017,25,drama,CH,6.540941965073206,21150.29081903414,1.987,5.6,Jay Abdo,ACTOR,-1
Exes Baggage,MOVIE,2018,104,drama,PH,6.5,282.0,1.634,8.2,Angelica Panganiban,ACTOR,110
Party Monster: Scratching the Surface,MOVIE,2018,33,comedy,US,6.540941965073206,21150.29081903414,1.35,6.9,Jon Hamm,ACTOR,4
Toc Toc,MOVIE,2017,90,comedy,ES,6.8,20255.0,17.922,7.1,Alexandra Jiménez,ACTOR,164
The Beauty Inside,SHOW,2018,68,drama,KR,7.6,2356.0,14.029,8.209,Seo Hyun-jin,ACTOR,90
Steel Rain,MOVIE,2017,139,thriller,KR,7.1,6000.0,12.011,7.13,Jung Woo-sung,ACTOR,99
Skins,MOVIE,2017,78,drama,ES,6.1,6438.0,11.115,6.6,Ana Polvorosa,ACTOR,46
My Masterpiece,MOVIE,2018,105,comedy,ES,7.1,6557.0,7.786,7.3,Guillermo Francella,ACTOR,164
Part-Time Idol,SHOW,2017,40,drama,KR,6.7,130.0,4.44,8.4,Kim Min-kyo,ACTOR,90
Chris D'Elia: Man on Fire,MOVIE,2017,65,comedy,US,6.5,1754.0,4.034,6.2,Chris D'Elia,ACTOR,4
Qarib Qarib Singlle,MOVIE,2017,125,comedy,IN,7.1,8729.0,3.649,7.047,Irrfan Khan,ACTOR,24
My Ex & Whys,MOVIE,2017,120,romance,PH,6.0,602.0,3.502,6.313,Liza Soberano,ACTOR,98
Alaska Is a Drag,MOVIE,2017,83,drama,US,6.6,459.0,3.44,6.6,Martin L. Washington Jr.,ACTOR,1
Seven Sundays,MOVIE,2017,128,drama,PH,7.6,527.0,2.382,8.7,Aga Muhlach,ACTOR,110
The Birth Reborn 2,MOVIE,2018,91,documentation,BR,6.8,6.0,1.715,5.8,Anne Rammi,ACTOR,131
Blessed Benefit,MOVIE,2017,83,drama,NL,6.6,719.0,1.592,5.9,Ahmad Thaher,ACTOR,154
Meteor Garden,SHOW,2018,45,family,CN,7.9,4471.0,37.086,8.559,Shen Yue,ACTOR,-1
My Only Love Song,SHOW,2017,29,drama,KR,7.0,730.0,13.422,8.2,Gong Seung-yeon,ACTOR,90
Animas,MOVIE,2018,87,thriller,BE,6.540941965073206,21150.29081903414,7.52,5.0,Clare Durant,ACTOR,-1
ID-0,SHOW,2017,24,scifi,JP,6.1,336.0,4.654,6.0,Kayama Koya,ACTOR,28
B. A. Pass 2,MOVIE,2017,136,drama,IN,2.2,501.0,3.355,7.0,Kritika Sachdeva,ACTOR,8
Fidaa,MOVIE,2017,145,drama,IN,7.4,5030.0,3.017,6.864,Varun Tej,ACTOR,8
Neevevaro,MOVIE,2018,130,thriller,IN,6.9,809.0,2.786,6.5,Aadhi Pinisetty,ACTOR,13
Vanjagar Ulagam,MOVIE,2018,161,thriller,IN,6.1,266.0,2.669,4.8,Guru Somasundaram,ACTOR,13
Life Plan A and B,SHOW,2017,80,drama,TW,7.8,123.0,2.387,6.0,Rainie Yang,ACTOR,69
Sometimes,MOVIE,2018,101,drama,IN,5.9,34.0,2.098,7.5,Prakash Raj,ACTOR,8
Crossroads: One Two Jaga,MOVIE,2018,80,drama,MY,6.5,668.0,1.918,5.15,Zahiril Adzim,ACTOR,97
A Drowning Man,MOVIE,2017,16,drama,GB,6.540941965073206,21150.29081903414,0.967,4.0,Atef Alshafei,ACTOR,34
Pretty Man,SHOW,2018,35,family,CN,6.540941965073206,21150.29081903414,67.326,8.5,Dylan Xiong,ACTOR,-1
Beyond Stranger Things,SHOW,2017,21,documentation,US,7.4,1883.0,18.118,7.483,Jim Rash,ACTOR,0
Wolf,SHOW,2018,80,action,TR,8.1,7833.0,17.366,7.044,Ahu Türkpençe,ACTOR,-1
The Bride of Habaek,SHOW,2017,67,scifi,KR,6.9,3217.0,17.317,6.982,Nam Joo-hyuk,ACTOR,147
Numberblocks,SHOW,2017,5,animation,GB,8.6,264.0,16.303,9.75,Unknown,Unknown,20
Franco Escamilla: por la anécdota,MOVIE,2018,66,comedy,MX,6.9,357.0,13.28,9.0,Franco Escamilla,ACTOR,43
Switched,SHOW,2018,39,scifi,JP,7.1,1547.0,12.593,7.6,Miu Tomita,ACTOR,28
Pucca: Love Recipe,SHOW,2018,24,animation,,6.540941965073206,21150.29081903414,11.376,10.0,Jeonghwa Wang,ACTOR,-1
44 Cats,SHOW,2018,12,animation,IT,6.2,298.0,9.121,7.1,Keira Johnson,ACTOR,-1
HiGH&LOW The Movie 3: Final Mission,MOVIE,2017,118,drama,JP,7.1,710.0,8.428,6.4,Takanori Iwata,ACTOR,35
The Sound of Your Heart: Reboot,SHOW,2018,34,comedy,KR,5.9,154.0,7.911,6.4,Sung Hoon,ACTOR,72
Dinotrux: Supercharged,SHOW,2017,23,animation,US,7.5,102.0,7.828,9.4,Matt Hill,ACTOR,32
72 Dangerous Animals: Latin America,SHOW,2017,43,documentation,AU,6.6,624.0,7.58,6.6,Bob Brisbane,ACTOR,161
Undercover Law,SHOW,2018,58,drama,CO,7.1,230.0,7.472,9.3,Juana del Río,ACTOR,49
Ultraviolet,SHOW,2017,46,drama,PL,6.9,1681.0,7.417,7.071,Marta Nieradkiewicz,ACTOR,194
Mission Kathmandu: The Adventures of Nelly & Simon,MOVIE,2018,80,animation,CA,5.1,491.0,7.127,5.6,Sylvie Moreau,ACTOR,175
VeggieTales in the City,SHOW,2017,22,comedy,US,4.6,128.0,6.403,7.3,Mike Nawrocki,ACTOR,16
The Perfect Match,SHOW,2017,44,drama,TW,6.540941965073206,21150.29081903414,6.201,6.5,Ivy Shao,ACTOR,69
Love and Fortune,SHOW,2018,24,drama,JP,7.3,615.0,5.932,6.5,Eri Tokunaga,ACTOR,57
LEGO Elves: Secrets of Elvendale,SHOW,2017,24,scifi,US,6.6,189.0,5.686,7.6,Riley Murdock,ACTOR,36
Turkish Dance School,MOVIE,2017,106,drama,TR,5.6,2409.0,5.623,5.5,Binnur Kaya,ACTOR,126
Smoking,SHOW,2018,24,crime,JP,7.4,510.0,5.549,8.0,Ryo Ishibashi,ACTOR,-1
Slam,MOVIE,2017,100,comedy,IT,6.1,1365.0,5.499,5.8,Ludovico Tersigni,ACTOR,182
Love.com,MOVIE,2017,91,romance,BR,5.8,779.0,5.296,6.7,Isis Valverde,ACTOR,-1
Memories of Love,SHOW,2018,44,drama,CN,5.2,23.0,4.792,2.571,Wallace Chung,ACTOR,125
Kantaro: The Sweet Tooth Salaryman,SHOW,2017,30,comedy,JP,7.5,851.0,4.659,6.9,Matsuya Onoe,ACTOR,63
Mystery Science Theater 3000,SHOW,2017,86,scifi,US,8.2,3848.0,4.534,7.913,Jonah Ray,ACTOR,36
HiGH&LOW The Movie 2: End of Sky,MOVIE,2017,124,action,JP,7.1,396.0,4.411,7.7,Takanori Iwata,ACTOR,81
El Potro: lo mejor del amor,MOVIE,2018,122,drama,AR,5.2,723.0,4.399,4.8,Rodrigo Romero,ACTOR,83
Ascharya Fuck It,MOVIE,2018,90,drama,IN,5.1,946.0,4.332,5.2,Priyanka Bose,ACTOR,8
A StoryBots Christmas,MOVIE,2017,25,fantasy,US,5.8,170.0,4.28,5.7,Ed Asner,ACTOR,18
Finally Found Someone,MOVIE,2017,118,comedy,PH,5.9,252.0,4.212,6.203,Sarah Geronimo,ACTOR,107
Dancing Queen,SHOW,2018,41,reality,US,7.1,1655.0,4.119,6.5,"D.J. ""Shangela"" Pierce",ACTOR,26
Te Ata,MOVIE,2017,105,drama,US,7.4,736.0,4.018,7.3,Q'orianka Kilcher,ACTOR,1
Power Rangers Ninja Steel,SHOW,2017,24,action,US,5.9,995.0,3.907,7.3,Christi Ane,ACTOR,30
Kibaoh Klashers,SHOW,2017,24,scifi,CN,6.5,18.0,3.906,8.0,Ben Diskin,ACTOR,-1
Dilan 1990,MOVIE,2018,109,drama,ID,7.0,3461.0,3.906,7.5,Iqbaal Dhiafakhri Ramadhan,ACTOR,120
Rainbow Rangers,SHOW,2018,21,animation,US,4.1,214.0,3.809,10.0,Unknown,Unknown,32
Baby Ballroom,SHOW,2017,45,documentation,,7.7,221.0,3.795,8.0,Warren Bullock,ACTOR,195
Hedefim Sensin,MOVIE,2018,105,comedy,TR,6.2,4746.0,3.643,5.483,Ata Demirer,ACTOR,52
Puriyaatha Puthir,MOVIE,2017,140,crime,IN,6.6,1081.0,3.571,7.125,Vijay Sethupathi,ACTOR,12
Unrequited Love,SHOW,2017,33,drama,JP,6.7,11.0,3.522,6.0,Miki Nakatani,ACTOR,57
Elf Pets: A Fox Cub's Christmas Tale,MOVIE,2018,28,comedy,,5.0,111.0,3.431,6.0,Leslie Bellair,ACTOR,139
Age of Tanks,SHOW,2017,54,documentation,FR,7.3,979.0,3.399,6.667,Rachel Williams,ACTOR,76
Qismat,MOVIE,2018,140,drama,IN,8.1,3309.0,3.371,7.2,Ammy Virk,ACTOR,8
Camarón Revolution,SHOW,2018,52,documentation,ES,6.540941965073206,21150.29081903414,3.192,7.0,Juan Diego,ACTOR,196
Daniel Sloss: Live Shows,SHOW,2018,60,comedy,US,8.5,3758.0,3.172,8.3,Daniel Sloss,ACTOR,16
Beat Bugs: All Together Now,MOVIE,2017,50,animation,US,6.540941965073206,21150.29081903414,3.032,5.227,Ashleigh Ball,ACTOR,71
Falling in Love Like a Romantic Drama,SHOW,2018,40,reality,JP,7.1,14.0,2.856,10.0,Naomi Watanabe,ACTOR,48
Isoken,MOVIE,2017,100,romance,NG,6.5,345.0,2.852,4.4,Dakore Egbuson-Akande,ACTOR,138
Unexpectedly Yours,MOVIE,2017,120,comedy,PH,6.7,191.0,2.796,7.5,Sharon Cuneta,ACTOR,107
A House of Blocks,SHOW,2017,85,drama,TW,2.4,138.0,2.736,8.3,Phoebe Lin,ACTOR,69
Merry Men: The Real Yoruba Demons,MOVIE,2018,106,action,NG,5.1,145.0,2.667,5.0,Damilola Adegbite,ACTOR,-1
Aapla Manus,MOVIE,2018,132,thriller,IN,7.0,1021.0,2.653,5.6,Nana Patekar,ACTOR,13
Mawlana,MOVIE,2017,130,thriller,EG,6.9,918.0,2.641,6.5,Amr Saad,ACTOR,108
Robot Trains,SHOW,2017,13,action,KR,6.6,103.0,2.628,2.0,Unknown,Unknown,158
Standup and Away! with Brian Regan,SHOW,2018,25,comedy,US,5.7,414.0,2.599,7.7,Brian Regan,ACTOR,16
What She Put on the Table,SHOW,2017,85,drama,TW,7.0,34.0,2.55,1.0,Sun Ke-Fang,ACTOR,69
Santo cachón,MOVIE,2018,87,comedy,CO,4.6,59.0,2.528,6.0,Alejandro Gutierrez,ACTOR,189
Smaller and Smaller Circles,MOVIE,2017,111,crime,PH,6.7,534.0,2.519,6.0,Nonie Buencamino,ACTOR,-1
Samouni Road,MOVIE,2018,129,animation,IT,6.6,201.0,2.444,7.2,Stefano Savona,DIRECTOR,-1
Carlos Ballarta: furia ñera,MOVIE,2018,62,comedy,MX,7.2,225.0,2.442,7.0,Carlos Ballarta,ACTOR,43
"Alias JJ, The Celebrity of Evil",MOVIE,2017,54,drama,,6.540941965073206,21150.29081903414,2.416,8.1,Unknown,Unknown,38
Pahuna: The Little Visitors,MOVIE,2018,138,drama,IN,7.4,440.0,2.407,8.1,Ishika Gurung,ACTOR,8
The Last Bastion,SHOW,2018,46,war,PE,7.2,61.0,2.355,7.6,Giovanni Arce,ACTOR,-1
Elf Pets: Santa's St. Bernards Save Christmas,MOVIE,2018,26,animation,US,5.4,108.0,2.351,3.5,Brad Hyland,ACTOR,71
Loo Loo Kids Johny & Friends Musical Adventure,SHOW,2018,3,drama,US,6.540941965073206,21150.29081903414,2.343,10.0,Unknown,Unknown,39
Al-Khawaga's Dilemma,MOVIE,2018,110,drama,EG,6.540941965073206,21150.29081903414,2.334,5.5,Hassan El Raddad,ACTOR,7
Taramani,MOVIE,2017,150,drama,IN,7.4,1712.0,2.326,6.568,Andrea Jeremiah,ACTOR,8
Blood Pact,SHOW,2018,60,drama,BR,6.8,150.0,2.325,7.0,Jonathan Haagensen,ACTOR,151
Si Doel the Movie,MOVIE,2018,85,drama,ID,6.9,423.0,2.28,7.5,Rano Karno,ACTOR,120
Posesif,MOVIE,2017,102,drama,ID,7.4,920.0,2.225,7.346,Putri Marino,ACTOR,120
Luciano Mellera: Infantiloide,MOVIE,2018,66,comedy,AR,7.5,1528.0,2.207,7.3,John Soto,ACTOR,23
Three Words to Forever,MOVIE,2018,106,drama,PH,6.9,120.0,2.17,9.5,Sharon Cuneta,ACTOR,110
The Suit,MOVIE,2018,96,comedy,EG,5.3,1860.0,2.156,6.395,Tamer Hosny,ACTOR,105
Being Napoleon,MOVIE,2018,88,documentation,US,5.4,140.0,2.151,6.0,Jesse Handsher,DIRECTOR,66
Borges,SHOW,2018,24,comedy,BR,6.2,181.0,2.139,7.8,Thati Lopes,ACTOR,171
Manu,MOVIE,2018,182,thriller,IN,7.7,1105.0,2.113,7.0,Raja Goutham,ACTOR,13
Dave Chappelle: Equanimity & The Bird Revelation,SHOW,2017,57,comedy,US,6.540941965073206,21150.29081903414,2.086,8.5,Unknown,Unknown,16
Aruna & Her Palate,MOVIE,2018,106,drama,ID,7.1,813.0,2.08,6.6,Dian Sastrowardoyo,ACTOR,120
The Could've-Gone-All-the-Way Committee,SHOW,2018,23,comedy,JP,6.8,110.0,2.079,6.5,Jiro Sato,ACTOR,63
Into the Wind,MOVIE,2018,76,drama,CZ,4.0,55.0,2.064,4.5,Vladimír Polívka,ACTOR,-1
Lagos Real Fake Life,MOVIE,2018,90,comedy,,6.540941965073206,21150.29081903414,2.054,4.5,Annie Idibia,ACTOR,139
My Birthday Song,MOVIE,2018,95,thriller,IN,5.6,282.0,2.048,5.5,Sanjay Suri,ACTOR,13
Adel Karam: Live from Beirut,MOVIE,2018,59,comedy,LB,5.3,155.0,2.047,7.0,Adel Karam,ACTOR,50
Fantastica,MOVIE,2018,114,fantasy,PH,3.6,233.0,2.045,6.1,Vice Ganda,ACTOR,-1
Ani... Dr. Kashinath Ghanekar,MOVIE,2018,159,drama,IN,8.4,1177.0,2.039,6.633193712829227,Subodh Bhave,ACTOR,8
Motu Patlu in the City of Gold,MOVIE,2018,77,drama,,6.540941965073206,21150.29081903414,2.009,6.633193712829227,Suhas Kadav,DIRECTOR,38
Babamın Ceketi,MOVIE,2018,100,family,TR,4.9,895.0,2.008,5.1,Müfit Can Saçıntı,ACTOR,-1
No Bed of Roses,MOVIE,2017,102,drama,BD,6.1,1984.0,2.006,5.7,Irrfan Khan,ACTOR,-1
Pacíficum,MOVIE,2017,74,documentation,PE,6.5,142.0,1.975,4.8,Milene Vásquez,ACTOR,-1
RIDE ON TIME,SHOW,2018,22,documentation,JP,6.540941965073206,21150.29081903414,1.975,10.0,Shunsuke Kazama,ACTOR,-1
The Gift,MOVIE,2017,85,drama,TZ,7.8,30.0,1.967,8.0,Ibrahim Osward,ACTOR,-1
Motu Patlu Kung Fu Kings 4 The Challenge of Kung Fu Brothers,MOVIE,2018,86,drama,,6.540941965073206,21150.29081903414,1.96,10.0,Suhas Kadav,DIRECTOR,38
Night of Knots,MOVIE,2018,100,comedy,TR,5.4,1351.0,1.955,3.8,Şahin Irmak,ACTOR,52
Seeking a Man,MOVIE,2017,100,drama,EG,6.3,699.0,1.924,6.9,Mohamed Mamdouh,ACTOR,7
Jindua,MOVIE,2017,140,family,IN,6.3,317.0,1.867,9.3,Jimmy Shergill,ACTOR,25
Dear Son,MOVIE,2018,100,drama,BE,6.5,435.0,1.857,6.4,Mohamed Dhrif,ACTOR,142
Next Enti?,MOVIE,2018,157,comedy,IN,4.4,229.0,1.855,3.8,Tamannaah Bhatia,ACTOR,24
#FriendButMarried,MOVIE,2018,102,comedy,ID,6.8,743.0,1.802,6.8,Adipati Dolken,ACTOR,163
Match,MOVIE,2017,7,drama,,3.8,8.0,1.765,6.633193712829227,Diana Chao,DIRECTOR,38
Sofía Niño de Rivera: Natural Selection,MOVIE,2018,61,comedy,MX,6.8,261.0,1.76,5.5,Sofía Niño de Rivera,ACTOR,43
Dance & Sing With True,SHOW,2018,2,family,CA,7.0,7.0,1.751,10.0,"Michela Luci, Jamie Watson, Anna Claire Bartlam, Dante Zee, Eric Peterson",ACTOR,-1
Afronta!,SHOW,2017,0,documentation,BR,7.7,10.0,1.741,6.633193712829227,Juliana Vicente,DIRECTOR,193
Na stojáka v kině,MOVIE,2018,90,comedy,CZ,5.0,10.0,1.728,6.633193712829227,Iva Pazderková,ACTOR,-1
Dérè: An African Tale,SHOW,2017,57,drama,NG,6.540941965073206,21150.29081903414,1.716,6.633193712829227,Caroline King,ACTOR,-1
Age of Rebellion,SHOW,2018,72,drama,TW,8.6,56.0,1.698,6.0,Peter Ho,ACTOR,69
A Man for The Weekend,MOVIE,2017,94,romance,CM,4.6,17.0,1.674,2.0,Syndy Emade,ACTOR,-1
Empire Games,SHOW,2018,49,documentation,,5.8,329.0,1.639,7.0,Robert Kirk,DIRECTOR,195
Mahi NRI,MOVIE,2017,132,comedy,IN,6.1,88.0,1.606,2.0,Harrdy Sandhu,ACTOR,24
Lara and the Beat,MOVIE,2018,137,romance,NG,5.7,151.0,1.569,2.0,Seyi Shay,ACTOR,138
The Vendor,MOVIE,2018,102,comedy,,6.540941965073206,21150.29081903414,1.513,2.0,Odunlade Adekola,ACTOR,139
The Hollywood Masters,SHOW,2017,34,documentation,US,7.3,90.0,1.486,6.633193712829227,Unknown,Unknown,0
Motu Patlu in Dragon World,MOVIE,2017,78,comedy,IN,6.540941965073206,21150.29081903414,1.468,6.633193712829227,Suhas Kadav,DIRECTOR,24
Thug Life,MOVIE,2017,134,comedy,IN,6.1,55.0,1.438,6.633193712829227,Harish Verma,ACTOR,24
We Speak Dance,SHOW,2018,22,documentation,US,7.4,154.0,1.424,8.3,Vandana Hart,ACTOR,0
"Edmilson Filho: Notas, Comedy about Relationships",MOVIE,2018,79,comedy,BR,5.0,22.0,1.408,5.5,Edmilson Filho,ACTOR,187
Komola Rocket,MOVIE,2018,95,drama,BD,7.4,1100.0,1.405,6.0,Mosharraf Karim,ACTOR,-1
True: Wonderful Wishes,SHOW,2018,24,animation,US,6.540941965073206,21150.29081903414,1.4,6.633193712829227,Unknown,Unknown,32
Wrong Kind of Black,SHOW,2018,16,comedy,AU,7.8,168.0,1.4,7.5,Nilbi Yasserie,ACTOR,82
Highland: Thailand's Marijuana Awakening,SHOW,2017,20,documentation,US,6.2,25.0,1.4,8.0,Sebastian Perry,ACTOR,0
Boca Juniors Confidential,SHOW,2018,42,documentation,AR,6.4,373.0,1.391,7.6,Unknown,Unknown,-1
Ayotzinapa: The Turtle's Pace,MOVIE,2018,80,documentation,MX,7.4,219.0,1.366,5.8,Unknown,Unknown,181
Dhh,MOVIE,2018,128,drama,IN,7.8,410.0,1.364,9.0,Naseeruddin Shah,ACTOR,8
Alakada Reloaded,MOVIE,2017,103,drama,NG,6.540941965073206,21150.29081903414,1.311,2.0,Toyin Abraham,ACTOR,80
The Crossing,MOVIE,2017,11,drama,PS,7.5,21150.29081903414,1.261,4.0,Motaz Malhees,ACTOR,86
Hadithi za Kumekucha: Fatuma,MOVIE,2018,85,drama,TZ,7.4,18.0,1.229,2.0,Ayoub Bombwe,ACTOR,-1
Table Manners,MOVIE,2018,105,comedy,CA,5.1,46.0,1.22,6.633193712829227,Diaan Lawrenson,ACTOR,74
Agustín Aristarán: Soy Rada,MOVIE,2018,60,comedy,AR,6.4,131.0,1.207,4.8,Agustín Aristarán,ACTOR,23
Relatable,SHOW,2018,29,comedy,US,7.4,7.0,1.183,6.633193712829227,Unknown,Unknown,16
Little Singham,SHOW,2018,12,animation,IN,2.9,114.0,1.173,3.0,Samriddhi Shukla,ACTOR,-1
Food on the Go,MOVIE,2018,66,documentation,IT,6.2,235.0,1.151,5.2,Mercedes Cordova,ACTOR,-1
Motu Patlu: Mission Moon,MOVIE,2018,71,comedy,IN,6.540941965073206,21150.29081903414,1.09,6.633193712829227,Suhas Kadav,DIRECTOR,24
The Ghost and the Tout,MOVIE,2018,99,comedy,NG,4.5,33.0,1.058,2.0,Toyin Abraham,ACTOR,121
What Did I Mess,MOVIE,2018,100,comedy,LB,7.1,731.0,1.034,6.0,Rola Baksmati,ACTOR,50
Black Rose,MOVIE,2018,120,drama,NG,6.540941965073206,21150.29081903414,1.028,10.0,Jide Kene Achufusi,ACTOR,80
Coco y Raulito: Carrusel de ternura,MOVIE,2018,56,comedy,MX,6.5,43.0,1.009,4.5,Raul Meneses,ACTOR,43
Alan Saldaña: mi vida de pobre,MOVIE,2017,53,comedy,MX,6.3,73.0,1.004,5.0,Unknown,Unknown,43
Asinamali,MOVIE,2018,114,drama,ZA,6.5,9.0,0.983,6.633193712829227,Unknown,Unknown,132
Aya,MOVIE,2017,24,drama,FR,6.540941965073206,21150.29081903414,0.981,6.633193712829227,May Berhouma,ACTOR,96
Listen,MOVIE,2017,109,drama,LB,6.6,245.0,0.969,6.5,Hadi Bou Ayash,ACTOR,21
Learning Songs by Little Baby Bum: Nursery Rhyme Friends,SHOW,2017,30,music,,5.0,11.0,0.94,6.633193712829227,Unknown,Unknown,-1
Shiva VS Autobots,MOVIE,2018,79,drama,,6.540941965073206,21150.29081903414,0.926,6.633193712829227,Suhas Kadav,DIRECTOR,38
Shiva: The Secret World Of Vedas City,MOVIE,2017,78,drama,,6.540941965073206,21150.29081903414,0.905,6.633193712829227,Suhas Kadav,DIRECTOR,38
Project Papa,MOVIE,2018,97,drama,IN,6.2,40.0,0.885,6.633193712829227,Kanika Batra,ACTOR,8
Cactus Flower,MOVIE,2017,104,drama,EG,6.1,134.0,0.717,8.8,Brian Hanford,DIRECTOR,7
Ayana,MOVIE,2017,112,drama,KG,7.4,128.0,0.64,6.633193712829227,Aidana Topchubaeva,DIRECTOR,-1
Cycle,MOVIE,2018,96,drama,IN,8.2,564.0,0.637,6.633193712829227,Sophie Olga de Jong,DIRECTOR,8
꼬모는 궁금해,SHOW,2017,20,drama,KR,6.540941965073206,21150.29081903414,0.6,6.633193712829227,Unknown,Unknown,90
Running Man,SHOW,2017,11,animation,KR,8.2,42.0,0.6,6.633193712829227,Unknown,Unknown,89
Beyblade Burst Turbo,SHOW,2018,22,action,JP,6.540941965073206,21150.29081903414,0.6,0.5,Unknown,Unknown,27
Excellence,SHOW,2018,43,documentation,SA,6.540941965073206,21150.29081903414,0.6,6.633193712829227,Unknown,Unknown,-1
Mystic Whispers,SHOW,2017,26,comedy,SG,7.0,19.0,19.267195915153582,6.633193712829227,Unknown,Unknown,-1
Side Dish,SHOW,2018,45,drama,ZA,6.540941965073206,21150.29081903414,19.267195915153582,6.633193712829227,Unknown,Unknown,197
#ABtalks,SHOW,2018,78,drama,,9.6,7.0,19.267195915153582,6.633193712829227,Unknown,Unknown,141
Luo Bao Bei,SHOW,2018,11,animation,,8.2,40.0,19.267195915153582,6.633193712829227,Unknown,Unknown,-1
El testigo,MOVIE,2018,76,documentation,,8.1,238.0,19.267195915153582,6.633193712829227,Unknown,Unknown,84
Chicken Soup for the Soul's Being Dad,SHOW,2018,40,reality,,6.540941965073206,21150.29081903414,19.267195915153582,6.633193712829227,Unknown,Unknown,112
Bashar Shorts,SHOW,2018,40,fantasy,,6.540941965073206,21150.29081903414,19.267195915153582,6.633193712829227,Unknown,Unknown,-1
Wedy Atkalam,MOVIE,2018,72,comedy,KW,5.6,25.0,19.267195915153582,6.633193712829227,Unknown,Unknown,-1
The Chosen,SHOW,2019,49,drama,US,9.3,33844.0,81.408,8.583,Jonathan Roumie,ACTOR,39
Outer Banks,SHOW,2020,50,drama,US,7.6,60629.0,152.785,8.483,Chase Stokes,ACTOR,39
Formula 1: Drive to Survive,SHOW,2019,38,documentation,GB,8.6,43437.0,78.684,8.291,Zhou Guanyu,ACTOR,157
Demon Slayer: Kimetsu no Yaiba,SHOW,2019,25,action,JP,8.7,110478.0,158.24,8.694,Natsuki Hanae,ACTOR,27
The Queen's Gambit,SHOW,2020,56,drama,US,8.6,473352.0,54.151,8.571,Anya Taylor-Joy,ACTOR,39
Dead to Me,SHOW,2019,31,drama,US,8.0,91336.0,32.326,7.3,Christina Applegate,ACTOR,39
Vinland Saga,SHOW,2019,25,action,JP,8.8,45176.0,52.139,8.599,Yuto Uemura,ACTOR,27
Russian Doll,SHOW,2019,28,drama,US,7.8,98712.0,19.202,7.478,Natasha Lyonne,ACTOR,39
The Witcher,SHOW,2019,58,scifi,US,8.1,510035.0,123.605,8.2,Henry Cavill,ACTOR,36
Alice in Borderland,SHOW,2020,55,scifi,JP,7.7,79262.0,217.937,8.196,Kento Yamazaki,ACTOR,28
"Love, Death & Robots",SHOW,2019,13,scifi,US,8.4,131937.0,69.637,8.281,Unknown,Unknown,36
The Umbrella Academy,SHOW,2019,50,drama,US,7.9,254387.0,89.247,8.639,Elliot Page,ACTOR,39
Emily in Paris,SHOW,2020,30,drama,US,6.9,103994.0,91.588,7.851,Lily Collins,ACTOR,39
The Gentlemen,MOVIE,2020,113,crime,GB,7.8,351270.0,50.953,7.682,Matthew McConaughey,ACTOR,-1
After Life,SHOW,2019,28,drama,GB,8.4,140257.0,21.246,7.86,Ricky Gervais,ACTOR,114
Love Is Blind,SHOW,2020,54,reality,US,6.1,9308.0,17.93,7.089,Nick Lachey,ACTOR,26
로보카폴리 쏭쏭뮤지엄,SHOW,2020,5,drama,KR,6.540941965073206,21150.29081903414,0.6,6.633193712829227,Jun-Young Um,DIRECTOR,90
Bridgerton,SHOW,2020,62,drama,US,7.4,142426.0,70.755,8.16,Adjoa Andoh,ACTOR,39
In the Dark,SHOW,2019,41,comedy,US,7.5,14071.0,29.797,7.966,Perry Mattfeld,ACTOR,16
Sex Education,SHOW,2019,52,drama,GB,8.3,251168.0,161.7,8.33,Asa Butterfield,ACTOR,114
The Secret of Skinwalker Ranch,SHOW,2020,42,reality,US,6.2,3232.0,17.094,8.4,Travis Taylor,ACTOR,26
Locke & Key,SHOW,2020,46,scifi,US,7.4,72031.0,44.174,7.948,Darby Stanchfield,ACTOR,36
The Circle,SHOW,2020,52,reality,US,7.3,7582.0,23.818,7.167,Michelle Buteau,ACTOR,26
The Last Dance,SHOW,2020,50,documentation,US,9.1,129406.0,24.178,8.202,Michael Jordan,ACTOR,0
Warrior Nun,SHOW,2020,43,action,US,7.0,51439.0,61.433,8.134,Alba Baptista,ACTOR,30
Too Hot to Handle,SHOW,2020,42,reality,US,4.7,13596.0,24.475,6.8,Brittan Byrd,ACTOR,26
I Think You Should Leave with Tim Robinson,SHOW,2019,16,comedy,US,7.9,14228.0,8.068,6.596,Tim Robinson,ACTOR,16
The Dark Crystal: Age of Resistance,SHOW,2019,51,action,US,8.4,25632.0,24.686,7.753,Anya Taylor-Joy,ACTOR,30
Virgin River,SHOW,2019,44,drama,US,7.4,43462.0,36.75,8.027,Alexandra Breckenridge,ACTOR,39
Unbelievable,SHOW,2019,48,drama,DK,8.4,106646.0,20.888,8.044,Kaitlyn Dever,ACTOR,60
Arctic,MOVIE,2019,97,drama,IS,6.8,54658.0,13.323,6.459,Mads Mikkelsen,ACTOR,-1
Rise of Empires: Ottoman,SHOW,2020,46,history,TR,7.9,27452.0,39.131,7.3,Cem Yiğit Üzümoğlu,ACTOR,-1
The Platform,MOVIE,2019,95,thriller,ES,7.0,236016.0,27.924,6.993,Iván Massagué,ACTOR,177
Next in Fashion,SHOW,2020,48,reality,US,7.3,4115.0,8.71,7.237,Alexa Chung,ACTOR,26
Klaus,MOVIE,2019,96,comedy,ES,8.2,162889.0,26.7,8.264,Jason Schwartzman,ACTOR,164
Unsolved Mysteries,SHOW,2020,47,documentation,US,7.3,11276.0,16.186,7.766,Unknown,Unknown,0
Never Have I Ever,SHOW,2020,27,comedy,US,7.8,61971.0,48.855,8.165,Maitreyi Ramakrishnan,ACTOR,16
The Irishman,MOVIE,2019,209,drama,US,7.8,397183.0,22.834,7.6,Robert De Niro,ACTOR,1
Hollywood,SHOW,2020,50,drama,US,7.5,38043.0,15.489,7.484,David Corenswet,ACTOR,39
The Plan,SHOW,2020,44,drama,US,6.540941965073206,21150.29081903414,0.665,6.633193712829227,Rahama Sadau,ACTOR,39
When They See Us,SHOW,2019,74,drama,US,8.9,125181.0,24.305,8.241,Jharrel Jerome,ACTOR,39
Love Island USA,SHOW,2019,49,reality,US,4.9,1186.0,15.755,7.2,Sarah Hyland,ACTOR,26
The Game Changers,MOVIE,2019,108,documentation,US,7.8,20654.0,11.703,7.3,James Wilks,ACTOR,66
Dracula,SHOW,2020,88,drama,GB,6.8,45971.0,24.057,7.063,Claes Bang,ACTOR,114
Synchronic,MOVIE,2020,102,scifi,US,6.2,33545.0,39.809,6.28,Anthony Mackie,ACTOR,29
The Haunting of Bly Manor,SHOW,2020,55,drama,US,7.4,110042.0,31.634,7.723,Victoria Pedretti,ACTOR,39
Level 16,MOVIE,2019,102,scifi,CA,6.1,13158.0,30.296,6.8,Katie Douglas,ACTOR,-1
Traitors,SHOW,2019,51,war,GB,6.6,3465.0,10.205,6.931,Emma Appleton,ACTOR,-1
Blown Away,SHOW,2019,26,reality,CA,7.2,3508.0,8.372,6.659,Nick Uhas,ACTOR,-1
Are You Afraid of the Dark?,SHOW,2019,44,thriller,US,7.1,2528.0,24.554,7.591,Conor Sherry,ACTOR,54
Black Summer,SHOW,2019,39,action,US,6.6,31511.0,37.598,7.091,Jaime King,ACTOR,30
Down to Earth with Zac Efron,SHOW,2020,39,documentation,US,8.0,7485.0,18.121,7.7,Zac Efron,ACTOR,0
"Roswell, New Mexico",SHOW,2019,42,scifi,US,6.3,13332.0,38.914,8.014,Jeanine Mason,ACTOR,36
Enola Holmes,MOVIE,2020,123,comedy,US,6.6,199958.0,30.766,7.321,Millie Bobby Brown,ACTOR,4
Kingdom,SHOW,2019,48,drama,KR,8.3,48541.0,37.931,8.333,Ju Ji-hoon,ACTOR,90
Unorthodox,SHOW,2020,54,drama,DE,8.0,83907.0,16.579,7.9,Shira Haas,ACTOR,169
47 Meters Down: Uncaged,MOVIE,2019,90,drama,GB,5.0,28027.0,26.722,5.7,Sophie Nélisse,ACTOR,34
The Stranger,SHOW,2020,45,thriller,GB,7.3,52906.0,14.414,7.371,Richard Armitage,ACTOR,-1
Jexi,MOVIE,2019,84,comedy,CA,6.0,28916.0,14.097,6.9,Adam DeVine,ACTOR,74
Don't F**k with Cats: Hunting an Internet Killer,SHOW,2019,62,documentation,GB,8.0,56379.0,15.572,7.687,Deanna Thompson,ACTOR,157
I Am Not Okay with This,SHOW,2020,21,fantasy,US,7.5,65650.0,18.598,8.164,Sophia Lillis,ACTOR,191
History 101,SHOW,2020,22,documentation,GB,6.8,4580.0,14.881,7.056,Natalie Silverman,ACTOR,157
Blood & Water,SHOW,2020,48,drama,ZA,6.540941965073206,21150.29081903414,19.277,7.871,Khosi Ngema,ACTOR,197
Control Z,SHOW,2020,37,drama,MX,6.8,9988.0,49.175,8.243,Ana Valeria Becerril,ACTOR,153
Barbarians,SHOW,2020,47,action,DE,7.2,28030.0,45.009,7.391,Laurence Rupp,ACTOR,-1
The Wandering Earth,MOVIE,2019,126,drama,CN,5.9,32848.0,35.645,6.548,Qu Chuxiao,ACTOR,61
Space Force,SHOW,2020,30,comedy,US,6.7,66800.0,41.469,6.58,Steve Carell,ACTOR,16
Tiger King,SHOW,2020,44,crime,US,7.5,81824.0,16.402,6.932,Unknown,Unknown,135
Inheritance,MOVIE,2020,110,thriller,US,5.5,17039.0,56.362,6.341,Lily Collins,ACTOR,19
Blood of Zeus,SHOW,2020,31,action,US,7.5,19163.0,21.265,7.894,Derek Phillips,ACTOR,30
The Vanishing,MOVIE,2019,101,thriller,US,5.9,18785.0,10.649,5.7,Gerard Butler,ACTOR,19
Home for Christmas,SHOW,2019,29,comedy,NO,7.7,15474.0,11.099,7.246,Ida Elise Broch,ACTOR,-1
Murder Mystery,MOVIE,2019,97,comedy,IT,6.0,135219.0,31.011,6.239,Adam Sandler,ACTOR,182
Fear City: New York vs The Mafia,SHOW,2020,52,documentation,US,7.1,7819.0,8.035,6.8,Prof. G. Robert Blakey,ACTOR,0
Alien Worlds,SHOW,2020,44,documentation,GB,6.5,3855.0,11.777,6.754,Sophie Okonedo,ACTOR,157
Crash Landing on You,SHOW,2019,85,war,KR,8.7,31758.0,41.767,8.6,Hyun Bin,ACTOR,-1
Dare Me,SHOW,2019,43,thriller,US,6.6,5763.0,13.656,7.893,Marlo Kelly,ACTOR,54
Tuca & Bertie,SHOW,2019,24,comedy,US,7.4,7712.0,15.691,7.2,Tiffany Haddish,ACTOR,16
Indian Matchmaking,SHOW,2020,37,reality,US,6.2,3882.0,4.273,7.5,Smriti Mundhra,DIRECTOR,26
Nobody Knows I'm Here,MOVIE,2020,91,drama,CL,6.5,4501.0,6.376,6.8,Jorge Garcia,ACTOR,-1
Human Capital,MOVIE,2020,98,drama,US,5.7,9136.0,8.409,5.9,Liev Schreiber,ACTOR,1
Danger Force,SHOW,2020,24,comedy,US,3.6,1661.0,34.057,8.0,Dana Heath,ACTOR,16
Love on the Spectrum,SHOW,2019,42,documentation,AU,8.6,6377.0,4.489,7.767,Brooke Satchwell,ACTOR,161
Ultraman,SHOW,2019,24,action,JP,6.8,2204.0,28.207,7.1,Ryohei Kimura,ACTOR,27
Triple Frontier,MOVIE,2019,125,action,US,6.4,133107.0,29.909,6.287,Ben Affleck,ACTOR,17
Delhi Crime,SHOW,2019,48,crime,IN,8.5,23957.0,10.115,7.848,Shefali Shah,ACTOR,198
Detention,SHOW,2020,49,thriller,TW,6.3,567.0,20.265,7.706,Ning Han,ACTOR,-1
Selling Sunset,SHOW,2019,36,reality,US,6.5,6888.0,12.892,6.9,Brett Oppenheim,ACTOR,26
Dark Desire,SHOW,2020,34,thriller,MX,6.5,8258.0,81.45,7.31,Maite Perroni,ACTOR,-1
Marriage Story,MOVIE,2019,136,drama,GB,7.9,318804.0,26.409,7.758,Adam Driver,ACTOR,34
(Un)Well,SHOW,2020,52,reality,US,6.4,1131.0,4.697,6.435,Unknown,Unknown,26
Young Wallander,SHOW,2020,45,drama,GB,6.9,12363.0,27.489,7.173,Adam Pålsson,ACTOR,114
Kevin Hart: Don't F**k This Up,SHOW,2019,32,documentation,US,6.5,2080.0,2.154,6.2,Kevin Hart,ACTOR,0
The Wretched,MOVIE,2020,95,horror,US,5.8,17937.0,10.121,5.984,John-Paul Howard,ACTOR,31
"Good Morning, Verônica",SHOW,2020,48,crime,BR,7.5,4952.0,10.493,7.417,Tainá Müller,ACTOR,-1
Bloodride,SHOW,2020,29,action,NO,6.540941965073206,21150.29081903414,7.997,6.956,Ellen Bendu,ACTOR,-1
Tiny Pretty Things,SHOW,2020,56,drama,US,5.9,9769.0,18.099,7.667,Lauren Holly,ACTOR,39
The Daily Life of the Immortal King,SHOW,2020,19,action,CN,7.2,1758.0,146.058,8.526,Yin Long,ACTOR,77
Deaf U,SHOW,2020,19,reality,US,6.4,489.0,5.76,5.0,Unknown,Unknown,26
Jurassic World: Camp Cretaceous,SHOW,2020,24,action,US,7.5,9390.0,58.365,8.0,Jameela Jamil,ACTOR,30
Turn Up Charlie,SHOW,2019,27,comedy,GB,7.1,7720.0,7.301,7.1,Idris Elba,ACTOR,5
High Seas,SHOW,2019,43,drama,ES,6.8,7773.0,15.333,7.037,Alejandra Onieva,ACTOR,133
I'm Thinking of Ending Things,MOVIE,2020,134,fantasy,US,6.6,90656.0,13.059,6.6,Jesse Plemons,ACTOR,18
The Midnight Gospel,SHOW,2020,26,scifi,US,6.540941965073206,21150.29081903414,35.663,8.321,Duncan Trussell,ACTOR,36
The Comey Rule,SHOW,2020,82,drama,US,7.5,9388.0,7.722,7.333,Jeff Daniels,ACTOR,39
Sweet Home,SHOW,2020,52,drama,KR,6.540941965073206,21150.29081903414,62.877,8.493,Song Kang,ACTOR,90
Mr. Queen,SHOW,2020,71,drama,KR,8.7,6269.0,36.723,8.576,Shin Hye-sun,ACTOR,90
Daybreak,SHOW,2019,47,scifi,US,6.7,21397.0,17.392,7.102,Colin Ford,ACTOR,36
Birthcare Center,SHOW,2020,68,drama,KR,7.7,220.0,10.506,7.7,Uhm Ji-won,ACTOR,90
Wasp Network,MOVIE,2020,128,drama,ES,5.9,11159.0,13.218,6.128,Penélope Cruz,ACTOR,46
Yankee,SHOW,2019,38,crime,MX,5.9,763.0,6.914,6.1,Pablo Lyle,ACTOR,199
Mismatched,SHOW,2020,35,drama,IN,5.5,3712.0,9.025,6.583,Prajakta Koli,ACTOR,140
Ju-On: Origins,SHOW,2020,29,thriller,JP,6.1,4897.0,13.539,6.748,Yoshiyoshi Arakawa,ACTOR,-1
Into the Night,SHOW,2020,36,scifi,BE,7.1,33513.0,17.598,7.347,Pauline Étienne,ACTOR,-1
Hubie Halloween,MOVIE,2020,103,thriller,US,5.2,52721.0,17.355,5.974,Adam Sandler,ACTOR,19
Betaal,SHOW,2020,47,action,IN,5.4,9294.0,8.535,6.547,Vineet Kumar Singh,ACTOR,91
Night on Earth,SHOW,2020,49,documentation,GB,6.540941965073206,21150.29081903414,9.546,7.3,Samira Wiley,ACTOR,157
The Willoughbys,MOVIE,2020,92,animation,CA,6.3,19891.0,17.708,7.134,Will Forte,ACTOR,175
Sleepless Society: Bedtime Wishes,SHOW,2019,46,drama,TH,6.540941965073206,21150.29081903414,1.4,5.0,Pinky Savika Chaiyadej,ACTOR,173
The Trials of Gabriel Fernandez,SHOW,2020,55,crime,US,8.1,12272.0,11.816,7.448,Wyatt Hinz,ACTOR,135
Examination of Conscience,SHOW,2019,52,documentation,ES,7.8,465.0,1.62,7.4,Albert Solé,DIRECTOR,196
The Cabin with Bert Kreischer,SHOW,2020,27,reality,US,6.6,1637.0,4.24,7.3,Bert Kreischer,ACTOR,26
Queen Sono,SHOW,2020,43,crime,ZA,6.1,1302.0,4.263,7.0,Pearl Thusi,ACTOR,-1
Kings of Jo'Burg,SHOW,2020,48,crime,ZA,5.1,641.0,16.14,7.5,Shona Ferguson,ACTOR,-1
The Woods,SHOW,2020,51,thriller,PL,6.5,5735.0,8.337,7.035,Grzegorz Damięcki,ACTOR,-1
El Camino: A Breaking Bad Movie,MOVIE,2019,123,action,US,7.3,216847.0,33.338,6.933,Aaron Paul,ACTOR,17
Cheer,SHOW,2020,56,documentation,US,8.1,6554.0,8.816,7.374,Monica Aldama,ACTOR,0
Hoops,SHOW,2020,29,comedy,US,6.540941965073206,21150.29081903414,9.598,7.167,Jake Johnson,ACTOR,16
Jerry Seinfeld: 23 Hours to Kill,MOVIE,2020,60,comedy,US,6.7,5312.0,5.711,6.2,Jerry Seinfeld,ACTOR,4
The Crimes That Bind,MOVIE,2020,99,thriller,AR,6.7,4201.0,12.233,6.394,Cecilia Roth,ACTOR,200
Hellhole,MOVIE,2019,98,drama,BE,5.3,126.0,3.189,4.2,Alba Rohrwacher,ACTOR,142
Exhibit A,SHOW,2019,36,documentation,US,6.3,1133.0,6.494,7.2,Unknown,Unknown,0
Historical Roasts,SHOW,2019,29,comedy,US,5.4,1779.0,2.24,5.6,Jeff Ross,ACTOR,16
Undercover,SHOW,2019,49,crime,BE,7.8,18142.0,21.865,7.8,Tom Waes,ACTOR,-1
Rising Phoenix,MOVIE,2020,105,documentation,GB,8.1,1758.0,10.791,8.2,Bebe Vio,ACTOR,73
Leila,SHOW,2019,46,war,IN,5.0,9107.0,4.106,6.5,Huma Qureshi,ACTOR,-1
Stolen Away,SHOW,2020,48,crime,ES,7.2,2494.0,11.759,7.07,Juan Carlos Messier,ACTOR,170
Let It Snow,MOVIE,2019,93,comedy,US,5.8,23365.0,12.45,6.1,Isabela Merced,ACTOR,4
Athlete A,MOVIE,2020,104,documentation,US,7.6,11606.0,11.458,7.7,Maggie Nichols,ACTOR,66
Earthquake Bird,MOVIE,2019,107,crime,JP,5.9,15073.0,8.22,5.843,Alicia Vikander,ACTOR,-1
Capitani,SHOW,2019,29,crime,LU,6.6,5814.0,11.78,6.736,Luc Schiltz,ACTOR,-1
She,SHOW,2020,40,drama,IN,6.540941965073206,21150.29081903414,8.941,5.7,Aaditi Pohankar,ACTOR,140
生活如沸,SHOW,2019,27,documentation,CN,7.1,11.0,0.949,8.0,Unknown,Unknown,-1
"Sex, Explained",SHOW,2020,22,documentation,US,6.9,3376.0,27.089,6.6,Janelle Monáe,ACTOR,0
The Goop Lab,SHOW,2020,33,documentation,US,2.6,3406.0,2.285,2.833,Gwyneth Paltrow,ACTOR,0
Rugal,SHOW,2020,64,action,KR,6.540941965073206,21150.29081903414,14.594,7.5,Choi Jin-hyuk,ACTOR,158
We Are the Champions,SHOW,2020,32,documentation,US,7.1,1517.0,7.163,6.0,Rainn Wilson,ACTOR,0
The Promised Neverland,SHOW,2019,23,animation,JP,8.3,40243.0,37.84,8.619,Sumire Morohoshi,ACTOR,33
His House,MOVIE,2020,93,thriller,GB,6.5,43893.0,22.6,6.48,Sope Dirisu,ACTOR,116
The Duchess,SHOW,2020,23,comedy,GB,6.7,5700.0,8.057,7.0,Katherine Ryan,ACTOR,5
Bonding,SHOW,2019,17,drama,US,7.1,16883.0,15.256,7.227,Zoe Levin,ACTOR,39
Medical Police,SHOW,2020,24,comedy,US,6.0,4410.0,9.087,6.631,Erinn Hayes,ACTOR,16
Top Boy,SHOW,2019,47,drama,GB,6.540941965073206,21150.29081903414,20.506,8.202,Kane Robinson,ACTOR,114
The Gift,SHOW,2019,43,scifi,TR,7.0,22762.0,18.61,7.568,Beren Saat,ACTOR,165
Awaken,SHOW,2020,63,romance,KR,7.5,744.0,19.267195915153582,6.633193712829227,Unknown,Unknown,-1
The Babysitter: Killer Queen,MOVIE,2020,101,horror,US,5.8,44142.0,37.401,6.415,Judah Lewis,ACTOR,31
Kiss the Ground,MOVIE,2020,85,documentation,US,8.2,7096.0,7.281,8.019,Woody Harrelson,ACTOR,66
Lies and Deceit,SHOW,2020,47,thriller,ES,6.540941965073206,21150.29081903414,5.638,4.9,Ricardo Martín,ACTOR,185
Killer Ratings,SHOW,2019,50,documentation,BR,7.6,1812.0,4.443,7.136,Wallace Souza,ACTOR,193
Until Dawn,SHOW,2020,21,reality,FR,2.4,151.0,5.409,2.714,Unknown,Unknown,201
Merry Happy Whatever,SHOW,2019,26,comedy,US,6.4,4542.0,6.127,6.6,Brent Morin,ACTOR,16
Raising Dion,SHOW,2019,43,drama,US,7.1,15610.0,19.603,7.814,Alisha Wainwright,ACTOR,39
Tigertail,MOVIE,2020,91,drama,US,6.6,3700.0,6.236,6.9,Tzi Ma,ACTOR,1
Rolling Thunder Revue: A Bob Dylan Story by Martin Scorsese,MOVIE,2019,142,music,US,7.6,7076.0,9.883,7.0,Bob Dylan,ACTOR,94
Two Distant Strangers,MOVIE,2020,32,drama,US,6.540941965073206,21150.29081903414,7.336,7.318,Joey Bada$$,ACTOR,1
Juman,SHOW,2019,40,drama,KW,5.0,153.0,19.267195915153582,6.633193712829227,Unknown,Unknown,202
The Unlisted,SHOW,2019,24,thriller,AU,6.7,1125.0,13.041,7.4,Vrund Rao,ACTOR,-1
Missing Link,MOVIE,2019,94,animation,US,6.7,25054.0,18.024,7.0,Hugh Jackman,ACTOR,71
"Whose Vote Counts, Explained",SHOW,2020,25,documentation,US,7.3,1242.0,5.008,6.9,Unknown,Unknown,0
Rocko's Modern Life: Static Cling,MOVIE,2019,45,animation,US,6.9,4001.0,10.282,6.7,Carlos Alazraqui,ACTOR,71
Shadow,SHOW,2019,44,action,ZA,6.6,1013.0,2.595,6.5,Pallance Dladla,ACTOR,-1
The Playbook,SHOW,2020,34,documentation,US,7.4,1551.0,6.689,6.5,Patrick Mouratoglou,ACTOR,0
Itaewon Class,SHOW,2020,70,drama,KR,8.2,15232.0,31.699,8.51,Park Seo-jun,ACTOR,90
The Block Island Sound,MOVIE,2020,103,horror,US,5.4,8471.0,10.364,5.2,Michaela McManus,ACTOR,31
My Octopus Teacher,MOVIE,2020,85,documentation,ZA,8.1,57044.0,16.155,7.916,Craig Foster,ACTOR,-1
Surviving R. Kelly,SHOW,2019,52,crime,US,7.5,4906.0,5.285,7.3,R. Kelly,ACTOR,135
Official Secrets,MOVIE,2019,112,drama,US,7.3,49506.0,18.995,7.2,Keira Knightley,ACTOR,1
World's Most Wanted,SHOW,2020,47,documentation,US,7.1,2715.0,5.336,7.5,Jennifer Julian,ACTOR,0
Sweet Magnolias,SHOW,2020,50,drama,US,7.3,19704.0,19.325,7.823,JoAnna Garcia,ACTOR,39
Dick Johnson Is Dead,MOVIE,2020,89,documentation,US,7.4,6893.0,8.391,7.3,Richard Johnson,ACTOR,66
Trial 4,SHOW,2020,55,documentation,US,7.4,2182.0,2.845,6.8,Sean Ellis,ACTOR,0
Desperados,MOVIE,2020,105,comedy,US,5.2,10704.0,10.777,6.08,Nasim Pedrad,ACTOR,4
Blood Line,MOVIE,2020,93,horror,AE,2.3,242.0,3.313,6.8,Nelly Karim,ACTOR,-1
Vampires vs. the Bronx,MOVIE,2020,86,horror,US,5.7,10434.0,10.243,5.8,Jaden Michael,ACTOR,31
Pokémon Journeys: The Series,SHOW,2020,23,animation,JP,7.1,795.0,4.742,8.9,Ikue Otani,ACTOR,33
Designated Survivor: 60 Days,SHOW,2019,75,war,KR,8.1,1438.0,17.945,7.9,Ji Jin-hee,ACTOR,-1
Otherhood,MOVIE,2019,100,comedy,US,6.1,11744.0,15.138,6.18,Angela Bassett,ACTOR,4
Over Christmas,SHOW,2020,45,drama,DE,6.540941965073206,21150.29081903414,5.943,5.8,Luke Mockridge,ACTOR,169
Love & Anarchy,SHOW,2020,31,comedy,SE,7.4,7896.0,14.752,7.3,Ida Engvoll,ACTOR,-1
Eerie,MOVIE,2019,101,crime,PH,4.7,2528.0,5.177,5.4,Bea Alonzo,ACTOR,-1
Trial by Media,SHOW,2020,62,crime,US,7.1,3344.0,4.957,7.0,Unknown,Unknown,135
The UnXplained,SHOW,2019,42,documentation,US,7.2,1360.0,12.382,8.857,William Shatner,ACTOR,0
Lunatics,SHOW,2019,36,comedy,US,6.6,3358.0,2.407,5.9,Chris Lilley,ACTOR,16
The Woman in the Window,MOVIE,2020,102,drama,US,5.7,77532.0,16.065,6.046,Amy Adams,ACTOR,1
Marianne,SHOW,2019,45,thriller,FR,7.4,16373.0,18.915,7.567,Victoire Du Bois,ACTOR,-1
Dragon's Dogma,SHOW,2020,26,action,JP,6.540941965073206,21150.29081903414,12.787,7.112,Yuichi Nakamura,ACTOR,27
Tiny Creatures,SHOW,2020,25,documentation,GB,5.1,1315.0,8.377,6.9,Mike Colter,ACTOR,157
Bad Boy Billionaires: India,SHOW,2020,59,documentation,IN,7.9,3245.0,2.477,7.556,Aayush Ailawadi,ACTOR,179
The Sleepover,MOVIE,2020,103,action,US,5.7,11067.0,13.186,6.432,Sadie Stanley,ACTOR,17
Hache,SHOW,2019,45,drama,ES,6.5,1745.0,15.484,6.3,Adriana Ugarte,ACTOR,133
How I Became a Super Hero,MOVIE,2020,97,fantasy,BE,5.8,5626.0,37.286,6.2,Pio Marmaï,ACTOR,-1
Tall Girl,MOVIE,2019,102,drama,US,5.2,24867.0,23.207,6.397,Ava Michelle,ACTOR,1
Falling Inn Love,MOVIE,2019,98,comedy,US,5.6,20915.0,14.451,6.543,Christina Milian,ACTOR,4
Sturgill Simpson Presents Sound & Fury,MOVIE,2019,40,animation,US,6.540941965073206,21150.29081903414,4.794,6.2,Sturgill Simpson,ACTOR,71
Aunty Donna's Big Ol House of Fun,SHOW,2020,20,comedy,AU,7.9,6702.0,9.048,7.104,Broden Kelly,ACTOR,82
Footfairy,MOVIE,2020,115,crime,IN,4.6,1309.0,2.338,3.625,Gulshan Devaiah,ACTOR,12
Reality Z,SHOW,2020,31,comedy,BR,5.6,2649.0,14.575,6.814,Ana Hartmann,ACTOR,171
AJ and the Queen,SHOW,2020,53,comedy,US,7.5,8552.0,10.312,7.668,RuPaul,ACTOR,16
You vs. Wild,SHOW,2019,19,reality,US,6.6,2709.0,7.469,6.586,Bear Grylls,ACTOR,26
Sightless,MOVIE,2020,89,drama,US,5.5,9156.0,9.41,7.0,Madelaine Petsch,ACTOR,1
Fractured,MOVIE,2019,100,thriller,US,6.4,79765.0,35.46,6.714,Sam Worthington,ACTOR,19
Broken,SHOW,2019,60,documentation,US,6.540941965073206,21150.29081903414,2.769,7.3,Jenise Morgan,ACTOR,0
The Stand In,MOVIE,2020,101,comedy,US,4.7,3746.0,7.799,5.5,Drew Barrymore,ACTOR,4
Birders,MOVIE,2019,37,documentation,US,6.540941965073206,21150.29081903414,2.849,6.0,Esteban Berrones,ACTOR,66
Trigger Warning with Killer Mike,SHOW,2019,26,documentation,US,7.0,1274.0,3.011,7.1,Killer Mike,ACTOR,0
Away,SHOW,2020,50,scifi,US,6.6,24640.0,17.73,6.8,Hilary Swank,ACTOR,36
One Spring Night,SHOW,2019,47,drama,KR,7.9,3025.0,10.026,8.4,Han Ji-min,ACTOR,90
Lost Bullet,MOVIE,2020,92,action,FR,6.3,12497.0,17.313,6.6,Alban Lenoir,ACTOR,-1
Sakho & Mangane,SHOW,2020,51,action,SN,6.7,148.0,4.043,5.333,Fatou-Elise Ba,ACTOR,-1
Homecoming: A Film by Beyoncé,MOVIE,2019,137,documentation,US,7.5,7335.0,13.486,8.2,Beyoncé,ACTOR,66
Diary of a Prosecutor,SHOW,2019,65,drama,KR,8.3,199.0,4.231,6.333,Lee Sun-kyun,ACTOR,90
Dangerous Lies,MOVIE,2020,96,thriller,CA,5.3,17708.0,10.629,6.4,Camila Mendes,ACTOR,160
Cadaver,MOVIE,2020,86,thriller,NO,5.2,10964.0,19.541,5.6,Gitte Witt,ACTOR,-1
Have a Good Trip: Adventures in Psychedelics,MOVIE,2020,85,documentation,US,6.8,8145.0,12.347,6.8,Nick Offerman,ACTOR,66
Song Exploder,SHOW,2020,25,documentation,US,7.4,828.0,2.98,7.769,Hrishikesh Hirway,ACTOR,0
Rattlesnake,MOVIE,2019,85,drama,US,4.6,8979.0,10.165,5.2,Carmen Ejogo,ACTOR,1
The Kissing Booth 2,MOVIE,2020,134,comedy,GB,5.7,33490.0,36.813,7.743,Joey King,ACTOR,6
Carole & Tuesday,SHOW,2019,24,scifi,JP,7.8,2216.0,20.162,7.178,Miyuri Shimabukuro,ACTOR,28
Rainbow High,SHOW,2020,7,family,US,5.9,167.0,4.002,9.1,Kiera Please,ACTOR,37
Get Organized with The Home Edit,SHOW,2020,42,reality,US,5.5,1658.0,6.888,6.583,Clea Shearer,ACTOR,26
The Disappearance of Madeleine McCann,SHOW,2019,50,crime,GB,6.6,11129.0,7.464,6.295,Kate McCann,ACTOR,152
Bill Burr: Paper Tiger,MOVIE,2019,67,comedy,US,8.1,11771.0,8.55,7.4,Bill Burr,ACTOR,4
Selena: The Series,SHOW,2020,38,drama,US,6.9,4714.0,39.306,7.504,Christian Serratos,ACTOR,39
The Defeated,SHOW,2020,55,history,DE,7.0,7030.0,8.7,6.8,Taylor Kitsch,ACTOR,-1
Someone Great,MOVIE,2019,92,comedy,US,6.1,23559.0,13.47,6.368,Gina Rodriguez,ACTOR,4
The Rental,MOVIE,2020,88,drama,US,5.7,34123.0,20.582,5.571,Dan Stevens,ACTOR,1
The Last Laugh,MOVIE,2019,98,comedy,US,5.6,6583.0,8.948,5.375,Chevy Chase,ACTOR,4
Flinch,SHOW,2019,24,reality,GB,4.3,768.0,3.72,5.571,Lloyd Griffith,ACTOR,55
A Shaun the Sheep Movie: Farmageddon,MOVIE,2019,87,comedy,GB,6.8,14483.0,14.864,6.9,Justin Fletcher,ACTOR,6
Miss Americana,MOVIE,2020,85,documentation,US,7.4,20721.0,13.786,7.9,Taylor Swift,ACTOR,66
Taco Chronicles,SHOW,2019,29,documentation,MX,7.8,905.0,4.728,7.7,Unknown,Unknown,192
365 Days,MOVIE,2020,114,drama,PL,3.3,91979.0,28.611,7.078,Anna-Maria Sieklucka,ACTOR,184
High Score,SHOW,2020,42,documentation,US,7.4,8347.0,14.519,7.551,Charles Martinet,ACTOR,0
In the Tall Grass,MOVIE,2019,102,thriller,CA,5.4,58684.0,20.475,5.537,Laysla De Oliveira,ACTOR,160
2 Hearts,MOVIE,2020,100,drama,US,6.3,6534.0,21.38,7.473,Jacob Elordi,ACTOR,1
Giri/Haji,SHOW,2019,58,crime,GB,7.8,15131.0,16.393,7.6,Takehiro Hira,ACTOR,152
Enter the Anime,MOVIE,2019,58,documentation,JP,2.6,1735.0,4.424,5.7,Kouzou Morishita,ACTOR,-1
Flower of Evil,SHOW,2020,61,thriller,KR,8.6,9761.0,22.582,8.224,Lee Joon-gi,ACTOR,156
revisions,SHOW,2019,22,scifi,JP,5.9,653.0,6.237,7.1,Koki Uchiyama,ACTOR,28
Mystery Lab,SHOW,2020,26,comedy,BR,7.4,827.0,5.095,7.159,Felipe Castanhari,ACTOR,171
Happy Jail,SHOW,2019,34,documentation,,6.9,260.0,1.971,8.0,Unknown,Unknown,195
Disappearance at Clifton Hill,MOVIE,2020,100,thriller,CA,5.4,4506.0,6.084,5.5,Tuppence Middleton,ACTOR,160
Critical Thinking,MOVIE,2020,117,drama,US,6.5,2273.0,6.865,6.9,John Leguizamo,ACTOR,1
Chef's Table: BBQ,SHOW,2020,44,documentation,US,7.8,1132.0,4.337,7.4,Unknown,Unknown,0
Wizards: Tales of Arcadia,SHOW,2020,24,action,US,6.540941965073206,21150.29081903414,22.215,8.263,Lena Headey,ACTOR,30
Chopsticks,MOVIE,2019,100,drama,IN,6.5,4911.0,4.867,6.0,Abhay Deol,ACTOR,8
The Paramedic,MOVIE,2020,94,thriller,ES,5.7,13375.0,14.627,6.1,Mario Casas,ACTOR,177
The Confession Killer,SHOW,2019,48,crime,US,7.4,9639.0,6.441,7.279,Bob Prince,ACTOR,135
The Liberator,SHOW,2020,49,drama,US,7.6,6540.0,18.04,7.062,Bradley James,ACTOR,39
Spinning Out,SHOW,2020,49,drama,US,7.6,15402.0,15.87,8.044,Kaya Scodelario,ACTOR,39
Dorohedoro,SHOW,2020,23,action,JP,8.1,9465.0,20.747,8.478,Soungdok,ACTOR,27
Ghost in the Shell: SAC_2045,SHOW,2020,25,drama,JP,6.3,2683.0,31.244,6.544,Atsuko Tanaka,ACTOR,57
The Baker and the Beauty,SHOW,2020,32,comedy,US,7.3,4530.0,5.447,8.093,Victor Rasuk,ACTOR,16
Tremors: Shrieker Island,MOVIE,2020,103,horror,US,6.540941965073206,21150.29081903414,13.76,6.165,Michael Gross,ACTOR,31
Sextuplets,MOVIE,2019,97,comedy,US,4.5,8977.0,16.73,6.249,Marlon Wayans,ACTOR,4
Kissing Game,SHOW,2020,41,thriller,BR,6.540941965073206,21150.29081903414,14.63,7.0,Iza Moreira,ACTOR,-1
Alien Warfare,MOVIE,2019,88,scifi,US,2.6,3621.0,16.224,4.083,Clayton Snyder,ACTOR,29
4 latas,MOVIE,2019,105,comedy,FR,5.9,3400.0,10.849,5.809,Jean Reno,ACTOR,127
The Big Flower Fight,SHOW,2020,39,reality,US,7.4,1290.0,3.637,6.4,Kristen Griffith-Vanderyacht,ACTOR,26
A Call to Spy,MOVIE,2019,123,war,US,6.6,8495.0,9.773,6.884,Sarah Megan Thomas,ACTOR,-1
The Man Who Feels No Pain,MOVIE,2019,136,action,IN,7.3,8389.0,6.863,6.4,Abhimanyu Dasani,ACTOR,14
Class of '83,MOVIE,2020,98,action,IN,5.8,5513.0,4.29,6.0,Bobby Deol,ACTOR,14
Tijuana,SHOW,2019,41,crime,MX,7.0,347.0,2.326,7.556,Tamara Vallarta,ACTOR,199
John Was Trying to Contact Aliens,MOVIE,2020,16,documentation,US,6.540941965073206,21150.29081903414,4.919,6.4,John Shepherd,ACTOR,66
45 RPM,SHOW,2019,57,drama,ES,7.2,559.0,5.694,6.9,Guiomar Puerta,ACTOR,133
The Last Word,SHOW,2020,45,drama,DE,7.1,1041.0,4.696,6.452,Anke Engelke,ACTOR,169
Connected,SHOW,2020,44,documentation,US,7.5,1797.0,2.804,7.781,Latif Nasser,ACTOR,0
Huge in France,SHOW,2019,31,comedy,FR,6.8,2961.0,6.318,5.5,Gad Elmaleh,ACTOR,40
Travis Scott: Look Mom I Can Fly,MOVIE,2019,85,music,US,6.3,4885.0,12.743,6.989,Travis Scott,ACTOR,94
Freaks – You're One of Us,MOVIE,2020,93,thriller,DE,5.4,5809.0,12.466,5.6,Cornelia Gröschel,ACTOR,62
The Defected,SHOW,2019,42,drama,HK,7.3,82.0,2.405,9.0,Benjamin Yuen Wai-Ho,ACTOR,-1
Bulbbul,MOVIE,2020,94,horror,IN,6.5,12804.0,15.228,6.755,Tripti Dimri,ACTOR,146
Another Life,SHOW,2019,42,scifi,US,5.3,36571.0,36.532,6.154,Katee Sackhoff,ACTOR,36
Cursed,SHOW,2020,55,scifi,GB,5.9,31177.0,22.718,7.323,Katherine Langford,ACTOR,113
Beats,MOVIE,2019,109,drama,US,6.4,5563.0,8.394,6.773,Anthony Anderson,ACTOR,1
Code 8,MOVIE,2019,99,thriller,CA,6.1,41273.0,23.47,6.194,Stephen Amell,ACTOR,160
The Disciple,MOVIE,2020,128,drama,IN,7.1,2784.0,6.318,6.8,Aditya Modak,ACTOR,8
The Uncanny Counter,SHOW,2020,64,action,KR,8.1,7399.0,40.684,8.697,Cho Byeong-kyu,ACTOR,158
The Christmas Chronicles: Part Two,MOVIE,2020,112,comedy,US,6.0,32570.0,23.314,6.5,Kurt Russell,ACTOR,4
Nadiya Bakes,SHOW,2020,29,documentation,GB,6.540941965073206,21150.29081903414,2.318,10.0,Unknown,Unknown,157
Paranormal,SHOW,2020,33,drama,EG,6.540941965073206,21150.29081903414,8.94,7.242,Ahmed Amin,ACTOR,203
The Black Godfather,MOVIE,2019,118,documentation,US,7.5,1416.0,5.299,6.8,Clarence Avant,ACTOR,66
Guest House,MOVIE,2020,84,comedy,US,4.4,2327.0,5.685,5.908,Pauly Shore,ACTOR,4
The Two Popes,MOVIE,2019,125,drama,US,7.6,126708.0,16.258,7.522,Jonathan Pryce,ACTOR,1
No One Will Ever Know,MOVIE,2019,102,drama,MX,6.2,135.0,3.301,5.3,Adriana Paz,ACTOR,70
Amy Schumer: Growing,MOVIE,2019,60,comedy,US,5.5,4036.0,4.873,6.2,Amy Schumer,ACTOR,4
Debt Collectors,MOVIE,2020,97,comedy,US,5.8,4779.0,10.871,6.2,Scott Adkins,ACTOR,4
Persona,SHOW,2019,23,drama,KR,6.6,1306.0,10.752,6.212,IU,ACTOR,90
How I Became a Gangster,MOVIE,2020,140,drama,PL,6.9,3955.0,10.709,7.043,Marcin Kowalczyk,ACTOR,184
Record of Youth,SHOW,2020,73,drama,KR,7.2,2769.0,21.131,8.4,Park Bo-gum,ACTOR,90
Jailbirds,SHOW,2019,41,reality,US,7.0,1260.0,2.676,7.7,Unknown,Unknown,26
Gameboys,SHOW,2020,27,drama,PH,8.4,1226.0,5.487,7.4,Elijah Canlas,ACTOR,-1
Spectros,SHOW,2020,44,scifi,BR,6.540941965073206,21150.29081903414,3.766,6.9,Cláudia Okuno,ACTOR,-1
Ragnarok,SHOW,2020,47,action,NO,7.5,39438.0,62.451,8.0,David Alexander Sjøholt,ACTOR,-1
Trinkets,SHOW,2019,26,comedy,US,7.1,12134.0,16.435,7.922,Brianna Hildebrand,ACTOR,16
The Twelve,SHOW,2019,54,drama,BE,7.4,5636.0,10.146,7.1,Maaike Cafmeyer,ACTOR,149
The Ripper,SHOW,2020,49,documentation,GB,7.1,10060.0,5.45,6.646,Alan Whitehouse,ACTOR,157
Eurovision Song Contest: The Story of Fire Saga,MOVIE,2020,123,comedy,US,6.5,96442.0,12.154,6.428,Rachel McAdams,ACTOR,4
A Killer Uncaged,SHOW,2020,35,documentation,US,5.2,825.0,5.952,6.908,Unknown,Unknown,0
Girls from Ipanema,SHOW,2019,54,drama,BR,7.8,3648.0,10.964,7.1,Maria Casadevall,ACTOR,151
The Gentlemen's League,SHOW,2019,104,reality,KR,6.540941965073206,21150.29081903414,16.373,5.0,Kim ki ho,DIRECTOR,204
Can You Hear Me?,SHOW,2019,23,drama,CA,7.8,768.0,12.508,9.125,Mélissa Bédard,ACTOR,56
Teenage Bounty Hunters,SHOW,2020,49,drama,US,7.7,12863.0,17.744,7.852,Anjelica Bette Fellini,ACTOR,39
Intuition,MOVIE,2020,116,thriller,AR,5.5,2919.0,10.31,6.3,Luisana Lopilato,ACTOR,200
Invader ZIM: Enter the Florpus,MOVIE,2019,71,animation,US,7.4,6079.0,9.371,7.6,Jhonen Vasquez,ACTOR,71
Extraction,MOVIE,2020,116,action,US,6.7,209040.0,47.699,7.344,Chris Hemsworth,ACTOR,17
The Call,MOVIE,2020,112,thriller,KR,7.1,35491.0,18.302,7.557,Park Shin-hye,ACTOR,99
Monarca,SHOW,2019,44,drama,MX,7.8,3442.0,24.972,7.6,Irene Azuela,ACTOR,153
Paddleton,MOVIE,2019,89,comedy,US,7.1,14513.0,8.953,7.073,Mark Duplass,ACTOR,4
Greatest Events of WWII in Colour,SHOW,2019,50,war,GB,8.7,9359.0,8.089,8.096,Derek Jacobi,ACTOR,-1
Luna Nera,SHOW,2020,45,drama,IT,5.9,3183.0,14.946,7.714,Antonia Fotaras,ACTOR,144
Love Alarm,SHOW,2019,52,drama,KR,6.7,6344.0,59.269,8.454,Jung Jin-young,ACTOR,90
"Hello, Privilege. It's Me, Chelsea",MOVIE,2019,64,documentation,US,4.8,2072.0,4.871,5.8,Chelsea Handler,ACTOR,66
Welcome to Sudden Death,MOVIE,2020,80,action,GB,4.3,21150.29081903414,20.072,6.3,Michael Jai White,ACTOR,68
Hard Kill,MOVIE,2020,98,action,US,3.0,19073.0,13.8,5.1,Bruce Willis,ACTOR,17
Ip Man 4: The Finale,MOVIE,2019,105,drama,HK,7.0,33659.0,16.818,7.2,Donnie Yen,ACTOR,78
Dance of the Forty One,MOVIE,2020,99,drama,MX,6.8,4826.0,9.846,7.898,Alfonso Herrera,ACTOR,70
Who Would You Take to a Deserted Island?,MOVIE,2019,93,comedy,ES,5.3,2570.0,9.843,5.0,Pol Monen,ACTOR,164
Earth and Blood,MOVIE,2020,80,thriller,FR,6.540941965073206,21150.29081903414,15.016,6.2,Sami Bouajila,ACTOR,178
Floor Is Lava,SHOW,2020,28,reality,US,5.3,2718.0,7.213,7.4,Rutledge Wood,ACTOR,26
I Am Mother,MOVIE,2019,114,scifi,AU,6.7,93513.0,14.237,6.7,Clara Rugaard,ACTOR,-1
Always Be My Maybe,MOVIE,2019,101,comedy,US,6.8,58144.0,12.36,6.643,Ali Wong,ACTOR,4
The Legend of Cocaine Island,MOVIE,2019,87,documentation,US,6.3,3430.0,11.611,6.5,Rodney Hyden,ACTOR,66
The Movies That Made Us,SHOW,2019,47,documentation,US,7.6,6748.0,15.377,7.323,Danny Wallace,ACTOR,0
Ava,MOVIE,2020,96,drama,US,5.4,58111.0,76.924,5.767,Jessica Chastain,ACTOR,1
Bard of Blood,SHOW,2019,45,action,IN,6.8,11767.0,4.172,7.0,Emraan Hashmi,ACTOR,91
Jamtara – Sabka Number Ayega,SHOW,2020,35,drama,IN,7.3,8228.0,8.487,7.294,Amit Sial,ACTOR,140
Jinn,SHOW,2019,32,scifi,JO,3.5,10296.0,4.165,6.429,Karam Tabbaa,ACTOR,-1
Paradise Beach,MOVIE,2019,93,action,FR,4.6,2358.0,8.456,5.2,Sami Bouajila,ACTOR,-1
BEASTARS,SHOW,2019,23,drama,JP,7.7,10802.0,45.45,8.597,Chikahiro Kobayashi,ACTOR,57
Ares,SHOW,2020,29,thriller,NL,5.7,4597.0,8.223,6.923,Jade Olieberg,ACTOR,-1
A Fall from Grace,MOVIE,2020,120,drama,US,5.9,16094.0,13.846,7.1,Crystal Fox,ACTOR,1
Seis Manos,SHOW,2019,27,fantasy,US,7.1,1749.0,5.4,7.0,Aislinn Derbez,ACTOR,191
Iliza Shlesinger: Unveiled,MOVIE,2019,78,comedy,US,6.5,1839.0,4.291,6.4,Iliza Shlesinger,ACTOR,4
Win the Wilderness: Alaska,SHOW,2020,59,documentation,GB,6.9,807.0,1.877,7.0,Unknown,Unknown,157
"Love, Guaranteed",MOVIE,2020,90,romance,US,5.6,18076.0,9.152,6.421,Rachael Leigh Cook,ACTOR,2
How to Sell Drugs Online (Fast),SHOW,2019,32,drama,DE,7.8,35001.0,27.036,8.149,Maximilian Mundt,ACTOR,169
Cagaster of an Insect Cage,SHOW,2020,28,scifi,JP,6.540941965073206,21150.29081903414,16.766,8.124,Yoshimasa Hosoya,ACTOR,28
Mortel,SHOW,2019,52,drama,FR,6.5,1581.0,7.886,7.459,Sami Outalbali,ACTOR,145
John Mulaney & The Sack Lunch Bunch,MOVIE,2019,70,comedy,US,7.4,3646.0,7.031,7.14,John Mulaney,ACTOR,4
Noblemen,MOVIE,2019,108,drama,IN,5.6,325.0,2.269,6.0,Ali Haji,ACTOR,8
Holidate,MOVIE,2020,104,romance,US,6.1,70619.0,18.82,7.06,Emma Roberts,ACTOR,2
Straight Up,MOVIE,2020,95,comedy,US,6.9,2928.0,5.831,6.8,Katie Findlay,ACTOR,4
Rogue City,MOVIE,2020,116,thriller,FR,6.540941965073206,21150.29081903414,11.263,5.9,Lannick Gautry,ACTOR,178
A Whisker Away,MOVIE,2020,104,drama,JP,6.7,11324.0,70.652,7.956,Mirai Shida,ACTOR,35
Nobody Sleeps in the Woods Tonight,MOVIE,2020,102,horror,PL,4.9,12682.0,31.357,5.245,Julia Wieniawa-Narkiewicz,ACTOR,-1
The Legend of White Snake,SHOW,2019,46,scifi,CN,7.3,268.0,6.716,7.6,Ju Jingyi,ACTOR,-1
The I-Land,SHOW,2019,40,scifi,US,4.6,16918.0,16.463,5.567,Namkoong Min,ACTOR,36
The Half of It,MOVIE,2020,104,comedy,US,6.9,39449.0,12.942,7.124,Leah Lewis,ACTOR,4
Kabir Singh,MOVIE,2019,170,drama,IN,7.0,34997.0,7.991,6.7,Shahid Kapoor,ACTOR,8
The Surgeon's Cut,SHOW,2020,54,documentation,US,8.5,1100.0,6.142,7.6,Unknown,Unknown,0
The Lost Husband,MOVIE,2020,109,romance,US,6.1,5131.0,11.083,6.9,Leslie Bibb,ACTOR,2
Extreme Engagement,SHOW,2019,38,reality,,5.7,395.0,1.927,8.0,PJ Madam,ACTOR,112
The Occupant,MOVIE,2020,103,thriller,ES,6.4,18463.0,9.131,6.3,Javier Gutiérrez,ACTOR,177
Ultramarine Magmell,SHOW,2019,24,action,JP,6.1,690.0,10.322,6.9,Mao Ichimichi,ACTOR,27
Feel Good,SHOW,2020,25,drama,GB,7.5,11977.0,16.106,7.413,Mae Martin,ACTOR,114
Felix Lobrecht: Hype,MOVIE,2020,59,comedy,DE,5.8,292.0,1.192,6.0,Felix Lobrecht,ACTOR,45
Ammar,MOVIE,2020,90,horror,EG,2.6,104.0,1.114,6.0,Sherif Salama,ACTOR,-1
Dolemite Is My Name,MOVIE,2019,118,drama,US,7.2,62282.0,13.318,7.02,Eddie Murphy,ACTOR,1
Tidying Up with Marie Kondo,SHOW,2019,37,reality,US,6.6,3741.0,5.834,6.817,Marie Kondo,ACTOR,26
The Speed Cubers,MOVIE,2020,40,documentation,US,6.540941965073206,21150.29081903414,7.604,7.6,Max Park,ACTOR,66
What We Wanted,MOVIE,2020,94,drama,AT,5.9,1898.0,6.229,5.926,Lavinia Wilson,ACTOR,-1
Ninjago,SHOW,2019,39,family,CA,8.0,1419.0,6.001,6.633193712829227,Unknown,Unknown,-1
Jenny Slate: Stage Fright,MOVIE,2019,66,reality,US,5.8,1346.0,3.745,6.0,Jenny Slate,ACTOR,-1
Always a Witch,SHOW,2019,38,scifi,CO,6.3,2588.0,21.505,7.2,Angely Gaviria,ACTOR,-1
How to Fix a Drug Scandal,SHOW,2020,53,crime,US,7.0,3475.0,4.142,7.0,Luke Ryan,ACTOR,135
Move,SHOW,2020,48,documentation,US,7.4,129.0,4.505,6.9,Jon Boogz,ACTOR,0
Bogdan Boner: Egzorcysta,SHOW,2020,12,comedy,PL,5.9,421.0,5.942,4.9,Bartosz Walaszek,ACTOR,-1
"Breakfast, Lunch & Dinner",SHOW,2019,44,documentation,US,6.7,1101.0,2.457,6.5,David Chang,ACTOR,0
Basketball or Nothing,SHOW,2019,34,documentation,US,7.3,669.0,3.518,8.6,Unknown,Unknown,0
Challenger: The Final Flight,SHOW,2020,45,documentation,US,7.8,7348.0,13.14,7.067,Unknown,Unknown,0
Hotel Del Luna,SHOW,2019,80,comedy,KR,8.1,10323.0,28.044,8.593,IU,ACTOR,72
Your Excellency,MOVIE,2019,120,comedy,NG,6.7,50.0,2.397,6.633193712829227,Akin Lewis,ACTOR,121
Into the Deep: The Submarine Murder Case,MOVIE,2020,87,crime,DK,6.540941965073206,21150.29081903414,4.668,6.5,Kim Wall,ACTOR,-1
Anitta: Made in Honório,SHOW,2020,30,documentation,BR,6.9,427.0,4.095,5.1,Anitta,ACTOR,193
Chocolate,SHOW,2019,30,drama,KR,7.6,1347.0,7.58,7.2,Ha Ji-won,ACTOR,90
The App,MOVIE,2019,79,scifi,IT,2.8,1379.0,7.321,3.0,Vincenzo Crea,ACTOR,-1
Whitney Cummings: Can I Touch It?,MOVIE,2019,59,comedy,US,6.5,1863.0,3.096,6.7,Whitney Cummings,ACTOR,4
The Midnight Sky,MOVIE,2020,118,drama,US,5.6,85291.0,18.756,5.78,George Clooney,ACTOR,1
Find Yourself,SHOW,2020,45,drama,CN,7.7,276.0,16.26,7.624,Victoria Song,ACTOR,125
#blackAF,SHOW,2020,37,comedy,US,6.540941965073206,21150.29081903414,4.648,6.5,Kenya Barris,ACTOR,16
The Cursed,SHOW,2020,62,scifi,KR,7.1,561.0,6.158,7.9,Uhm Ji-won,ACTOR,147
Seventeen,MOVIE,2019,99,drama,ES,7.2,3940.0,8.811,7.3,Biel Montoro,ACTOR,46
The Light in Your Eyes,SHOW,2019,66,drama,KR,7.9,881.0,7.364,8.1,Han Ji-min,ACTOR,90
Ratched,SHOW,2020,54,drama,US,7.3,61510.0,23.514,7.763,Sarah Paulson,ACTOR,39
6 Underground,MOVIE,2019,128,thriller,US,6.1,182148.0,33.871,6.338,Ryan Reynolds,ACTOR,19
Miles Davis: Birth of the Cool,MOVIE,2019,116,music,US,7.4,1771.0,6.331,7.2,Carl Lumbly,ACTOR,94
Operation Christmas Drop,MOVIE,2020,95,romance,US,5.8,12259.0,11.511,6.499,Kat Graham,ACTOR,2
Wonder Boy,MOVIE,2019,99,documentation,FR,6.540941965073206,21150.29081903414,3.319,6.7,Olivier Rousteing,ACTOR,53
The King: Eternal Monarch,SHOW,2020,72,drama,KR,6.540941965073206,21150.29081903414,36.391,8.44,Lee Min-ho ,ACTOR,90
Malibu Rescue: The Series,SHOW,2019,24,comedy,US,5.6,1064.0,14.391,7.5,Ricardo Hurtado,ACTOR,16
Transformers: War for Cybertron: Earthrise,SHOW,2020,24,animation,US,6.540941965073206,21150.29081903414,13.127,7.9,Jason Marnocha,ACTOR,32
Secret Obsession,MOVIE,2019,97,thriller,US,4.4,22534.0,17.641,5.494,Brenda Song,ACTOR,19
Sergio,MOVIE,2020,118,drama,US,6.2,10284.0,10.496,6.69,Wagner Moura,ACTOR,1
The Trial of the Chicago 7,MOVIE,2020,130,drama,US,7.7,181435.0,17.985,7.7,Eddie Redmayne,ACTOR,1
The King,MOVIE,2019,140,drama,AU,7.3,135289.0,17.991,7.162,Timothée Chalamet,ACTOR,143
Ludo,MOVIE,2020,150,crime,IN,7.6,37528.0,14.904,7.3,Pankaj Tripathi,ACTOR,12
The Coldest Game,MOVIE,2019,103,thriller,PL,6.2,11493.0,14.172,6.224,Bill Pullman,ACTOR,-1
Velvet Buzzsaw,MOVIE,2019,112,horror,US,5.7,62971.0,9.726,5.359,Rene Russo,ACTOR,31
A Tale of Two Kitchens,MOVIE,2019,29,documentation,MX,6.5,145.0,3.169,6.235,Gabriela Cámara,ACTOR,181
Made You Look: A True Story About Fake Art,MOVIE,2020,90,documentation,CA,7.0,4511.0,7.197,6.991,Ann Freedman,ACTOR,15
Middleditch & Schwartz,SHOW,2020,51,comedy,US,8.6,5631.0,4.577,7.969,Thomas Middleditch,ACTOR,16
The Binding,MOVIE,2020,93,horror,IT,4.8,4375.0,15.913,5.437,Mía Maestro,ACTOR,-1
Coffee & Kareem,MOVIE,2020,88,action,US,5.1,14008.0,11.234,5.5,Ed Helms,ACTOR,17
All the Bright Places,MOVIE,2020,108,romance,US,6.5,28355.0,76.546,7.699,Elle Fanning,ACTOR,2
Mythomaniac,SHOW,2019,46,drama,FR,6.8,1429.0,4.594,5.6,Marina Hands,ACTOR,145
Whipped,MOVIE,2020,97,drama,ID,4.1,657.0,2.342,6.4,Andovi da Lopez,ACTOR,120
Lunana: A Yak in the Classroom,MOVIE,2020,109,drama,BT,7.4,4752.0,13.957,7.382,Sherab Dorji,ACTOR,-1
Dancing with the Birds,MOVIE,2019,51,documentation,US,6.540941965073206,21150.29081903414,7.691,7.7,Stephen Fry,ACTOR,66
Mystic Pop-up Bar,SHOW,2020,68,comedy,KR,8.0,2390.0,11.586,7.964,Hwang Jung-eum,ACTOR,72
Léa & I,MOVIE,2019,84,documentation,US,6.5,224.0,4.254,5.5,Léa Moret,ACTOR,66
The Devil All the Time,MOVIE,2020,138,drama,US,7.1,122321.0,23.387,7.2,Tom Holland,ACTOR,1
Family Reunion,SHOW,2019,29,comedy,US,6.6,3177.0,30.006,8.338,Tia Mowry-Hardrict,ACTOR,16
Jeffrey Epstein: Filthy Rich,SHOW,2020,57,crime,US,7.1,25858.0,12.073,7.168,Jeffrey Epstein,ACTOR,135
Terrace House: Tokyo 2019-2020,SHOW,2019,44,reality,JP,7.4,746.0,6.605,6.8,YOU,ACTOR,48
Special,SHOW,2019,30,comedy,US,7.6,9821.0,6.203,6.5,Ryan O'Connell,ACTOR,16
Room 2806: The Accusation,SHOW,2020,49,documentation,FR,7.0,2405.0,4.144,6.9,Dominique Strauss-Kahn,ACTOR,76
Two Sentence Horror Stories,SHOW,2019,22,horror,US,5.6,2080.0,14.061,5.75,Roy Campsall,ACTOR,-1
10 Minutes Gone,MOVIE,2019,89,thriller,CA,3.6,4022.0,12.554,5.5,Bruce Willis,ACTOR,160
Fantastic Fungi,MOVIE,2019,81,documentation,US,7.4,9970.0,11.589,7.2,Brie Larson,ACTOR,66
Father Soldier Son,MOVIE,2020,99,war,US,7.3,984.0,11.058,6.337,Brian Eisch,ACTOR,-1
The Lies Within,SHOW,2019,60,thriller,KR,7.0,450.0,6.662,6.9,Lee You-young,ACTOR,156
The Last Blockbuster,MOVIE,2020,86,documentation,US,6.7,5912.0,6.649,6.479,Sandi Harding,ACTOR,66
Kevin Hart: Irresponsible,MOVIE,2019,60,comedy,US,6.5,4769.0,5.909,6.7,Kevin Hart,ACTOR,4
Dash & Lily,SHOW,2020,25,comedy,US,7.5,16978.0,13.671,8.065,Austin Abrams,ACTOR,16
Disclosure,MOVIE,2020,108,documentation,US,8.2,5711.0,17.797,8.022,Laverne Cox,ACTOR,66
The Spy,SHOW,2019,53,drama,FR,7.9,44358.0,16.201,7.517,Sacha Baron Cohen,ACTOR,145
The Life Ahead,MOVIE,2020,94,drama,IT,6.8,14695.0,9.191,6.7,Sophia Loren,ACTOR,51
"Ken Jeong: You Complete Me, Ho",MOVIE,2019,62,comedy,US,5.7,2472.0,5.722,6.0,Ken Jeong,ACTOR,4
Glow Up: Britain's Next Make-Up Star,SHOW,2019,54,reality,GB,6.9,2559.0,10.114,6.6,Val Garland,ACTOR,55
The Devil Punisher,SHOW,2020,70,scifi,TW,5.8,182.0,5.946,7.2,Mike He,ACTOR,-1
Work It,MOVIE,2020,93,comedy,US,6.1,14234.0,12.755,7.6,Sabrina Carpenter,ACTOR,4
Eric Andre: Legalize Everything,MOVIE,2020,52,comedy,US,6.2,2605.0,3.716,6.107,Eric André,ACTOR,4
Private Lives,SHOW,2020,67,action,KR,6.5,692.0,5.394,5.8,Seohyun,ACTOR,158
The Untamed,SHOW,2019,44,action,CN,8.8,7131.0,58.031,8.3,Xiao Zhan,ACTOR,77
Generation Iron 3,MOVIE,2019,75,documentation,US,5.9,2493.0,3.4,6.6,Kai Greene,ACTOR,66
Start-Up,SHOW,2020,80,drama,KR,8.0,11556.0,30.443,8.444,Bae Suzy,ACTOR,90
The Influence,MOVIE,2019,99,documentation,ES,4.6,3927.0,13.846,4.812,Manuela Vellés,ACTOR,137
Svaha: The Sixth Finger,MOVIE,2019,122,thriller,KR,6.2,4270.0,13.237,6.563,Lee Jung-jae,ACTOR,99
It's Bruno!,SHOW,2019,15,comedy,US,7.5,3075.0,4.691,6.7,Slick Naim,ACTOR,16
Can You Keep a Secret?,MOVIE,2019,94,romance,US,5.3,18526.0,18.218,6.5,Alexandra Daddario,ACTOR,2
Summertime,SHOW,2020,43,drama,IT,6.1,2919.0,69.87,6.9,Coco Rebecca Edogamhe,ACTOR,144
Avengement,MOVIE,2019,88,action,GB,6.6,17506.0,17.692,6.8,Scott Adkins,ACTOR,68
Holiday Home Makeover with Mr. Christmas,SHOW,2020,38,reality,US,5.9,320.0,5.49,6.7,Unknown,Unknown,26
The Last Thing He Wanted,MOVIE,2020,116,drama,GB,4.3,15916.0,13.15,4.9,Anne Hathaway,ACTOR,34
Followers,SHOW,2020,40,drama,JP,6.540941965073206,21150.29081903414,2.738,7.0,Miki Nakatani,ACTOR,57
The Hard Way,MOVIE,2019,92,action,US,4.8,3502.0,18.205,5.5,Michael Jai White,ACTOR,17
Toy Boy,SHOW,2019,61,drama,ES,6.5,7953.0,27.721,7.671,Jesús Mosquera,ACTOR,133
Da 5 Bloods,MOVIE,2020,156,drama,US,6.5,52740.0,16.815,6.555,Delroy Lindo,ACTOR,1
Mank,MOVIE,2020,131,comedy,US,6.8,77389.0,14.44,6.761,Gary Oldman,ACTOR,4
Street Flow,MOVIE,2019,95,drama,FR,6.4,1623.0,8.636,7.0,Bakary Diombera,ACTOR,96
Love 101,SHOW,2020,46,comedy,TR,7.4,15426.0,18.865,8.03,Alina Boz,ACTOR,-1
The Society,SHOW,2019,56,drama,US,7.1,32272.0,21.541,7.64,Kathryn Newton,ACTOR,39
Hillbilly Elegy,MOVIE,2020,117,drama,US,6.7,43593.0,11.55,6.8,Gabriel Basso,ACTOR,1
The Wrong Missy,MOVIE,2020,90,romance,US,5.7,41505.0,24.664,6.2,David Spade,ACTOR,2
Missing: The Other Side,SHOW,2020,67,thriller,KR,7.8,692.0,31.97,6.8,Go Soo,ACTOR,156
Do Do Sol Sol La La Sol,SHOW,2020,60,drama,KR,7.3,1928.0,7.015,6.7,Go Ah-ra,ACTOR,90
A Secret Love,MOVIE,2020,83,documentation,US,7.8,4633.0,9.224,7.4,Terry Donahue,ACTOR,66
Gentefied,SHOW,2020,30,comedy,US,7.5,2873.0,2.895,7.5,Joseph Julian Soria,ACTOR,16
A Thousand Goodnights,SHOW,2019,71,drama,TW,7.0,105.0,9.578,5.1,Nicholas Teo,ACTOR,69
Jonaki,MOVIE,2019,90,drama,SG,6.8,269.0,1.573,6.2,Ratnabali Bhattacharjee,ACTOR,-1
My Holo Love,SHOW,2020,53,scifi,KR,7.6,2864.0,19.218,8.6,Yoon Hyun-min,ACTOR,147
Midnight at the Magnolia,MOVIE,2020,87,comedy,CA,5.8,5837.0,11.604,6.3,Natalie Hall,ACTOR,74
Biohackers,SHOW,2020,42,action,DE,6.8,10381.0,9.779,7.419,Luna Wedler,ACTOR,-1
The Circle Brazil,SHOW,2020,50,reality,BR,6.8,816.0,1.946,6.409,Ana Carla,ACTOR,205
Circus of Books,MOVIE,2020,92,documentation,US,7.1,4780.0,9.232,7.0,Rachel Mason,ACTOR,66
Stars in the Sky: A Hunting Story,MOVIE,2020,69,documentation,US,7.2,374.0,3.025,4.8,Steven Rinella,ACTOR,66
The Social Dilemma,MOVIE,2020,94,drama,US,7.6,84802.0,17.343,7.502,Skyler Gisondo,ACTOR,1
Hospital Playlist,SHOW,2020,92,comedy,KR,8.8,6035.0,35.969,8.4,Cho Jung-seok,ACTOR,72
The Valhalla Murders,SHOW,2019,47,crime,IS,7.1,14925.0,12.24,6.775,Nína Dögg Filippusdóttir,ACTOR,-1
Cannon Busters,SHOW,2019,24,scifi,JP,6.7,1270.0,7.046,5.979,Yoshitsugu Matsuoka,ACTOR,28
BLACKPINK: Light Up the Sky,MOVIE,2020,79,documentation,US,7.3,6875.0,23.33,8.278,Lisa,ACTOR,66
Lenox Hill,SHOW,2020,48,documentation,US,8.7,2441.0,7.965,6.8,John Boockvar,ACTOR,0
40 Sticks,MOVIE,2020,93,thriller,KE,5.5,122.0,2.593,6.0,Victor Gatonye,DIRECTOR,-1
If Anything Happens I Love You,MOVIE,2020,13,drama,US,6.540941965073206,21150.29081903414,12.075,7.767,Michael Govier,DIRECTOR,1
The Chosen One,SHOW,2019,44,thriller,BR,5.8,720.0,9.538,8.2,Ricardo Félix Rojas,ACTOR,-1
At Eighteen,SHOW,2019,55,drama,KR,6.540941965073206,21150.29081903414,9.279,6.5,Ong Seong-wu,ACTOR,90
Children of Adam,SHOW,2020,41,action,LB,7.7,224.0,5.195,8.5,Sawsan Abou Affar,ACTOR,-1
Offering to the Storm,MOVIE,2020,139,crime,ES,6.2,6893.0,15.783,6.5,Marta Etura,ACTOR,-1
The Lovebirds,MOVIE,2020,86,comedy,US,6.1,26705.0,8.947,6.1,Issa Rae,ACTOR,4
WHAT / IF,SHOW,2019,52,drama,US,6.3,15975.0,23.577,6.5,Renée Zellweger,ACTOR,39
Paris Is Us,MOVIE,2019,84,drama,FR,4.6,1469.0,7.056,4.3,Noémie Schmidt,ACTOR,96
Fatal Affair,MOVIE,2020,89,thriller,US,4.6,6318.0,9.982,5.734,Nia Long,ACTOR,19
Dream Home Makeover,SHOW,2020,28,reality,US,5.7,1400.0,9.468,6.6,Shea McGee,ACTOR,26
Killer Inside: The Mind of Aaron Hernandez,SHOW,2020,67,crime,US,7.4,17873.0,9.024,7.21,Kevin Armstrong,ACTOR,135
Soni,MOVIE,2019,97,drama,IN,7.1,2896.0,3.044,6.719,Geetika Vidya Ohlyan,ACTOR,8
Inside Bill's Brain: Decoding Bill Gates,SHOW,2019,53,documentation,US,7.8,11250.0,8.479,7.4,Bill Gates,ACTOR,0
White Lines,SHOW,2020,55,crime,GB,6.6,17527.0,11.439,6.8,Laura Haddock,ACTOR,152
Women of the Night,SHOW,2019,47,drama,BE,6.4,955.0,17.263,6.933,Karina Smulders,ACTOR,149
Living with Yourself,SHOW,2019,27,comedy,US,7.2,32941.0,10.295,6.729,Paul Rudd,ACTOR,16
The Business of Drugs,SHOW,2020,43,crime,US,7.2,1758.0,7.642,7.0,Amaryllis Fox,ACTOR,135
Losers,SHOW,2019,8,documentation,GB,7.6,1872.0,2.313,7.536,Unknown,Unknown,157
Guilty,MOVIE,2020,119,drama,IN,6.540941965073206,21150.29081903414,8.621,6.684,Kiara Advani,ACTOR,8
Elisa & Marcela,MOVIE,2019,118,drama,ES,6.6,5293.0,8.202,7.3,Natalia de Molina,ACTOR,46
Kevin Hart: Zero F**ks Given,MOVIE,2020,69,comedy,US,6.1,3581.0,6.955,6.862,Kevin Hart,ACTOR,4
Backstreet Rookie,SHOW,2020,62,comedy,KR,7.5,3259.0,29.853,7.4,Ji Chang-wook,ACTOR,72
Pete Davidson: Alive from New York,MOVIE,2020,49,comedy,US,6.1,4406.0,6.148,6.1,Pete Davidson,ACTOR,4
Don't Listen,MOVIE,2020,97,horror,ES,6.540941965073206,21150.29081903414,24.085,6.552,Rodolfo Sancho,ACTOR,183
Dolly Parton's Heartstrings,SHOW,2019,65,drama,US,7.6,2107.0,7.496,7.2,Dolly Parton,ACTOR,39
The Informer,MOVIE,2019,109,thriller,GB,6.6,38943.0,18.095,6.516,Joel Kinnaman,ACTOR,116
Spenser Confidential,MOVIE,2020,111,action,US,6.2,91246.0,25.552,6.536,Mark Wahlberg,ACTOR,17
Caliphate,SHOW,2020,48,war,SE,8.2,19637.0,7.624,7.3,Gizem Erdogan,ACTOR,-1
Sarah Cooper: Everything's Fine,MOVIE,2020,49,comedy,US,5.5,1782.0,4.819,5.4,Sarah Cooper,ACTOR,4
Horse Girl,MOVIE,2020,104,drama,US,6.540941965073206,21150.29081903414,9.965,5.6,Alison Brie,ACTOR,1
"Bikram: Yogi, Guru, Predator",MOVIE,2019,86,crime,US,6.7,7893.0,8.901,6.4,Larissa Anderson,ACTOR,3
Equinox,SHOW,2020,46,scifi,DK,6.540941965073206,21150.29081903414,13.447,7.414,Ask Truelsen,ACTOR,-1
The Big Show Show,SHOW,2020,26,comedy,US,6.3,2559.0,8.29,7.5,Paul Wight,ACTOR,16
The Innocence Files,SHOW,2020,64,documentation,US,8.0,2622.0,2.075,7.2,Unknown,Unknown,0
The Forest of Love,MOVIE,2019,151,thriller,JP,6.3,2695.0,12.937,6.5,Kippei Shiina,ACTOR,-1
Brahms: The Boy II,MOVIE,2020,86,horror,CA,4.7,18593.0,26.712,5.993,Katie Holmes,ACTOR,-1
Feel the Beat,MOVIE,2020,109,comedy,CA,6.3,12033.0,15.915,7.659,Sofia Carson,ACTOR,74
ReMastered: Devil at the Crossroads,MOVIE,2019,48,music,US,7.0,2905.0,6.374,6.9,Keith Richards,ACTOR,94
Living Undocumented,SHOW,2019,43,documentation,US,7.0,595.0,2.163,6.6,Unknown,Unknown,0
Petta,MOVIE,2019,172,drama,IN,7.3,9778.0,8.616,7.2,Rajinikanth,ACTOR,8
Rising High,MOVIE,2020,94,drama,DE,6.0,5285.0,14.302,6.7,David Kross,ACTOR,47
ReMastered: The Miami Showband Massacre,MOVIE,2019,70,documentation,,6.9,1482.0,2.137,6.7,Stephen Travers,ACTOR,84
What Lies Below,MOVIE,2020,87,thriller,US,4.4,7814.0,33.48,5.3,Ema Horvath,ACTOR,19
Holiday in the Wild,MOVIE,2019,85,comedy,US,6.1,16172.0,9.068,6.5,Rob Lowe,ACTOR,4
Aziz Ansari: Right Now,MOVIE,2019,65,comedy,US,7.5,5286.0,5.032,7.256,Aziz Ansari,ACTOR,4
Pandemic: How to Prevent an Outbreak,SHOW,2020,48,documentation,US,6.4,2820.0,14.678,6.9,Syra Madad,ACTOR,0
Juanita,MOVIE,2019,90,drama,US,6.0,2463.0,6.411,5.3,Alfre Woodard,ACTOR,1
Mucho Mucho Amor: The Legend of Walter Mercado,MOVIE,2020,96,documentation,US,7.3,3389.0,10.145,7.5,Walter Mercado,ACTOR,66
The Good Detective,SHOW,2020,67,drama,KR,6.540941965073206,21150.29081903414,9.09,8.8,Son Hyun-joo,ACTOR,90
The Pharmacist,SHOW,2020,54,documentation,US,7.7,7742.0,2.686,7.8,Dan Schneider,ACTOR,0
A Perfect Crime,SHOW,2020,43,crime,DE,7.3,1394.0,8.432,7.2,Oliver Reissig,ACTOR,-1
Back to School,MOVIE,2019,83,comedy,FR,5.3,1318.0,7.688,5.412,Caroline Anglade,ACTOR,127
Absurd Planet,SHOW,2020,20,documentation,US,3.9,1571.0,8.937,5.6,Afi Ekulona,ACTOR,0
Five Feet Apart,MOVIE,2019,116,drama,US,7.2,71340.0,73.302,8.3,Haley Lu Richardson,ACTOR,1
Rookie Historian Goo Hae-Ryung,SHOW,2019,50,comedy,KR,8.1,2415.0,21.618,8.2,Shin Se-kyung,ACTOR,72
DeMarcus Family Rules,SHOW,2020,28,reality,US,6.5,114.0,3.655,4.3,Jane Alderson,ACTOR,26
All Day and a Night,MOVIE,2020,121,drama,US,6.0,4001.0,9.505,6.2,Ashton Sanders,ACTOR,1
ReMastered: The Two Killings of Sam Cooke,MOVIE,2019,74,documentation,US,7.2,2356.0,4.594,6.9,Sam Cooke,ACTOR,66
Valeria,SHOW,2020,41,drama,ES,6.5,6140.0,38.943,7.5,Diana Gómez,ACTOR,133
The English Game,SHOW,2020,47,drama,GB,6.540941965073206,21150.29081903414,14.976,7.6,Kevin Guthrie,ACTOR,114
The Silence,MOVIE,2019,90,horror,DE,5.3,47111.0,22.654,6.024,Stanley Tucci,ACTOR,-1
Run On,SHOW,2020,70,drama,KR,7.5,3970.0,16.163,7.8,Yim Si-wan,ACTOR,90
Our Planet,SHOW,2019,50,documentation,GB,9.3,45070.0,16.086,8.538,David Attenborough,ACTOR,157
To All the Boys: P.S. I Still Love You,MOVIE,2020,102,comedy,US,6.0,41121.0,23.423,6.889,Lana Condor,ACTOR,4
Jingle Jangle: A Christmas Journey,MOVIE,2020,122,fantasy,US,6.4,19573.0,12.584,6.7,Forest Whitaker,ACTOR,18
Becoming,MOVIE,2020,89,documentation,US,7.0,6500.0,9.447,7.507,Michelle Obama,ACTOR,66
Million Dollar Beach House,SHOW,2020,28,reality,US,4.2,859.0,3.275,4.8,Peggy Zabakolas,ACTOR,26
Fearless,MOVIE,2020,89,animation,CA,4.9,1843.0,15.236,6.1,Yara Shahidi,ACTOR,175
Coven,MOVIE,2020,92,drama,AR,6.4,5217.0,8.211,6.7,Àlex Brendemühl,ACTOR,83
Green Door,SHOW,2019,49,drama,TW,6.4,136.0,1.752,6.8,Jam Hsiao,ACTOR,69
Altered Carbon: Resleeved,MOVIE,2020,75,animation,JP,6.5,6467.0,29.946,6.48,Tatsuhisa Suzuki,ACTOR,22
Serious Men,MOVIE,2020,115,drama,IN,6.8,7813.0,4.428,6.8,Nawazuddin Siddiqui,ACTOR,8
Merlí. Sapere Aude,SHOW,2019,45,drama,ES,7.7,3010.0,22.686,8.316,Carlos Cuevas,ACTOR,133
Jim Jefferies: Intolerant,MOVIE,2020,66,comedy,US,7.2,3124.0,5.912,7.16,Jim Jefferies,ACTOR,4
Kipo and the Age of Wonderbeasts,SHOW,2020,23,family,US,8.3,6278.0,18.595,8.4,Karen Fukuhara,ACTOR,37
Ma Rainey's Black Bottom,MOVIE,2020,94,drama,US,6.9,55009.0,14.034,6.682,Kim Gwang-seok,ACTOR,1
"Colin Quinn: Red State, Blue State",MOVIE,2019,65,comedy,US,7.6,758.0,4.732,7.3,Colin Quinn,ACTOR,4
GAME ON: A Comedy Crossover Event,SHOW,2020,28,comedy,US,5.6,244.0,3.702,6.9,Paul Wight,ACTOR,16
Anthony Jeselnik: Fire in the Maternity Ward,MOVIE,2019,64,comedy,US,7.2,3839.0,5.053,7.1,Anthony Jeselnik,ACTOR,4
The Shadow,MOVIE,2019,15,drama,,6.540941965073206,21150.29081903414,1.219,6.633193712829227,Sara Al Aqeeli,ACTOR,38
The Order,SHOW,2019,48,scifi,US,6.7,30346.0,24.793,7.818,Jake Manley,ACTOR,36
"Rob Schneider: Asian Momma, Mexican Kids",MOVIE,2020,44,comedy,US,5.5,716.0,3.651,6.2,Rob Schneider,ACTOR,4
Family Business,SHOW,2019,46,comedy,FR,7.4,4477.0,12.27,7.2,Jonathan Cohen,ACTOR,40
Freud,SHOW,2020,53,drama,DE,6.540941965073206,21150.29081903414,10.131,7.313,Manuel Ossenkopf,ACTOR,169
Love Wedding Repeat,MOVIE,2020,100,comedy,IT,5.5,21134.0,15.18,5.662,Sam Claflin,ACTOR,182
Malang,MOVIE,2020,135,drama,IN,6.5,11103.0,6.583,7.194,Aditya Roy Kapur,ACTOR,8
The Politician,SHOW,2019,43,comedy,US,7.5,23346.0,19.824,7.313,Ben Platt,ACTOR,16
Dolly Parton: Here I Am,MOVIE,2019,90,documentation,GB,7.3,1612.0,4.842,7.5,Dolly Parton,ACTOR,73
All My Friends Are Dead,MOVIE,2020,95,thriller,PL,5.8,6829.0,8.201,5.8,Julia Wieniawa-Narkiewicz,ACTOR,-1
Rilakkuma and Kaoru,SHOW,2019,12,animation,JP,8.3,1764.0,7.721,7.443,Mikako Tabe,ACTOR,33
Mike Birbiglia: The New One,MOVIE,2019,85,comedy,US,7.7,1926.0,3.355,7.2,Mike Birbiglia,ACTOR,4
David Attenborough: A Life on Our Planet,MOVIE,2020,83,documentation,GB,8.9,32824.0,11.236,8.5,David Attenborough,ACTOR,73
In the Shadow of the Moon,MOVIE,2019,115,thriller,CA,6.2,55322.0,16.69,6.151,Boyd Holbrook,ACTOR,160
Adam Devine: Best Time of Our Lives,MOVIE,2019,58,comedy,US,5.9,980.0,3.078,6.5,Adam DeVine,ACTOR,4
How to Ruin Christmas,SHOW,2020,50,drama,ZA,6.4,616.0,7.399,9.143,Busi Lurayi,ACTOR,197
American Factory,MOVIE,2019,115,documentation,US,7.4,22635.0,12.112,7.2,Junming 'Jimmy' Wang,ACTOR,66
Sneakerheads,SHOW,2020,24,comedy,US,6.540941965073206,21150.29081903414,8.587,7.5,Justin Lee,ACTOR,16
Death to 2020,MOVIE,2020,70,comedy,GB,6.8,39228.0,14.345,6.534,Samuel L. Jackson,ACTOR,6
Stateless,SHOW,2020,53,drama,AU,7.5,9957.0,8.763,6.7,Yvonne Strahovski,ACTOR,41
Project Power,MOVIE,2020,113,action,US,6.0,91485.0,21.319,6.507,Jamie Foxx,ACTOR,17
Brave Blue World,MOVIE,2020,50,documentation,GB,6.7,847.0,6.985,6.3,Matt Damon,ACTOR,73
Jo Koy: Comin’ In Hot,MOVIE,2019,60,comedy,US,7.4,1253.0,3.598,6.8,Jo Koy,ACTOR,4
The Bonfire of Destiny,SHOW,2019,50,drama,FR,7.6,5382.0,12.999,7.426,Audrey Fleurot,ACTOR,145
"Coronavirus, Explained",SHOW,2020,23,documentation,US,7.6,2341.0,9.279,7.2,Unknown,Unknown,0
Rakkhosh,MOVIE,2019,113,horror,IN,4.8,192.0,2.421,6.1,Priyanka Bose,ACTOR,146
Crip Camp: A Disability Revolution,MOVIE,2020,106,documentation,US,7.7,7790.0,11.319,7.2,James Lebrecht,ACTOR,66
The Claus Family,MOVIE,2020,96,fantasy,BE,5.5,2591.0,10.804,5.825,Jan Decleir,ACTOR,-1
ReMastered: Massacre at the Stadium,MOVIE,2019,64,documentation,CL,7.3,818.0,2.684,7.4,Víctor Jara,ACTOR,-1
BNA,SHOW,2020,24,action,JP,7.2,2940.0,19.046,8.4,Sumire Morohoshi,ACTOR,27
The Forty-Year-Old Version,MOVIE,2020,123,drama,US,7.2,5243.0,11.568,6.9,Radha Blank,ACTOR,1
"Live Twice, Love Once",MOVIE,2019,101,comedy,ES,7.2,6860.0,11.018,7.479,Inma Cuesta,ACTOR,164
Double World,MOVIE,2020,110,fantasy,CN,6.2,4429.0,10.177,6.668,Henry Lau,ACTOR,-1
My First First Love,SHOW,2019,48,drama,KR,7.5,2535.0,21.832,8.3,Ji Soo,ACTOR,90
The Princess Switch: Switched Again,MOVIE,2020,97,family,US,6.540941965073206,21150.29081903414,20.384,6.91,Vanessa Hudgens,ACTOR,136
After the Raid,MOVIE,2019,25,documentation,US,6.540941965073206,21150.29081903414,2.608,5.5,Rodrigo Reyes,DIRECTOR,66
Drifting Dragons,SHOW,2020,24,action,JP,6.1,648.0,10.298,7.7,Shin Furukawa,ACTOR,27
Skemerson,MOVIE,2019,87,drama,ZA,6.7,45.0,1.003,7.0,Unknown,Unknown,132
Nate Bargatze: The Tennessee Kid,MOVIE,2019,60,comedy,US,7.6,2075.0,4.997,7.5,Nate Bargatze,ACTOR,4
The Irishman: In Conversation,MOVIE,2019,23,documentation,US,6.540941965073206,21150.29081903414,8.21,7.5,Martin Scorsese,ACTOR,66
Shanghai Fortress,MOVIE,2019,107,scifi,CN,4.4,2538.0,17.547,5.578,Lu Han,ACTOR,-1
Manmadhudu 2,MOVIE,2019,155,romance,IN,4.8,764.0,2.149,6.0,Nagarjuna Akkineni,ACTOR,9
The American Barbecue Showdown,SHOW,2020,44,reality,US,7.1,1295.0,6.68,5.9,Kevin Bludso,ACTOR,26
Jo Pil-ho: The Dawning Rage,MOVIE,2019,127,drama,KR,6.3,2381.0,12.394,6.068,Lee Sun-kyun,ACTOR,117
The Little Switzerland,MOVIE,2019,86,comedy,ES,4.8,1328.0,5.156,4.7,Ingrid García Jonsson,ACTOR,164
"Oh, Ramona!",MOVIE,2019,109,romance,RO,4.8,9198.0,15.905,5.8,Bogdan Iancu,ACTOR,-1
Dolly Parton's Christmas on the Square,MOVIE,2020,98,comedy,US,5.2,2882.0,7.749,5.925,Dolly Parton,ACTOR,4
Once Upon a Time in Lingjian Mountain,SHOW,2019,44,scifi,CN,7.2,331.0,5.746,6.2,Xu Kai,ACTOR,-1
Kitty Love: An Homage to Cats,MOVIE,2020,60,documentation,NL,5.1,559.0,3.727,4.8,Nicolette Kluijver,ACTOR,-1
Over the Moon,MOVIE,2020,95,scifi,CN,6.3,23257.0,24.207,7.3,Cathy Ang,ACTOR,-1
Immigration Nation,SHOW,2020,63,documentation,US,7.6,1171.0,5.655,6.913,Unknown,Unknown,0
"The Mind, Explained",SHOW,2019,22,documentation,US,8.0,5651.0,11.101,7.6,Emma Stone,ACTOR,0
Skylines,SHOW,2019,57,music,DE,7.5,2794.0,5.372,7.1,Edin Hasanović,ACTOR,-1
Kota Factory,SHOW,2019,41,comedy,IN,9.0,73794.0,9.148,8.1,Mayur More,ACTOR,206
Playing with Fire,SHOW,2019,58,drama,MX,5.9,1061.0,15.006,6.056,Yuri Vargas,ACTOR,153
"Ray Romano: Right Here, Around the Corner",MOVIE,2019,58,comedy,US,7.2,1770.0,3.626,6.8,Ray Romano,ACTOR,4
Mr. Iglesias,SHOW,2019,29,comedy,US,7.1,7365.0,13.075,7.7,Gabriel Iglesias,ACTOR,16
Miranda Sings Live... Your Welcome,MOVIE,2019,61,comedy,US,5.6,437.0,5.933,5.6,Colleen Ballinger,ACTOR,4
Ek Ladki Ko Dekha Toh Aisa Laga,MOVIE,2019,121,drama,IN,5.6,4529.0,4.433,5.8,Sonam Kapoor,ACTOR,8
Green Eggs and Ham,SHOW,2019,27,animation,US,8.2,2844.0,14.036,8.2,Adam DeVine,ACTOR,32
Chief of Staff,SHOW,2019,66,war,KR,6.540941965073206,21150.29081903414,6.508,8.1,Lee Jung-jae,ACTOR,-1
We Are the Wave,SHOW,2019,49,drama,DE,6.2,2859.0,6.328,5.6,Luise Befort,ACTOR,169
Finding Agnes,MOVIE,2020,105,drama,PH,5.0,164.0,2.346,4.3,Jelson Bay,ACTOR,110
The Old Guard,MOVIE,2020,125,action,US,6.6,169980.0,19.377,7.181,Charlize Theron,ACTOR,17
Larry Charles' Dangerous World of Comedy,SHOW,2019,59,documentation,US,7.3,600.0,3.789,6.0,Larry Charles,ACTOR,0
The Laundromat,MOVIE,2019,96,drama,US,6.3,49391.0,13.702,6.019,Meryl Streep,ACTOR,1
Tattoo of Revenge,MOVIE,2020,150,thriller,MX,5.0,122.0,2.861,5.0,Diana Lein,ACTOR,-1
"Hi Bye, Mama!",SHOW,2020,57,scifi,KR,7.9,1835.0,38.838,8.138,Kim Tae-hee,ACTOR,147
Rebecca,MOVIE,2020,123,thriller,GB,6.0,43553.0,11.858,6.304,Lily James,ACTOR,116
Hannah Gadsby: Douglas,MOVIE,2020,72,comedy,AU,6.540941965073206,21150.29081903414,4.894,7.281,Hannah Gadsby,ACTOR,88
Joy,MOVIE,2019,99,drama,AT,6.6,1365.0,4.363,6.0,Anwulika Alphonsus,ACTOR,-1
Someone Has to Die,SHOW,2020,50,crime,MX,6.3,5196.0,12.545,7.2,Ernesto Alterio,ACTOR,199
Conversations with a Killer: The Ted Bundy Tapes,SHOW,2019,59,documentation,US,7.8,27439.0,15.998,7.542,Ted Bundy,ACTOR,0
The Prom,MOVIE,2020,130,comedy,US,5.9,26197.0,1.596,6.196,Meryl Streep,ACTOR,4
And Tomorrow the Entire World,MOVIE,2020,111,crime,FR,6.0,3394.0,5.844,5.9,Mala Emde,ACTOR,-1
Criminal: UK,SHOW,2019,44,drama,GB,7.6,19511.0,18.231,7.291,Lee Ingleby,ACTOR,114
Spelling the Dream,MOVIE,2020,82,documentation,US,6.9,766.0,3.922,7.0,Srinivas Ayyagari,ACTOR,66
American Son,MOVIE,2019,90,drama,US,5.9,7266.0,8.107,6.1,Kerry Washington,ACTOR,1
Hook,SHOW,2020,43,drama,TH,6.5,25.0,3.697,5.2,Jida Jidapa Siribunchawan,ACTOR,173
American Woman,MOVIE,2019,85,drama,US,6.540941965073206,21150.29081903414,2.678,5.3,Hong Chau,ACTOR,1
"Extremely Wicked, Shockingly Evil and Vile",MOVIE,2019,108,crime,US,6.7,96777.0,18.954,7.017,Zac Efron,ACTOR,3
A Kid from Coney Island,MOVIE,2020,89,documentation,US,7.0,594.0,3.342,6.8,Stephon Marbury,ACTOR,66
Schulz Saves America,SHOW,2020,17,comedy,US,7.4,1167.0,2.121,6.778,Andrew Schulz,ACTOR,16
Twelve Forever,SHOW,2019,14,comedy,US,6.8,734.0,4.436,6.6,Jaylen Barron,ACTOR,16
Sleepless Society: Nyctophobia,SHOW,2019,48,thriller,TH,6.0,53.0,4.154,9.3,Ploy Cherman,ACTOR,-1
The Present,MOVIE,2020,24,drama,QA,6.540941965073206,21150.29081903414,3.138,7.034,Saleh Bakri,ACTOR,-1
October Faction,SHOW,2020,41,drama,US,6.2,11611.0,10.852,6.78,Aurora Burghart,ACTOR,39
Antoine Griezmann: The Making of a Legend,MOVIE,2019,60,documentation,FR,6.5,1259.0,7.193,7.1,Antoine Griezmann,ACTOR,53
Red Snow,MOVIE,2020,100,drama,CA,4.7,175.0,2.621,5.3,Tantoo Cardinal,ACTOR,58
Big Timber,SHOW,2020,54,reality,CA,6.9,921.0,5.454,7.0,Kevin Wenstob,ACTOR,-1
Santiago of the Seas,SHOW,2020,21,action,US,6.8,153.0,5.364,7.3,Leila Colom,ACTOR,30
Jeff Garlin: Our Man in Chicago,MOVIE,2019,58,comedy,GB,5.9,445.0,1.891,6.0,Jeff Garlin,ACTOR,6
The Healing Powers of Dude,SHOW,2020,25,comedy,US,6.6,997.0,8.778,7.2,Jace Chapman,ACTOR,16
Her Private Life,SHOW,2019,75,drama,KR,7.7,4836.0,14.817,7.713,Park Min-young,ACTOR,90
Social Distance,SHOW,2020,20,comedy,US,5.9,688.0,10.553,6.7,Unknown,Unknown,16
God Troubles Me,SHOW,2019,14,scifi,CN,8.0,44.0,9.886,6.833,Feifei Qiao,ACTOR,-1
Anelka: Misunderstood,MOVIE,2020,94,documentation,FR,6.4,3324.0,9.447,6.5,Nicolas Anelka,ACTOR,53
System Crasher,MOVIE,2019,119,drama,DE,7.8,13602.0,8.304,7.675,Helena Zengel,ACTOR,47
Romeo Akbar Walter,MOVIE,2019,140,thriller,IN,6.6,6018.0,4.406,6.424,John Abraham,ACTOR,13
Self Made: Inspired by the Life of Madam C.J. Walker,SHOW,2020,47,drama,US,7.3,12523.0,9.109,7.446,Octavia Spencer,ACTOR,39
Light in the Dark,MOVIE,2020,105,thriller,NG,5.8,42.0,1.749,3.0,Rita Dominic,ACTOR,134
Oprah Winfrey Presents: When They See Us Now,MOVIE,2019,61,documentation,US,7.8,2391.0,6.856,8.088,Oprah Winfrey,ACTOR,66
Sintonia,SHOW,2019,44,drama,BR,6.7,1282.0,13.423,8.2,Jottapê,ACTOR,151
American Murder: The Family Next Door,MOVIE,2020,83,thriller,US,7.2,29724.0,9.707,7.3,Nickole Atkinson,ACTOR,19
IO,MOVIE,2019,96,scifi,US,4.8,35102.0,16.737,4.882,Margaret Qualley,ACTOR,29
V Wars,SHOW,2019,42,drama,US,6.0,14357.0,16.0,7.607,Ian Somerhalder,ACTOR,39
Messiah,SHOW,2020,45,drama,US,7.6,44294.0,15.352,7.333,Mehdi Dehbi,ACTOR,39
Astronomy Club: The Sketch Show,SHOW,2019,20,comedy,US,7.0,634.0,2.724,7.0,Unknown,Unknown,16
To the Lake,SHOW,2019,51,drama,RU,7.2,13752.0,36.473,7.518,Kirill Käro,ACTOR,-1
Sebastian Maniscalco: Stay Hungry,MOVIE,2019,65,comedy,US,7.1,1452.0,3.371,6.4,Sebastian Maniscalco,ACTOR,4
The Naked Director,SHOW,2019,50,drama,JP,7.7,6475.0,39.501,7.475,Takayuki Yamada,ACTOR,57
Curon,SHOW,2020,47,drama,IT,6.540941965073206,21150.29081903414,15.117,6.953,Margherita Morchio,ACTOR,144
Flower Crew: Joseon Marriage Agency,SHOW,2019,67,drama,KR,6.540941965073206,21150.29081903414,11.091,6.9,Kim Min-jae,ACTOR,90
A Cinderella Story: Christmas Wish,MOVIE,2019,85,comedy,CA,5.3,21150.29081903414,16.624,6.4,Laura Marano,ACTOR,74
Diagnosis,SHOW,2019,27,documentation,US,7.5,12.0,2.965,7.9,Lisa Sanders,ACTOR,0
The Devil Next Door,SHOW,2019,46,documentation,US,7.5,14087.0,6.581,7.257,John Demjanjuk,ACTOR,0
Still Laugh-In: The Stars Celebrate,MOVIE,2019,60,comedy,,5.2,628.0,2.104,5.3,Tiffany Haddish,ACTOR,139
The Mess You Leave Behind,SHOW,2020,45,thriller,ES,6.8,9725.0,15.656,6.945,Inma Cuesta,ACTOR,185
Somewhere Only We Know,SHOW,2019,58,drama,CN,7.2,189.0,6.095,6.8,Zhang Chao,ACTOR,125
The Chef Show,SHOW,2019,31,documentation,US,8.2,5327.0,10.574,7.8,Jon Favreau,ACTOR,0
Malibu Rescue,MOVIE,2019,69,comedy,US,5.0,1380.0,9.241,6.3,Ricardo Hurtado,ACTOR,4
MIU 404,SHOW,2020,47,drama,JP,7.1,485.0,7.493,8.0,Go Ayano,ACTOR,57
The 3rd Eye 2,MOVIE,2019,115,thriller,ID,5.4,646.0,6.902,5.7,Jessica Mila,ACTOR,128
Parchís: the Documentary,MOVIE,2019,106,documentation,ES,6.8,567.0,3.321,6.7,Constantino 'Tino' Fernández Fernández,ACTOR,137
I'm with the Band: Nasty Cherry,SHOW,2019,33,reality,US,6.540941965073206,21150.29081903414,5.735,6.962,Charli XCX,ACTOR,26
Secrets of the Saqqara Tomb,MOVIE,2020,113,documentation,EG,7.2,6696.0,12.277,7.4,Salima Ikram,ACTOR,-1
Kevin Hart's Guide to Black History,MOVIE,2019,63,comedy,US,5.6,1403.0,4.934,5.423,Kevin Hart,ACTOR,4
The Poison Rose,MOVIE,2019,108,thriller,US,4.7,10205.0,15.838,4.585,John Travolta,ACTOR,19
I Have A Script,SHOW,2019,45,drama,KW,6.540941965073206,21150.29081903414,1.27,10.0,Unknown,Unknown,202
I'm No Longer Here,MOVIE,2020,112,drama,MX,7.3,8559.0,14.606,7.8,Juan Daniel Garcia Treviño,ACTOR,70
What the F* Is Going On?,MOVIE,2019,86,documentation,ES,7.5,181.0,2.445,6.2,Irene Montero,ACTOR,137
Lost Girls,MOVIE,2020,95,thriller,US,6.1,22832.0,12.61,6.1,Amy Ryan,ACTOR,19
The Silence of the Marsh,MOVIE,2019,92,thriller,ES,6.540941965073206,21150.29081903414,10.365,5.3,Pedro Alonso,ACTOR,177
The Man Without Gravity,MOVIE,2019,107,comedy,IT,5.8,2637.0,10.286,7.2,Elio Germano,ACTOR,182
"Kalel, 15",MOVIE,2019,104,drama,PH,7.3,318.0,2.402,8.2,Elijah Canlas,ACTOR,110
The Last Days of American Crime,MOVIE,2020,149,action,US,3.8,11883.0,10.801,6.6,Edgar Ramírez,ACTOR,17
Picture a Scientist,MOVIE,2020,97,documentation,US,6.540941965073206,21150.29081903414,4.442,7.0,Mahzarin Banaji,ACTOR,66
Ghosts of Sugar Land,MOVIE,2019,21,documentation,US,6.540941965073206,21150.29081903414,2.972,5.7,Kc Okoro,ACTOR,66
Levius,SHOW,2019,25,animation,JP,7.0,589.0,12.999,7.8,Saori Hayami,ACTOR,33
Scams,SHOW,2019,24,action,JP,6.4,409.0,4.355,6.8,Ron Mizuma,ACTOR,27
Drug Squad: Costa del Sol,SHOW,2019,64,action,ES,6.8,626.0,4.096,7.0,Sara Sálamo,ACTOR,-1
Marc Maron: End Times Fun,MOVIE,2020,71,comedy,US,6.8,2041.0,3.461,7.0,Marc Maron,ACTOR,4
Seth Meyers: Lobby Baby,MOVIE,2019,61,comedy,US,7.5,2717.0,5.593,7.044,Seth Meyers,ACTOR,4
Mrs. Serial Killer,MOVIE,2020,106,thriller,IN,4.1,18870.0,5.508,6.4,Jacqueline Fernandez,ACTOR,13
Oh! Baby,MOVIE,2019,161,fantasy,IN,6.540941965073206,21150.29081903414,7.812,6.7,Samantha Ruth Prabhu,ACTOR,11
An Easy Girl,MOVIE,2019,92,drama,FR,5.6,5593.0,14.905,5.5,Mina Farid,ACTOR,96
The Letter Reader,MOVIE,2019,30,drama,ZA,6.540941965073206,21150.29081903414,1.586,6.8,Andile Gumbi,ACTOR,132
All in My Family,MOVIE,2019,39,documentation,CN,6.540941965073206,21150.29081903414,3.86,6.2,Hao Wu,ACTOR,-1
Unstoppable,SHOW,2020,38,drama,MX,6.540941965073206,21150.29081903414,8.238,8.5,Coty Camacho,ACTOR,153
After Maria,MOVIE,2019,36,documentation,US,6.540941965073206,21150.29081903414,2.172,5.3,Glenda Martes,ACTOR,66
LEGO City Adventures,SHOW,2019,14,animation,US,6.7,228.0,11.726,7.25,Dana Dorian,DIRECTOR,32
Ready to Mingle,MOVIE,2019,97,comedy,MX,5.9,2446.0,7.233,6.8,Cassandra Ciangherotti,ACTOR,43
The Awakening of Motti Wolkenbruch,MOVIE,2019,94,comedy,CH,6.6,4596.0,12.435,5.795,Noémie Schmidt,ACTOR,-1
Summerland,MOVIE,2020,99,drama,GB,7.0,7860.0,9.409,7.579,Gemma Arterton,ACTOR,34
#Alive,MOVIE,2020,108,thriller,KR,6.3,42134.0,33.15,7.298,Yoo Ah-in,ACTOR,99
Atlantics,MOVIE,2019,106,fantasy,SN,6.7,9799.0,14.011,6.7,Mame Bineta Sane,ACTOR,-1
Criminal: Spain,SHOW,2019,40,drama,ES,6.540941965073206,21150.29081903414,6.74,6.6,Emma Suárez,ACTOR,133
Music Teacher,MOVIE,2019,101,romance,IN,6.2,709.0,2.886,6.9,Manav Kaul,ACTOR,9
7SEEDS,SHOW,2020,24,scifi,JP,6.3,1561.0,36.368,8.1,Nao Toyama,ACTOR,28
La Révolution,SHOW,2020,46,drama,FR,6.6,5887.0,8.696,6.869,Amir el Kacem,ACTOR,145
Blood Will Tell,MOVIE,2019,113,thriller,AR,6.1,867.0,2.624,5.9,Oscar Martínez,ACTOR,200
The Fisherman's Diary,MOVIE,2020,142,drama,CM,6.4,679.0,5.029,7.25,Faith Fidel,ACTOR,-1
MOTHER,MOVIE,2020,127,drama,JP,6.540941965073206,21150.29081903414,5.886,6.8,Masami Nagasawa,ACTOR,35
Wanda Sykes: Not Normal,MOVIE,2019,60,comedy,US,7.3,1923.0,3.547,6.9,Wanda Sykes,ACTOR,4
The Fabulous Lives of Bollywood Wives,SHOW,2020,37,reality,IN,4.3,10206.0,5.533,4.5,Neelam Kothari,ACTOR,-1
Revenge of the Pontianak,MOVIE,2019,92,horror,MY,5.3,292.0,4.253,5.188,Nur Fazura,ACTOR,-1
It's Okay to Not Be Okay,SHOW,2020,76,drama,KR,8.6,26432.0,46.241,8.612,Kim Soo-hyun,ACTOR,90
Osmosis,SHOW,2019,42,scifi,FR,5.8,3178.0,11.867,5.744,Hugo Becker,ACTOR,-1
Murder to Mercy - The Cyntoia Brown Story,MOVIE,2020,97,documentation,US,6.4,2894.0,9.893,7.1,Cyntoia D. Brown,ACTOR,66
Jack Whitehall: I'm Only Joking,MOVIE,2020,58,comedy,GB,6.6,1655.0,3.596,6.167,Jack Whitehall,ACTOR,6
Making The Witcher,MOVIE,2020,32,documentation,GB,6.8,481.0,27.689,7.3,Sophia Brown,ACTOR,73
DC Super Hero Girls,SHOW,2019,10,animation,US,7.2,1442.0,23.818,8.2,Grey DeLisle,ACTOR,32
Go!,MOVIE,2020,110,family,AU,5.9,3207.0,9.459,6.623,Richard Roxburgh,ACTOR,-1
Criminal: France,SHOW,2019,40,thriller,FR,6.540941965073206,21150.29081903414,9.002,6.842,Margot Bancilhon,ACTOR,-1
Asphalt Burning,MOVIE,2020,100,comedy,DE,5.1,2501.0,14.117,5.4,Anders Baasmo Christiansen,ACTOR,45
The Scary House,MOVIE,2020,100,thriller,DE,5.4,4143.0,12.16,5.615,Leon Orlandianyi,ACTOR,62
The Baby-Sitters Club,SHOW,2020,27,comedy,US,7.5,4288.0,17.828,8.016,Malia Baker,ACTOR,16
Money Trap,MOVIE,2019,121,comedy,TR,6.0,15103.0,7.069,5.697,Yılmaz Erdoğan,ACTOR,52
Michelle Wolf: Joke Show,MOVIE,2019,59,comedy,US,7.2,1707.0,4.257,6.788,Michelle Wolf,ACTOR,4
Uncorked,MOVIE,2020,104,drama,US,6.4,6362.0,8.177,6.1,Mamoudou Athie,ACTOR,1
We Can Be Heroes,MOVIE,2020,97,fantasy,US,4.7,15586.0,33.896,6.148,YaYa Gosselin,ACTOR,18
Gabriel Iglesias: One Show Fits All,MOVIE,2019,90,comedy,US,7.3,1987.0,4.98,6.8,Gabriel Iglesias,ACTOR,4
Shawn Mendes: In Wonder,MOVIE,2020,83,music,US,6.5,2127.0,9.453,8.2,Shawn Mendes,ACTOR,94
Miss India,MOVIE,2020,136,drama,IN,6.540941965073206,21150.29081903414,3.482,4.2,Keerthy Suresh,ACTOR,8
After We Collided,MOVIE,2020,105,drama,US,5.0,33563.0,124.481,7.221,Josephine Langford,ACTOR,1
Masaba Masaba,SHOW,2020,34,drama,IN,6.7,2221.0,7.346,5.8,Masaba Gupta,ACTOR,140
Unbreakable Kimmy Schmidt: Kimmy vs. the Reverend,MOVIE,2020,80,comedy,US,6.9,5607.0,9.889,6.4,Ellie Kemper,ACTOR,4
The Search,SHOW,2020,41,drama,MX,6.540941965073206,21150.29081903414,13.84,7.197,Regina Blandón,ACTOR,153
Carmel: Who Killed Maria Marta?,SHOW,2020,58,crime,AR,7.0,2599.0,13.191,7.5,María Marta García Belsunce,ACTOR,-1
The Decline,MOVIE,2020,83,thriller,CA,6.0,9222.0,10.945,6.2,Réal Bossé,ACTOR,160
The Crystal Calls - Making The Dark Crystal: Age of Resistance,MOVIE,2019,82,documentation,US,7.5,560.0,9.216,7.4,Taron Egerton,ACTOR,66
37 Seconds,MOVIE,2020,115,drama,JP,7.4,2894.0,7.025,7.3,Mei Kayama,ACTOR,35
The Day I Lost My Shadow,MOVIE,2019,94,drama,LB,6.2,285.0,2.579,5.2,K. Rajagopal,DIRECTOR,21
The Lockdown Plan,MOVIE,2020,49,drama,,6.5,21150.29081903414,19.267195915153582,6.633193712829227,Unknown,Unknown,38
Choked: Paisa Bolta Hai,MOVIE,2020,114,crime,IN,5.7,5593.0,6.121,6.3,Saiyami Kher,ACTOR,12
Lego Jurassic World: Legend of Isla Nublar,SHOW,2019,22,family,US,6.8,332.0,10.799,7.2,Britt McKillip,ACTOR,37
SAINT SEIYA: Knights of the Zodiac,SHOW,2019,24,action,US,4.6,1981.0,59.546,7.399,Bryson Baugus,ACTOR,30
The Spooky Tale of Captain Underpants Hack-a-Ween,MOVIE,2019,45,action,US,5.9,243.0,5.051,6.2,Nat Faxon,ACTOR,17
The Sky Is Pink,MOVIE,2019,143,drama,IN,7.6,9033.0,4.498,7.807,Priyanka Chopra Jonas,ACTOR,8
The Hater,MOVIE,2020,135,drama,PL,6.540941965073206,21150.29081903414,10.451,6.903,Maciej Musiałowski,ACTOR,184
American Pie Presents: Girls' Rules,MOVIE,2020,95,comedy,US,6.540941965073206,21150.29081903414,46.663,6.3,Madison Pettis,ACTOR,4
Cocomelon,SHOW,2020,9,family,GB,4.6,732.0,6.257,7.3,Kristen Princiotta,ACTOR,-1
Mighty Little Bheem,SHOW,2019,6,animation,US,6.6,276.0,11.674,7.9,Unknown,Unknown,32
The School Nurse Files,SHOW,2020,51,scifi,KR,6.4,1337.0,11.422,7.75,Jung Yu-mi,ACTOR,147
Catch! Teenieping,SHOW,2020,12,drama,KR,6.540941965073206,21150.29081903414,19.51,2.0,장성,DIRECTOR,90
Violet Evergarden: The Movie,MOVIE,2020,140,fantasy,JP,8.3,7743.0,48.028,8.3,Yui Ishikawa,ACTOR,92
Walk. Ride. Rodeo.,MOVIE,2019,99,drama,US,6.4,2556.0,12.409,7.1,Spencer Locke,ACTOR,1
Christmas Crossfire,MOVIE,2020,106,thriller,DE,4.8,1484.0,8.035,4.5,Kostja Ullmann,ACTOR,62
Cooked With Cannabis,SHOW,2020,37,reality,US,6.6,403.0,2.803,4.7,Leather Storrs,ACTOR,26
Babies,SHOW,2020,51,documentation,US,6.540941965073206,21150.29081903414,4.761,7.2,Pascal Wallisch,ACTOR,0
Transformers: War for Cybertron: Siege,SHOW,2020,19,scifi,US,6.540941965073206,21150.29081903414,29.95,7.6,Jason Marnocha,ACTOR,36
Ben Platt: Live from Radio City Music Hall,MOVIE,2020,85,music,US,6.540941965073206,21150.29081903414,5.804,8.1,Ben Platt,ACTOR,94
Brother,MOVIE,2019,96,drama,FR,6.7,1198.0,5.391,6.545,MHD,ACTOR,96
Was It Love?,SHOW,2020,66,drama,KR,7.1,971.0,11.917,7.8,Song Ji-hyo,ACTOR,90
I Lost My Body,MOVIE,2019,81,drama,FR,7.5,34223.0,11.216,7.513,Hakim Faris,ACTOR,96
Flavorful Origins,SHOW,2019,12,documentation,CN,7.7,676.0,3.845,8.3,Yang Chen,ACTOR,-1
Let's Dance,MOVIE,2019,109,comedy,BE,5.9,1524.0,9.577,6.497,Rayane Bensetti,ACTOR,-1
Sing On! Germany,SHOW,2020,38,reality,DE,5.7,146.0,2.526,7.6,Palina Rojinski,ACTOR,-1
The Edge of Democracy,MOVIE,2019,113,documentation,BR,7.3,15264.0,6.951,7.7,Dilma Rousseff,ACTOR,131
BREAK IT ALL: The History of Rock in Latin America,SHOW,2020,50,documentation,AR,7.6,1294.0,10.59,7.6,Gustavo Santaolalla,ACTOR,-1
Seriously Single,MOVIE,2020,107,comedy,ZA,4.5,1303.0,7.001,7.008,Fulu Mugovhani,ACTOR,102
Oh My Baby,SHOW,2020,68,drama,KR,7.1,292.0,6.286,7.0,Jang Na-ra,ACTOR,90
3 Logical Exits,MOVIE,2020,15,documentation,LB,7.2,21150.29081903414,1.506,2.0,Reda Al-Saleh,ACTOR,-1
Abducted in Plain Sight,MOVIE,2019,91,documentation,US,6.8,18165.0,11.797,6.5,Jan Broberg,ACTOR,66
All Together Now,MOVIE,2020,92,drama,US,6.5,4686.0,9.014,6.8,Auli'i Cravalho,ACTOR,1
Mosul,MOVIE,2019,102,drama,US,6.540941965073206,21150.29081903414,8.978,6.707,Suhail Dabbach,ACTOR,1
Simon Amstell: Set Free,MOVIE,2019,51,comedy,GB,6.5,859.0,2.506,5.8,Simon Amstell,ACTOR,6
Monzón: A Knockout Blow,SHOW,2019,45,crime,AR,7.9,786.0,5.673,8.286,Nacho Gadano,ACTOR,-1
Jeff Dunham: Beside Himself,MOVIE,2019,58,comedy,US,6.9,1183.0,3.414,7.371,Jeff Dunham,ACTOR,4
Jack Whitehall: Christmas with my Father,MOVIE,2019,64,comedy,GB,6.0,1027.0,3.392,5.9,Jack Whitehall,ACTOR,6
The Least Expected Day: Inside the Movistar Team 2019,SHOW,2020,32,documentation,ES,7.4,827.0,2.253,6.5,Nairo Alexander Quintana,ACTOR,196
El Dragón: Return of a Warrior,SHOW,2019,45,action,US,6.9,1952.0,45.486,7.4,Sebastián Rulli,ACTOR,30
Japan Sinks: 2020,SHOW,2020,26,scifi,JP,6.4,3215.0,10.373,7.3,Taichi Takeda,ACTOR,28
Piercing,MOVIE,2019,82,horror,FR,5.5,8056.0,8.221,5.8,Christopher Abbott,ACTOR,64
Taj Mahal 1989,SHOW,2020,34,drama,IN,7.5,1616.0,3.411,6.6,Neeraj Kabi,ACTOR,140
PNL - Dans la légende tour,MOVIE,2020,18,documentation,FR,6.540941965073206,21150.29081903414,2.549,6.3,Unknown,Unknown,53
Nadiya's Time to Eat,SHOW,2019,29,reality,GB,6.540941965073206,21150.29081903414,2.059,10.0,Nadiya Hussain,ACTOR,55
Just Another Christmas,MOVIE,2020,101,drama,BR,6.7,4967.0,11.746,7.4,Leandro Hassum,ACTOR,119
Magical Andes,SHOW,2019,34,documentation,DE,7.7,590.0,3.966,8.8,Unknown,Unknown,150
The Great Hack,MOVIE,2019,114,documentation,US,7.0,23872.0,11.548,6.9,Brittany Kaiser,ACTOR,66
The Letter for the King,SHOW,2020,47,family,GB,6.0,7884.0,10.029,7.041,Amir Wilson,ACTOR,-1
Pets United,MOVIE,2019,89,animation,GB,3.7,2922.0,26.653,5.9,Natalie Dormer,ACTOR,207
Nailed It! Germany,SHOW,2020,35,reality,DE,5.9,109.0,1.9,7.3,Unknown,Unknown,-1
Dead Kids,MOVIE,2019,94,thriller,PH,5.4,607.0,4.867,5.9,Kelvin Miranda,ACTOR,-1
The Minions of Midas,SHOW,2020,53,thriller,ES,6.6,4385.0,13.96,6.867,Luis Tosar,ACTOR,185
Bennett's War,MOVIE,2019,94,drama,US,6.0,959.0,4.477,7.1,Michael Roark,ACTOR,1
The Crowned Clown,SHOW,2019,75,action,KR,8.0,1156.0,10.576,8.3,Yeo Jin-goo,ACTOR,158
The Alcàsser Murders,SHOW,2019,61,documentation,ES,7.1,2127.0,7.898,7.083,Unknown,Unknown,196
Polar,MOVIE,2019,118,drama,DE,6.3,92770.0,21.652,6.253,Mads Mikkelsen,ACTOR,47
Yeh Ballet,MOVIE,2020,117,drama,IN,7.5,1404.0,6.68,7.5,Achintya Bose,ACTOR,8
Heaven Official's Blessing,SHOW,2020,24,scifi,US,8.3,1807.0,15.342,8.093,Zhengyang Ma,ACTOR,36
A Love Song for Latasha,MOVIE,2019,18,documentation,US,6.540941965073206,21150.29081903414,4.688,7.1,Brittany Hudson,ACTOR,66
Coming from Insanity,MOVIE,2019,100,drama,NG,5.1,131.0,19.267195915153582,6.633193712829227,Unknown,Unknown,80
Hyena,SHOW,2020,59,drama,KR,7.7,920.0,9.2,7.85,Kim Hye-soo,ACTOR,90
Carmen Sandiego,SHOW,2019,24,action,US,7.9,6171.0,25.759,7.828,Gina Rodriguez,ACTOR,30
Country Ever After,SHOW,2020,24,reality,US,6.9,180.0,2.663,9.7,Coffey Anderson,ACTOR,26
Home2Home,MOVIE,2020,110,documentation,DE,7.7,254.0,1.708,6.2,Dennis Kailing,ACTOR,10
Liss Pereira: Reteniendo Liquidos,MOVIE,2019,59,comedy,BR,6.2,113.0,1.705,6.1,Liss Pereira,ACTOR,187
Living in Bondage: Breaking Free,MOVIE,2019,140,fantasy,NG,5.0,145.0,3.837,4.0,Ramsey Nouah,ACTOR,-1
Xico's Journey,MOVIE,2020,85,family,MX,5.1,586.0,30.444,6.6,Pablo Gama Iturrarán,ACTOR,-1
The Beast,MOVIE,2020,90,crime,IT,5.2,4514.0,6.767,6.2,Fabrizio Gifuni,ACTOR,-1
Arsenio Hall: Smart and Classy,MOVIE,2019,63,comedy,US,6.0,478.0,4.12,5.9,Arsenio Hall,ACTOR,4
A Christmas Prince: The Royal Baby,MOVIE,2019,84,romance,US,5.4,7305.0,12.626,6.4,Rose McIver,ACTOR,2
Tiffany Haddish: Black Mitzvah,MOVIE,2019,55,comedy,US,6.3,1003.0,2.66,6.1,Tiffany Haddish,ACTOR,4
The Iliza Shlesinger Sketch Show,SHOW,2020,19,comedy,US,5.0,965.0,1.896,6.0,Iliza Shlesinger,ACTOR,16
Eeb Allay Ooo!,MOVIE,2020,97,drama,IN,7.2,1684.0,1.858,7.6,Shardul Bhardwaj,ACTOR,8
Coded Bias,MOVIE,2020,86,documentation,CN,6.7,2529.0,4.496,7.3,Joy Buolamwini,ACTOR,-1
The Wind Blows,SHOW,2019,62,drama,KR,7.9,102.0,10.127,5.5,Kam Woo-sung,ACTOR,90
The Path of the Anaconda,MOVIE,2019,73,documentation,CO,6.7,299.0,3.007,6.1,Alessandro Angulo,DIRECTOR,-1
Almost Happy,SHOW,2020,27,comedy,AR,6.9,1017.0,5.324,7.0,Natalie Pérez,ACTOR,-1
Brené Brown: The Call to Courage,MOVIE,2019,76,documentation,US,7.7,1682.0,3.653,6.9,Brené Brown,ACTOR,66
Holiday on Mars,MOVIE,2020,93,comedy,IT,2.7,649.0,8.261,3.3,Christian De Sica,ACTOR,182
Funny Boy,MOVIE,2020,109,drama,CA,6.5,944.0,1.358,6.0,Brandon Ingram,ACTOR,58
The Perfection,MOVIE,2019,90,horror,US,6.2,45576.0,13.381,6.504,Allison Williams,ACTOR,31
Menendez: The Day of the Lord,MOVIE,2020,93,horror,ES,5.0,1083.0,3.97,5.8,Juli Fàbregas,ACTOR,183
It Takes a Lunatic,MOVIE,2019,126,documentation,GB,6.6,188.0,3.452,5.6,Wynn Handman,ACTOR,73
Audrey,MOVIE,2020,100,documentation,US,7.1,2189.0,8.782,7.2,Audrey Hepburn,ACTOR,66
J-Style Trip,SHOW,2020,64,reality,TW,5.1,122.0,2.625,7.5,Jay Chou,ACTOR,-1
Born Beautiful,MOVIE,2019,96,comedy,PH,5.4,129.0,2.709,5.7,Martin del Rosario,ACTOR,107
Cuties,MOVIE,2020,96,drama,FR,3.6,31183.0,7.349,5.2,Fathia Youssouf,ACTOR,96
Gunjan Saxena: The Kargil Girl,MOVIE,2020,112,drama,IN,5.5,35069.0,6.884,7.4,Pankaj Tripathi,ACTOR,8
The Underclass,SHOW,2020,55,drama,TH,6.7,70.0,6.583,5.5,Tarisa Preechatangkit,ACTOR,173
The Son,MOVIE,2019,92,thriller,AR,6.540941965073206,21150.29081903414,11.662,5.4,Joaquín Furriel,ACTOR,200
Road to Roma,MOVIE,2020,73,documentation,MX,7.7,697.0,2.971,8.0,Alfonso Cuarón,ACTOR,181
Single Slipper Size - 7,MOVIE,2019,120,drama,IN,8.4,3344.0,2.239,8.0,R. Parthiban,ACTOR,8
Pokemon the Movie: Mewtwo Strikes Back - Evolution,MOVIE,2019,98,animation,JP,5.7,5786.0,60.887,6.688,Rica Matsumoto,ACTOR,22
Legal High,SHOW,2019,65,comedy,KR,6.8,145.0,9.064,5.625,Jin Goo,ACTOR,72
The Unremarkable Juanquini,SHOW,2020,29,comedy,CO,4.3,192.0,12.052,7.0,Julián Cerati,ACTOR,-1
Voices of Fire,SHOW,2020,37,music,US,6.9,405.0,2.358,7.143,Ezekiel Williams,ACTOR,-1
The (Silent) War,MOVIE,2019,123,thriller,ES,5.5,723.0,6.388,5.9,Asier Etxeandia,ACTOR,177
Who Killed Little Gregory?,SHOW,2019,60,crime,FR,7.4,3101.0,3.532,7.3,Gilles Marchand,DIRECTOR,-1
High Flying Bird,MOVIE,2019,90,drama,US,6.2,8906.0,8.132,5.8,André Holland,ACTOR,1
Styling Hollywood,SHOW,2019,36,reality,US,6.6,377.0,2.226,10.0,Unknown,Unknown,26
Jiu Jitsu,MOVIE,2020,102,action,US,2.9,9248.0,43.326,4.931,Nicolas Cage,ACTOR,17
Korean Pork Belly Rhapsody,SHOW,2020,48,documentation,KR,7.7,81.0,3.562,8.3,Baek Jong-won,ACTOR,-1
Sergio,MOVIE,2020,94,documentation,US,7.4,913.0,3.37,7.7,Sérgio Vieira de Mello,ACTOR,66
Hasmukh,SHOW,2020,33,crime,IN,5.3,2742.0,3.134,5.6,Neeraj Pandey,ACTOR,198
The Victims' Game,SHOW,2020,59,drama,TW,7.3,1557.0,6.443,7.292,Joseph Chang,ACTOR,69
Last One Standing,SHOW,2019,36,scifi,,6.7,23.0,19.267195915153582,6.633193712829227,Unknown,Unknown,-1
Queer Eye: We're in Japan!,SHOW,2019,50,reality,US,8.2,2692.0,3.486,6.941,Karamo Brown,ACTOR,26
Out of My League,MOVIE,2020,91,romance,IT,6.1,2991.0,12.084,7.0,Ludovica Francesconi,ACTOR,208
The Ruthless,MOVIE,2019,90,drama,IT,6.2,6572.0,9.978,6.2,Riccardo Scamarcio,ACTOR,51
Chris D'Elia: No Pain,MOVIE,2020,55,comedy,US,5.9,1845.0,2.664,6.614,Chris D'Elia,ACTOR,4
Taylor Tomlinson: Quarter-Life Crisis,MOVIE,2020,61,comedy,US,7.4,4367.0,6.533,7.247,Taylor Tomlinson,ACTOR,4
K. D.,MOVIE,2019,119,drama,IN,8.4,1872.0,1.427,7.6,Mu Ramaswamy,ACTOR,8
The Knight Before Christmas,MOVIE,2019,92,comedy,US,5.6,19098.0,14.68,6.469,Vanessa Hudgens,ACTOR,4
Go! Live Your Way,SHOW,2019,40,drama,AR,6.8,720.0,13.399,9.1,Pilar Pascual,ACTOR,42
George Lopez: We'll Do It for Half,MOVIE,2020,51,comedy,US,5.7,469.0,2.461,5.2,George Lopez,ACTOR,4
Despite Everything,MOVIE,2019,78,comedy,ES,5.4,5213.0,8.957,6.016,Blanca Suárez,ACTOR,164
Rima,MOVIE,2020,90,drama,EG,4.7,86.0,1.488,6.633193712829227,Mohamed Adel,ACTOR,7
Twogether,SHOW,2020,58,reality,KR,8.4,522.0,5.852,6.633193712829227,Lee Seung-gi,ACTOR,204
Narcoworld: Dope Stories,SHOW,2019,40,documentation,US,6.5,345.0,4.511,8.4,Unknown,Unknown,0
Legend of Exorcism,SHOW,2020,21,drama,CN,7.1,136.0,15.345,7.0,Jinwen Chen,ACTOR,125
Citation,MOVIE,2020,151,drama,NG,6.1,1003.0,4.236,7.5,Jimmy Jean-Louis,ACTOR,80
Kardec,MOVIE,2019,110,history,BR,6.1,1623.0,10.575,6.684,Leonardo Medeiros,ACTOR,-1
Tom Segura: Ball Hog,MOVIE,2020,70,comedy,US,7.3,3204.0,4.9,6.9,Tom Segura,ACTOR,4
Disconnect,MOVIE,2020,107,comedy,KE,5.1,145.0,2.083,2.0,Brenda Wairimu,ACTOR,-1
The Circle France,SHOW,2020,47,reality,FR,7.4,765.0,1.465,6.6,Unknown,Unknown,201
The Trial,SHOW,2019,50,crime,IT,7.2,3484.0,5.451,7.0,Vittoria Puccini,ACTOR,-1
Search: WWW,SHOW,2019,63,drama,KR,7.8,1651.0,18.165,8.247,Lim Soo-jung,ACTOR,90
The Three Deaths of Marisela Escobedo,MOVIE,2020,109,crime,MX,8.1,1811.0,13.81,8.92,Juan Manuel Fraire Escobedo,ACTOR,-1
Mohamed Ali Road - Duplicated,SHOW,2020,0,drama,,6.540941965073206,21150.29081903414,0.6,6.633193712829227,Unknown,Unknown,141
The Netflix Afterparty: The Best Shows of The Worst Year,MOVIE,2020,59,documentation,US,6.540941965073206,21150.29081903414,2.578,6.125,David Spade,ACTOR,66
The Wedding Year,MOVIE,2019,90,comedy,US,5.6,3070.0,8.262,6.1,Sarah Hyland,ACTOR,4
La Línea: Shadow of Narco,SHOW,2020,30,crime,ES,6.4,427.0,7.144,6.684,Juan Franco,ACTOR,170
The Match,MOVIE,2020,96,drama,IT,6.540941965073206,21150.29081903414,6.712,5.768,Francesco Pannofino,ACTOR,51
GIMS: On the Record,MOVIE,2020,96,music,FR,6.9,218.0,4.342,7.3,Gims,ACTOR,-1
The Family,SHOW,2019,25,documentation,US,6.4,3491.0,11.903,6.775,James Cromwell,ACTOR,0
My Dear Warrior,SHOW,2019,43,drama,TH,5.2,25.0,2.148,9.3,Pimchanok Luevisadpaibul,ACTOR,173
The Fable,MOVIE,2019,123,comedy,JP,6.5,2307.0,8.63,6.5,Junichi Okada,ACTOR,93
Southern Survival,SHOW,2020,30,reality,US,5.3,481.0,1.746,6.75,Brandon Currin,ACTOR,26
The Great Heist,SHOW,2020,44,crime,CO,7.3,2706.0,14.595,7.302,Andrés Parra,ACTOR,-1
Nikki Glaser: Bangin',MOVIE,2019,63,comedy,US,6.1,1779.0,3.47,6.7,Nikki Glaser,ACTOR,4
Skin Decision: Before and After,SHOW,2020,40,reality,US,5.9,430.0,2.816,6.0,Unknown,Unknown,26
Brotherhood,SHOW,2019,50,drama,BR,7.5,1583.0,9.535,8.431,Naruna Costa,ACTOR,151
Park Na-rae: Glamour Warning,MOVIE,2019,62,comedy,KR,6.540941965073206,21150.29081903414,2.222,5.8,Park Na-rae,ACTOR,95
Archibald's Next Big Thing,SHOW,2019,23,comedy,US,7.7,296.0,6.84,6.75,Tony Hale,ACTOR,16
Nyara: The Kidnapping,MOVIE,2020,75,action,TZ,7.3,13.0,1.283,2.0,Bertha Abdallah,ACTOR,-1
Grand Army,SHOW,2020,52,drama,US,7.5,7856.0,13.085,7.895,Odessa A'zion,ACTOR,39
Life Overtakes Me,MOVIE,2019,39,documentation,US,5.0,45.0,8.543,6.363,Henry Ascher,ACTOR,66
The Idhun Chronicles,SHOW,2020,27,scifi,ES,5.4,610.0,8.035,7.28,Itzan Escamilla,ACTOR,209
Patria,MOVIE,2019,89,history,MX,7.2,129.0,1.747,6.7,Paco Ignacio Taibo II,ACTOR,-1
Wu Assassins,SHOW,2019,44,crime,US,6.4,13569.0,18.018,7.03,Iko Uwais,ACTOR,135
Fortune Feimster: Sweet & Salty,MOVIE,2020,61,comedy,US,6.9,1118.0,4.131,6.5,Linh Duong,DIRECTOR,4
"ariana grande: excuse me, i love you",MOVIE,2020,97,music,US,6.3,2743.0,16.198,8.278,Ariana Grande,ACTOR,94
Tunnel,SHOW,2019,62,thriller,TH,6.540941965073206,21150.29081903414,3.753,4.5,Morakot Liu,ACTOR,-1
Prank Encounters,SHOW,2019,23,comedy,US,5.3,2915.0,10.932,7.259,Gaten Matarazzo,ACTOR,16
So My Grandma's a Lesbian!,MOVIE,2020,94,comedy,PT,4.3,1122.0,10.352,5.4,Rosa María Sardà,ACTOR,-1
Extracurricular,SHOW,2020,55,crime,KR,6.540941965073206,21150.29081903414,17.913,8.233,Kim Dong-hee,ACTOR,186
Fire in Paradise,MOVIE,2019,39,documentation,US,6.540941965073206,21150.29081903414,4.415,6.6,Zackary Canepari,DIRECTOR,66
The Main Event,MOVIE,2020,102,family,US,4.8,2463.0,15.328,6.8,Seth Carr,ACTOR,136
Isi & Ossi,MOVIE,2020,113,comedy,DE,6.4,8893.0,12.782,6.95,Lisa Vicari,ACTOR,45
Ala Vaikunthapurramuloo,MOVIE,2020,165,comedy,IN,7.3,20779.0,8.819,6.9,Allu Arjun,ACTOR,24
Ultras,MOVIE,2020,109,drama,IT,6.2,5101.0,8.541,6.159,Aniello Arena,ACTOR,51
Santana,MOVIE,2020,106,action,AO,3.9,1018.0,8.397,5.6,Paulo Americano,ACTOR,-1
Cricket Fever: Mumbai Indians,SHOW,2019,38,documentation,IN,7.3,732.0,1.656,6.7,Unknown,Unknown,179
The Show Must Go On: The Queen + Adam Lambert Story,MOVIE,2019,81,documentation,US,7.8,2168.0,6.144,7.6,Adam Lambert,ACTOR,66
Panipat,MOVIE,2019,171,romance,IN,5.2,5854.0,5.957,6.442,Arjun Kapoor,ACTOR,9
Tune in for Love,MOVIE,2019,122,drama,KR,7.1,4797.0,20.463,7.898,Kim Go-eun,ACTOR,117
Darwin's Game,SHOW,2020,24,action,JP,7.2,2830.0,19.951,7.9,Yusuke Kobayashi,ACTOR,27
See You Yesterday,MOVIE,2019,86,scifi,US,5.2,11131.0,13.461,5.6,Eden Duncan-Smith,ACTOR,29
Love Like the Falling Rain,MOVIE,2020,86,drama,ID,4.7,211.0,2.212,6.1,Jefri Nichol,ACTOR,120
Trouble,MOVIE,2019,87,comedy,CA,5.8,3579.0,22.97,6.7,Big Sean,ACTOR,74
The Boys in the Band: Something Personal,MOVIE,2020,28,documentation,US,7.2,387.0,5.153,8.0,Mart Crowley,ACTOR,66
SanPa: Sins of the Savior,SHOW,2020,60,documentation,IT,7.8,1624.0,3.954,7.333,Vincenzo Andreucci,ACTOR,-1
"Hoshino Gen Dome Tour ""POP VIRUS"" at Tokyo Dome",MOVIE,2019,120,documentation,JP,6.540941965073206,21150.29081903414,3.067,7.8,Gen Hoshino,ACTOR,-1
Rogue Warfare: Death of a Nation,MOVIE,2020,103,action,US,3.3,402.0,4.472,4.7,Stephen Lang,ACTOR,17
Holiday Secrets,SHOW,2019,38,drama,DE,6.5,1234.0,4.416,6.3,Corinna Harfouch,ACTOR,169
The Highwaymen,MOVIE,2019,133,crime,US,6.9,94415.0,17.009,6.742,Kevin Costner,ACTOR,3
Best Leftovers Ever!,SHOW,2020,36,reality,US,5.7,587.0,2.744,6.2,Jackie Tohn,ACTOR,26
Soa,MOVIE,2020,71,drama,PT,6.2,8.0,2.453,6.633193712829227,Raquel Castro,DIRECTOR,-1
Sanitation Day,MOVIE,2020,104,thriller,NG,3.2,19.0,2.351,2.0,Blossom Chukwujekwu,ACTOR,134
The Boys in the Band,MOVIE,2020,121,drama,US,6.8,16480.0,9.061,6.8,Jim Parsons,ACTOR,1
Tell Me When,MOVIE,2020,96,drama,MX,5.7,1088.0,5.097,6.4,Ximena Romo,ACTOR,70
Deon Cole: Cole Hearted,MOVIE,2019,69,comedy,US,6.9,957.0,3.187,6.5,Deon Cole,ACTOR,4
Sing On!,SHOW,2020,36,reality,US,6.5,446.0,2.404,7.9,Tituss Burgess,ACTOR,26
Raat Akeli Hai,MOVIE,2020,149,crime,IN,7.3,17570.0,9.826,6.8,Nawazuddin Siddiqui,ACTOR,12
Her Mother's Killer,SHOW,2020,44,drama,CO,6.540941965073206,21150.29081903414,9.82,7.48,George Slebi,ACTOR,49
Close,MOVIE,2019,94,thriller,GB,5.7,25634.0,21.124,5.8,Noomi Rapace,ACTOR,116
Bert Kreischer: Hey Big Boy,MOVIE,2020,62,comedy,US,7.0,2072.0,3.573,7.1,Bert Kreischer,ACTOR,4
All For Love,SHOW,2020,46,drama,CO,6.540941965073206,21150.29081903414,39.892,7.433,Carlos Torres,ACTOR,49
Badla,MOVIE,2019,120,thriller,IN,7.8,29011.0,6.81,7.4,Amitabh Bachchan,ACTOR,13
Uyare,MOVIE,2019,125,drama,IN,8.0,3770.0,4.519,7.5,Parvathy Thiruvothu,ACTOR,8
The Stranded,SHOW,2019,49,drama,TH,6.2,1372.0,11.533,6.9,Beam Papangkorn,ACTOR,173
Bypass Road,MOVIE,2019,137,thriller,IN,5.4,1058.0,2.409,5.3,Neil Nitin Mukesh,ACTOR,13
Triad Princess,SHOW,2019,42,drama,TW,6.7,809.0,3.952,7.1,Eugenie Liu,ACTOR,69
NiNoKuni,MOVIE,2019,106,action,JP,6.1,3621.0,16.264,6.6,Kento Yamazaki,ACTOR,81
Guillermo Vilas: Settling the Score,MOVIE,2020,94,documentation,AR,7.1,690.0,1.524,7.4,Matías Gueilburt,DIRECTOR,188
What are the Odds?,MOVIE,2020,92,drama,IN,5.2,858.0,1.097,6.0,Sonia Weber,ACTOR,8
Trash Truck,SHOW,2020,14,drama,US,6.540941965073206,21150.29081903414,5.341,7.2,Henry Keane,ACTOR,39
A Family Reunion Christmas,MOVIE,2019,29,comedy,US,5.8,257.0,5.111,6.1,Tia Mowry-Hardrict,ACTOR,4
The Wolf's Call,MOVIE,2019,115,thriller,FR,6.9,19033.0,22.133,7.6,François Civil,ACTOR,178
Quicksand,SHOW,2019,46,crime,SE,7.4,23001.0,10.304,7.109,Hanna Ardéhn,ACTOR,-1
Holiday Rush,MOVIE,2019,93,drama,US,4.9,2969.0,10.073,5.6,Sonequa Martin-Green,ACTOR,1
Ronny Chieng: Asian Comedian Destroys America!,MOVIE,2019,63,comedy,US,7.4,3436.0,5.611,6.972,Ronny Chieng,ACTOR,4
This Changes Everything,MOVIE,2019,97,documentation,US,7.7,1770.0,4.743,6.1,Rashida Jones,ACTOR,66
Toni Morrison: The Pieces I Am,MOVIE,2019,119,documentation,US,7.7,832.0,4.052,7.9,Toni Morrison,ACTOR,66
Leslie Jones: Time Machine,MOVIE,2020,66,comedy,,6.540941965073206,21150.29081903414,3.184,5.9,Leslie Jones,ACTOR,139
Kengan Ashura,SHOW,2019,25,animation,JP,8.0,5411.0,72.155,8.343,Tatsuhisa Suzuki,ACTOR,33
Fatima,MOVIE,2020,113,drama,US,6.6,3575.0,9.555,7.446,Harvey Keitel,ACTOR,1
Hazel Brugger: Tropical,MOVIE,2020,59,comedy,DE,6.3,434.0,1.224,5.2,Hazel Brugger,ACTOR,45
Jimmy Carr: The Best of Ultimate Gold Greatest Hits,MOVIE,2019,58,comedy,US,7.3,2451.0,4.377,6.9,Jimmy Carr,ACTOR,4
LA Originals,MOVIE,2020,92,documentation,US,7.2,1892.0,4.254,7.1,Estevan Oriol,ACTOR,66
Dragon Quest: Your Story,MOVIE,2019,102,comedy,JP,6.5,2964.0,15.648,6.721,Takeru Satoh,ACTOR,93
Power Rangers Beast Morphers,SHOW,2019,23,scifi,ES,6.7,664.0,1.802,9.7,Unknown,Unknown,209
Pinky Malinky,SHOW,2019,13,comedy,US,5.7,1134.0,8.377,4.625,Unknown,Unknown,16
Bombairiya,MOVIE,2019,104,comedy,IN,4.6,444.0,2.821,7.25,Radhika Apte,ACTOR,24
Tell Me Who I Am,MOVIE,2019,85,drama,GB,7.6,15289.0,6.837,7.4,Alex Lewis,ACTOR,34
The Barrier,SHOW,2020,52,fantasy,ES,6.8,3706.0,25.477,7.0,Unax Ugalde,ACTOR,-1
LEGO Marvel Avengers: Climate Conundrum,SHOW,2020,4,action,US,6.6,112.0,4.699,5.0,James Blight,ACTOR,30
Malaal,MOVIE,2019,136,action,IN,5.9,1144.0,2.812,5.2,Meezaan Jafri,ACTOR,14
Glitch Techs,SHOW,2020,26,scifi,US,6.540941965073206,21150.29081903414,12.391,8.263,Rachael Russakoff,ACTOR,36
Futmalls.com,SHOW,2020,40,scifi,TW,6.5,197.0,2.07,8.5,Bryan Shu-Hao Chang,ACTOR,-1
Michael McIntyre: Showman,MOVIE,2020,62,comedy,GB,7.2,1348.0,2.04,7.6,Michael McIntyre,ACTOR,6
Frontera Verde,SHOW,2019,41,crime,CO,7.3,2684.0,8.642,6.715,Juana del Río,ACTOR,-1
True: Tricky Treat Day,MOVIE,2019,23,animation,,6.540941965073206,21150.29081903414,1.353,4.5,Michela Luci,ACTOR,111
Funan,MOVIE,2019,84,animation,LU,6.9,1017.0,6.428,7.0,Bérénice Bejo,ACTOR,-1
Dino Girl Gauko,SHOW,2019,9,fantasy,US,7.4,85.0,5.951,7.2,Unknown,Unknown,191
My Unfamiliar Family,SHOW,2020,73,drama,KR,7.6,196.0,4.978,7.9,Han Yeri,ACTOR,90
Furtive,MOVIE,2020,84,thriller,AR,5.1,347.0,2.672,6.625,Rodrigo de la Serna,ACTOR,200
Chambers,SHOW,2019,44,thriller,US,6.4,8843.0,10.473,6.8,Sivan Alyra Rose,ACTOR,54
Between Two Ferns: The Movie,MOVIE,2019,82,comedy,US,6.1,34108.0,10.03,5.957,Zach Galifianakis,ACTOR,4
15 August,MOVIE,2019,124,romance,IN,5.9,289.0,1.472,7.25,Rahul Pethe,ACTOR,9
#AnneFrank. Parallel Stories,MOVIE,2019,92,drama,IT,6.5,1625.0,8.866,7.068,Helen Mirren,ACTOR,51
The Magic School Bus Rides Again: Kids in Space,MOVIE,2020,45,animation,CA,6.2,89.0,5.12,7.4,Kate McKinnon,ACTOR,175
Pup Academy,SHOW,2019,27,family,US,6.7,573.0,20.463,7.033,Christian Convery,ACTOR,37
Eli,MOVIE,2019,98,horror,US,5.8,37659.0,14.026,6.005,Charlie Shotwell,ACTOR,31
Voiceless,MOVIE,2020,120,thriller,NG,7.2,40.0,1.511,2.0,Madaki Asabe,ACTOR,134
Anima,MOVIE,2019,15,music,FR,6.540941965073206,21150.29081903414,7.426,7.3,Thom Yorke,ACTOR,-1
Simon Calls,MOVIE,2020,84,drama,PT,6.540941965073206,21150.29081903414,0.991,4.0,Simon Langlois,ACTOR,-1
Dry Martina,MOVIE,2019,95,drama,AR,5.8,1056.0,6.989,6.1,Antonella Costa,ACTOR,83
Azali,MOVIE,2020,92,drama,GH,5.7,213.0,4.891,5.2,Asana Alhassan,ACTOR,-1
Love for Sale 2,MOVIE,2019,92,drama,ID,7.0,576.0,4.407,7.1,Adipati Dolken,ACTOR,120
Urzila Carlson: Overqualified Loser,MOVIE,2020,62,comedy,AU,6.3,366.0,2.423,4.9,Urzila Carlson,ACTOR,88
Cook Off,MOVIE,2020,116,romance,ZW,6.0,378.0,2.148,5.8,Tendaiishe Chitima,ACTOR,-1
Sea,MOVIE,2019,103,drama,PT,5.3,59.0,1.897,2.0,Maria de Medeiros,ACTOR,-1
Hyperdrive,SHOW,2019,48,reality,US,6.540941965073206,21150.29081903414,10.513,7.4,Lindsay Czarniak,ACTOR,26
Alien TV,SHOW,2020,24,comedy,AU,6.3,334.0,10.334,6.6,Rob Tinkler,ACTOR,82
Dave Chappelle: Sticks & Stones,MOVIE,2019,65,comedy,US,8.3,26887.0,7.701,7.7,Dave Chappelle,ACTOR,4
Fast & Furious Spy Racers,SHOW,2019,26,action,US,5.9,1557.0,37.847,7.0,Tyler Posey,ACTOR,30
Typewriter,SHOW,2019,50,thriller,IN,6.5,4051.0,4.677,6.429,Mikhail Gandhi,ACTOR,-1
Brews Brothers,SHOW,2020,28,comedy,US,5.1,2019.0,4.643,5.0,Carmen Flood,ACTOR,16
Charlie's Colorforms City,SHOW,2019,23,animation,US,6.6,157.0,3.794,8.5,Jacob Soley,ACTOR,32
Malibu Rescue: The Next Wave,MOVIE,2020,70,comedy,US,4.8,902.0,14.241,6.4,Jackie R. Jacobson,ACTOR,4
Òlòtūré,MOVIE,2020,106,drama,NG,5.6,835.0,6.826,6.2,Ada Ameh,ACTOR,80
Nailed It! Mexico,SHOW,2019,33,reality,MX,6.3,324.0,6.192,7.0,Omar Chaparro,ACTOR,210
Vir Das: For India,MOVIE,2020,75,comedy,IN,7.7,1408.0,4.438,8.4,Vir Das,ACTOR,24
Dance Dreams: Hot Chocolate Nutcracker,MOVIE,2020,80,documentation,US,7.1,365.0,3.911,6.667,Debbie Allen,ACTOR,66
Made in China,MOVIE,2019,128,comedy,IN,6.2,4608.0,2.849,6.0,Rajkummar Rao,ACTOR,24
Mike Epps: Only One Mike,MOVIE,2019,63,comedy,US,4.8,317.0,2.71,6.6,Mike Epps,ACTOR,4
Tales of the City,SHOW,2019,56,drama,US,7.4,8443.0,10.146,7.5,Laura Linney,ACTOR,39
Baby Mamas,MOVIE,2020,98,drama,ZA,6.4,79.0,1.381,2.0,Salamina Mosese,ACTOR,132
Carmen Sandiego: To Steal or Not to Steal,MOVIE,2020,31,animation,CA,6.540941965073206,21150.29081903414,5.026,6.5,Gina Rodriguez,ACTOR,175
Bigflo & Oli: Hip Hop Frenzy,MOVIE,2020,100,music,FR,6.7,134.0,4.583,7.1,Florian Ordonez,ACTOR,-1
Sugar Rush Christmas,SHOW,2019,51,reality,US,6.9,654.0,3.795,6.2,Unknown,Unknown,26
Children of the Sea,MOVIE,2019,110,animation,JP,6.5,3176.0,16.475,7.093,Mana Ashida,ACTOR,22
Cinderela Pop,MOVIE,2019,94,comedy,BR,4.6,1147.0,11.217,6.505,Maisa Silva,ACTOR,187
Pokémon the Movie: Secrets of the Jungle,MOVIE,2020,99,fantasy,JP,6.4,2189.0,61.077,7.034,Rica Matsumoto,ACTOR,92
The Eddy,SHOW,2020,58,drama,FR,7.2,3075.0,8.723,6.5,André Holland,ACTOR,145
One-Way to Tomorrow,MOVIE,2020,90,comedy,TR,5.6,4819.0,5.65,5.622,Metin Akdülger,ACTOR,52
Mutiny of the Worker Bees,MOVIE,2020,100,comedy,MX,4.1,494.0,5.09,7.2,Gustavo Egelhaaf,ACTOR,43
Mehandi Circus,MOVIE,2019,135,drama,IN,7.3,593.0,3.643,6.1,Madhampatty Rangaraj,ACTOR,8
The Larva Island Movie,MOVIE,2020,89,animation,KR,5.1,701.0,23.784,7.2,Hong Beom-gi,ACTOR,-1
Ella Fitzgerald: Just One of Those Things,MOVIE,2019,89,music,GB,7.0,501.0,3.31,7.1,Ella Fitzgerald,ACTOR,-1
Tiffany Haddish Presents: They Ready,SHOW,2019,23,comedy,US,6.7,581.0,2.614,6.0,Unknown,Unknown,16
A California Christmas,MOVIE,2020,106,romance,US,5.8,10637.0,16.405,6.4,Lorynn York,ACTOR,2
Oktoberfest: Beer & Blood,SHOW,2020,48,history,CZ,6.8,2370.0,6.892,6.8,Mišel Matičević,ACTOR,-1
"Los Briceño, una familia todo terreno",SHOW,2019,46,drama,CO,7.9,157.0,6.193,6.633193712829227,Unknown,Unknown,49
Motichoor Chaknachoor,MOVIE,2019,150,comedy,IN,5.8,3036.0,3.511,6.4,Nawazuddin Siddiqui,ACTOR,24
Touch Your Heart,SHOW,2019,63,drama,KR,7.6,3856.0,17.677,8.418,Lee Dong-wook,ACTOR,90
The Millions,MOVIE,2020,94,crime,NG,5.6,57.0,1.88,6.633193712829227,Toyin Abraham,ACTOR,-1
Gatham,MOVIE,2020,120,thriller,IN,6.1,966.0,1.53,6.8,Bhargava Poludasu,ACTOR,13
Shawn Mendes: Live in Concert,MOVIE,2020,87,documentation,CA,7.2,345.0,4.388,7.918,Shawn Mendes,ACTOR,15
From Stress to Happiness,MOVIE,2020,60,documentation,AR,6.2,258.0,2.903,5.8,Matthieu Ricard,ACTOR,188
We Are One,MOVIE,2020,86,documentation,FR,5.1,93.0,2.372,5.8,Stéphane de Freitas,DIRECTOR,53
Amsterdam to Anatolia,MOVIE,2019,6,drama,PS,6.540941965073206,21150.29081903414,2.229,6.0,Adam Bakri,ACTOR,86
Mere Pyare Prime Minister,MOVIE,2019,104,drama,IN,6.8,660.0,1.989,7.1,Anjali Patil,ACTOR,8
Get Even,SHOW,2020,26,thriller,GB,6.540941965073206,21150.29081903414,14.817,7.8,Kim Adis,ACTOR,-1
Daniel Sosa: Maleducado,MOVIE,2019,54,comedy,MX,6.4,77.0,1.94,6.5,Daniel Sosa,ACTOR,43
#FriendButMarried 2,MOVIE,2020,104,drama,ID,6.9,333.0,1.588,6.25,Adipati Dolken,ACTOR,120
Secreto bien guardado,SHOW,2019,26,drama,AR,5.0,211.0,5.768,10.0,Mauricio Sabin Paz,ACTOR,42
The Grizzlies,MOVIE,2020,106,drama,CA,7.5,2369.0,4.052,7.6,Ben Schnetzer,ACTOR,58
Nasha Natasha,MOVIE,2020,83,documentation,UY,6.4,324.0,2.948,6.4,Natalia Oreiro,ACTOR,-1
Black Space,SHOW,2020,47,crime,IL,6.7,2058.0,2.789,7.156,Guri Alfi,ACTOR,-1
An Unremarkable Christmas,MOVIE,2020,83,comedy,CO,3.2,149.0,2.571,6.3,Antonio Sanint,ACTOR,189
The Queen and the Conqueror,SHOW,2020,48,drama,CO,6.6,194.0,44.313,7.0,Emmanuel Esparza,ACTOR,49
122,MOVIE,2019,95,horror,EG,5.8,5684.0,3.784,6.0,Ahmed Dawood,ACTOR,-1
Well-Intended Love,SHOW,2019,45,drama,CN,7.2,1613.0,18.312,7.395,Xu Kaicheng,ACTOR,125
Love Is a Story,MOVIE,2019,107,comedy,RO,6.0,365.0,1.812,7.7,Dragos Bucur,ACTOR,-1
Under the Riccione Sun,MOVIE,2020,102,comedy,IT,5.6,2816.0,12.343,6.2,Cristiano Caccamo,ACTOR,182
Rich in Love,MOVIE,2020,104,romance,BR,6.1,2856.0,12.081,7.783,Danilo Mesquita,ACTOR,-1
Trailer Park Boys: The Animated Series,SHOW,2019,25,comedy,CA,7.5,3217.0,12.025,7.0,Robb Wells,ACTOR,59
The Last Czars,SHOW,2019,45,documentation,GB,7.3,8834.0,11.311,7.356,Robert Jack,ACTOR,157
Super Deluxe,MOVIE,2019,176,comedy,IN,8.4,13680.0,7.712,7.729,Vijay Sethupathi,ACTOR,24
Puerta 7,SHOW,2020,41,crime,AR,5.6,586.0,7.623,7.1,Dolores Fonzi,ACTOR,-1
In the Bosom of a Thorn,SHOW,2019,46,drama,KW,7.5,57.0,0.675,6.633193712829227,Unknown,Unknown,202
Sam Jay: 3 in the Morning,MOVIE,2020,64,comedy,US,6.5,564.0,3.115,6.2,Sam Jay,ACTOR,4
Bigfoot Family,MOVIE,2020,97,family,FR,5.8,3093.0,13.258,7.2,Jules Medcraft,ACTOR,-1
Panoptic,MOVIE,2020,79,documentation,AE,6.4,64.0,0.934,5.0,Rana Eid,DIRECTOR,84
DNA,MOVIE,2020,90,drama,FR,6.0,1129.0,7.308,6.076,Fanny Ardant,ACTOR,96
Crazy Awesome Teachers,MOVIE,2020,101,comedy,ID,6.2,477.0,3.62,5.3,Gading Marten,ACTOR,163
The King's Avatar,SHOW,2019,35,action,CN,8.1,1303.0,24.392,8.4,Yang Yang,ACTOR,77
Til Death Do Us Part,SHOW,2019,28,scifi,TW,6.2,203.0,2.589,6.667,Unknown,Unknown,-1
Lugar de Mulher,SHOW,2019,15,comedy,BR,5.0,43.0,1.83,10.0,Micheli Machado,ACTOR,171
Wine Country,MOVIE,2019,103,comedy,US,5.5,21908.0,9.411,5.5,Amy Poehler,ACTOR,4
Into the Beat,MOVIE,2020,102,music,DE,5.3,1436.0,8.498,6.398,Alexandra Pfeifer,ACTOR,-1
In Family I Trust,MOVIE,2019,94,comedy,ES,6.2,3381.0,7.675,6.3,Clara Lago,ACTOR,164
Last Breath,MOVIE,2019,85,documentation,BE,7.7,6502.0,6.736,7.667,Duncan Allcock,ACTOR,-1
Shaun the Sheep: Adventures from Mossy Bottom,SHOW,2020,9,animation,GB,8.0,662.0,6.299,8.3,Unknown,Unknown,20
My Country: The New Age,SHOW,2019,39,drama,KR,6.540941965073206,21150.29081903414,23.303,7.6,Yang Se-jong,ACTOR,90
Valentino,SHOW,2020,37,comedy,EG,5.2,248.0,2.479,6.5,Adel Emam,ACTOR,-1
Arthdal Chronicles,SHOW,2019,76,action,KR,8.3,4833.0,21.217,8.0,Song Joong-ki,ACTOR,158
The Zoya Factor,MOVIE,2019,134,romance,IN,4.3,2602.0,2.299,5.25,Dulquer Salmaan,ACTOR,9
"Sincerely Yours, Dhaka",MOVIE,2019,134,drama,BD,6.9,716.0,1.357,7.7,Nusrat Imrose Tisha,ACTOR,-1
A Sun,MOVIE,2019,155,drama,TW,6.540941965073206,21150.29081903414,9.0,7.637,Yi-Wen Chen,ACTOR,101
Tootsies & The Fake,MOVIE,2019,108,comedy,TH,5.9,511.0,4.41,3.9,Paopetch Charoensook,ACTOR,-1
Super Monsters Save Christmas,MOVIE,2019,24,animation,US,4.8,57.0,3.789,5.4,Elyse Maloway,ACTOR,71
Nate: A One Man Show,MOVIE,2020,59,comedy,US,6.6,346.0,3.179,5.125,Natalie Palamides,ACTOR,4
The Boy Who Harnessed the Wind,MOVIE,2019,113,drama,MW,7.6,39990.0,28.14,7.937,Maxwell Simba,ACTOR,-1
Keeping the Bees,MOVIE,2020,93,drama,TR,5.8,905.0,2.502,5.4,Meryem Uzerli,ACTOR,126
Hope Frozen,MOVIE,2019,75,documentation,TH,6.540941965073206,21150.29081903414,2.206,8.2,Nareerat Naovaratpong,ACTOR,-1
Say I Do,SHOW,2020,55,reality,US,7.9,559.0,1.899,6.2,Unknown,Unknown,26
The Claudia Kishi Club,MOVIE,2020,17,documentation,US,6.540941965073206,21150.29081903414,1.855,4.8,Naia Cucukov,ACTOR,66
The Silence of Others,MOVIE,2019,95,documentation,ES,8.0,2193.0,11.64,8.2,Ana Messuti,ACTOR,137
All the Freckles in the World,MOVIE,2019,90,comedy,MX,5.2,1369.0,10.189,6.1,Loreto Peralta,ACTOR,43
Bulbul Can Sing,MOVIE,2019,94,drama,IN,7.0,423.0,0.775,8.5,Arnali Das,ACTOR,8
Dying to Tell,MOVIE,2019,87,documentation,ES,6.8,374.0,0.642,7.1,Hernán Zin,ACTOR,137
Knock Down the House,MOVIE,2019,86,documentation,US,7.3,12796.0,7.461,7.4,Alexandria Ocasio-Cortez,ACTOR,66
Canvas,MOVIE,2020,9,animation,US,6.540941965073206,21150.29081903414,6.963,6.4,Frank E. Abney III,DIRECTOR,71
Who Killed Malcolm X?,SHOW,2020,43,history,US,7.6,2253.0,5.751,7.5,Malcolm X,ACTOR,-1
Black Dog,SHOW,2019,80,drama,KR,7.7,213.0,4.248,8.9,Seo Hyun-jin,ACTOR,90
Street Food: Asia,SHOW,2019,34,documentation,US,7.9,3011.0,4.086,7.8,Unknown,Unknown,0
Shimla Mirchi,MOVIE,2020,129,romance,IN,4.6,1646.0,3.845,6.633193712829227,Rajkummar Rao,ACTOR,9
A Home with a View,MOVIE,2019,91,comedy,HK,6.0,320.0,3.483,5.625,Louis Koo,ACTOR,85
You Cannot Hide,SHOW,2019,45,action,MX,6.4,1185.0,32.183,7.2,Blanca Soto,ACTOR,-1
Dragon Rider,MOVIE,2020,91,fantasy,ES,5.7,1842.0,16.625,7.3,Thomas Brodie-Sangster,ACTOR,-1
The Dirt,MOVIE,2019,108,comedy,US,7.0,51534.0,15.882,7.51,Douglas Booth,ACTOR,4
Maradona in Mexico,SHOW,2019,33,documentation,PE,7.2,1167.0,13.641,7.2,Diego Maradona,ACTOR,-1
No Good Nick,SHOW,2019,29,comedy,US,6.0,3210.0,12.134,7.0,Melissa Joan Hart,ACTOR,16
The Perfect Date,MOVIE,2019,93,comedy,US,5.8,40614.0,11.792,6.47,Noah Centineo,ACTOR,4
Franco Escamilla: bienvenido al mundo,MOVIE,2019,54,comedy,MX,7.1,266.0,11.251,8.6,Franco Escamilla,ACTOR,43
You've Got This,MOVIE,2020,111,comedy,MX,5.8,1392.0,10.928,7.876,Mauricio Ochmann,ACTOR,43
Twice Upon a Time,SHOW,2019,48,drama,FR,6.2,1112.0,10.918,6.532,Gaspard Ulliel,ACTOR,145
Unknown Origins,MOVIE,2020,96,comedy,ES,6.1,7198.0,10.172,6.198,Javier Rey,ACTOR,164
Ghost Stories,MOVIE,2020,144,horror,IN,6.540941965073206,21150.29081903414,7.144,5.203,Janhvi Kapoor,ACTOR,146
Dark Forces,MOVIE,2020,81,action,MX,2.7,654.0,4.868,4.4,Tenoch Huerta Mejía,ACTOR,-1
Graceful Friends,SHOW,2020,68,drama,KR,6.540941965073206,21150.29081903414,3.734,8.8,Yu Jun-sang,ACTOR,90
RattleSnake: The Ahanna Story,MOVIE,2020,135,drama,,4.9,119.0,19.267195915153582,6.633193712829227,Unknown,Unknown,38
Guatemala: Heart of the Mayan World,MOVIE,2019,66,documentation,GT,6.6,254.0,2.868,6.5,Luis Ara,DIRECTOR,-1
Ginny Weds Sunny,MOVIE,2020,125,drama,IN,5.7,4976.0,2.799,6.4,Yami Gautam,ACTOR,8
Upstarts,MOVIE,2019,112,drama,IN,6.7,903.0,2.248,7.1,Priyanshu Painyuli,ACTOR,8
Romance Is a Bonus Book,SHOW,2019,63,drama,KR,8.0,6189.0,21.527,7.67,Lee Jong-suk,ACTOR,90
Nailed It! France,SHOW,2019,34,reality,FR,6.6,119.0,1.47,7.3,Noémie Honiat,ACTOR,201
Silver Skates,MOVIE,2020,136,drama,RU,7.1,6639.0,13.751,7.733,Fedor Fedotov,ACTOR,-1
Unicorn Store,MOVIE,2019,92,drama,US,5.6,19936.0,12.103,6.0,Brie Larson,ACTOR,1
Airplane Mode,MOVIE,2020,96,comedy,BR,5.1,2760.0,10.837,6.281,Larissa Manoela,ACTOR,187
AK vs AK,MOVIE,2020,108,comedy,IN,6.9,14645.0,7.471,7.0,Anil Kapoor,ACTOR,24
Luka Chuppi,MOVIE,2019,126,romance,IN,6.3,12234.0,7.119,6.1,Kartik Aaryan,ACTOR,9
Evelyn,MOVIE,2019,100,documentation,GB,7.2,805.0,3.707,6.8,Orlando von Einsiedel,ACTOR,73
The Unknown Saint,MOVIE,2020,100,drama,FR,6.5,1324.0,2.974,6.432,Younes Bouab,ACTOR,96
The Red Sea Diving Resort,MOVIE,2019,130,drama,CA,6.6,28051.0,17.755,6.87,Chris Evans,ACTOR,58
Kidnapping Stella,MOVIE,2019,89,crime,DE,4.9,6308.0,14.901,5.3,Max von der Groeben,ACTOR,-1
The Last Kids on Earth,SHOW,2019,24,animation,US,7.3,1505.0,10.764,7.8,Bruce Campbell,ACTOR,32
A Life of Speed: The Juan Manuel Fangio Story,MOVIE,2020,92,documentation,AR,6.9,1854.0,6.967,7.3,Juan Manuel Fangio,ACTOR,188
Emily's Wonder Lab,SHOW,2020,13,drama,US,6.540941965073206,21150.29081903414,6.734,7.5,Emily Calandrelli,ACTOR,39
A Queen Is Born,SHOW,2020,44,reality,BR,6.1,158.0,2.672,6.6,Gloria Groove,ACTOR,205
Miracle in Cell No. 7,MOVIE,2019,132,drama,TR,8.2,50670.0,28.936,8.272,Aras Bulut İynemli,ACTOR,126
Abyss,SHOW,2019,63,scifi,KR,7.1,2786.0,22.183,8.297,Park Bo-young,ACTOR,147
Gigantosaurus,SHOW,2019,11,animation,FR,6.6,200.0,12.586,7.0,Dylan Schombing,ACTOR,100
18 Presents,MOVIE,2020,110,drama,IT,6.9,3985.0,10.675,7.449,Vittoria Puccini,ACTOR,51
El Pepe: A Supreme Life,MOVIE,2019,74,documentation,AR,7.1,2000.0,8.356,7.3,José Mujica,ACTOR,188
Team Kaylie,SHOW,2019,29,comedy,US,4.6,374.0,7.732,6.9,Kai Calhoun,ACTOR,16
Sol Levante,MOVIE,2020,4,scifi,JP,6.540941965073206,21150.29081903414,6.899,5.2,Akira Saitoh,DIRECTOR,124
Izzy's Koala World,SHOW,2020,16,family,AU,6.540941965073206,21150.29081903414,3.793,8.667,Izzy Bee,ACTOR,-1
Nneka the Pretty Serpent,MOVIE,2020,140,horror,NG,4.0,142.0,2.559,4.1,Idia Aisien,ACTOR,-1
We Are Legends,MOVIE,2019,108,action,HK,5.2,207.0,2.117,5.0,Lam Yiu-Sing,ACTOR,-1
Violet Evergarden: Eternity and the Auto Memory Doll,MOVIE,2019,90,drama,JP,7.4,5418.0,24.999,8.2,Yui Ishikawa,ACTOR,35
The Delivery Boy,MOVIE,2020,66,thriller,NG,6.2,95.0,1.671,5.0,Ibrahim Jammal,ACTOR,134
Rose Island,MOVIE,2020,117,drama,IT,7.0,22249.0,20.839,7.049,Elio Germano,ACTOR,51
Rim of the World,MOVIE,2019,98,comedy,US,5.2,24076.0,16.655,5.971,Jack Gore,ACTOR,4
Furie,MOVIE,2019,98,thriller,FR,5.6,3009.0,9.419,5.835,Adama Niane,ACTOR,178
Ethos,SHOW,2020,50,thriller,TR,6.540941965073206,21150.29081903414,9.305,7.829,Öykü Karayel,ACTOR,-1
Game Over,MOVIE,2019,102,drama,IN,6.9,7788.0,7.016,6.255,Taapsee Pannu,ACTOR,8
Forensic,MOVIE,2020,134,crime,IN,6.8,5513.0,3.08,6.7,Tovino Thomas,ACTOR,12
The Lift Boy,MOVIE,2019,107,comedy,IN,7.2,2835.0,2.711,6.6,Moin Khan,ACTOR,24
Les de l'hoquei,SHOW,2019,52,drama,ES,6.9,495.0,11.681,6.6,Natalia Barrientos,ACTOR,133
Go! Go! Cory Carson,SHOW,2020,9,animation,US,7.8,270.0,8.652,7.7,Alan C. Lim,ACTOR,32
Northern Rescue,SHOW,2019,44,drama,CA,7.0,4425.0,7.385,6.6,William Baldwin,ACTOR,56
Article 15,MOVIE,2019,130,crime,IN,8.1,34699.0,7.233,7.613,Ayushmann Khurrana,ACTOR,12
Classmates Minus,MOVIE,2020,122,drama,TW,7.1,1766.0,6.424,7.5,Ming-Shuai Shih,ACTOR,101
Bombay Rose,MOVIE,2019,97,animation,QA,6.2,608.0,5.699,6.558,Amit Deondi,ACTOR,-1
Firebrand,MOVIE,2019,116,drama,IN,5.2,288.0,4.97,5.8,Usha Jadhav,ACTOR,8
Asphalt Goddess,MOVIE,2020,126,drama,MX,5.1,201.0,3.579,6.8,Ximena Romo,ACTOR,70
Go! The Unforgettable Party,MOVIE,2019,60,music,AR,5.2,162.0,10.072,7.592,José Giménez-Zapiola,ACTOR,-1
Dave Chappelle: The Kennedy Center Mark Twain Prize,MOVIE,2020,86,comedy,US,7.4,2309.0,7.659,7.3,Dave Chappelle,ACTOR,4
Maria,MOVIE,2019,89,action,PH,5.0,2251.0,7.179,6.2,Cristine Reyes,ACTOR,-1
"¡Ay, mi madre!",MOVIE,2019,81,comedy,ES,3.9,440.0,5.872,4.3,Secun de la Rosa,ACTOR,164
Hospital,MOVIE,2020,89,horror,TW,3.2,487.0,4.887,5.938,Austin Lin,ACTOR,190
The Magic School Bus Rides Again: The Frizz Connection,MOVIE,2020,44,family,US,6.540941965073206,21150.29081903414,4.738,6.9,Unknown,Unknown,136
Ricky Zoom,SHOW,2019,12,animation,GB,6.4,102.0,4.268,7.2,Unknown,Unknown,20
Thambi,MOVIE,2019,150,thriller,IN,6.540941965073206,21150.29081903414,3.759,6.476,Karthi,ACTOR,13
27 Steps of May,MOVIE,2019,112,drama,ID,8.0,541.0,3.515,8.5,Raihaanun,ACTOR,120
Kannum Kannum Kollaiyadithaal,MOVIE,2020,162,drama,IN,7.7,7325.0,3.371,6.8,Dulquer Salmaan,ACTOR,8
Between Maybes,MOVIE,2019,107,drama,JP,6.2,194.0,1.923,4.0,Julia Barretto,ACTOR,35
Quam's Money,MOVIE,2020,114,comedy,NG,6.540941965073206,21150.29081903414,1.801,3.3,Falz,ACTOR,121
Mallesham,MOVIE,2019,131,drama,IN,8.3,1081.0,1.771,7.6,Priyadarshi Pullikonda,ACTOR,8
Sitara,MOVIE,2019,128,drama,IN,6.8,6.0,1.021,2.0,Sharmeen Obaid-Chinoy,DIRECTOR,8
Apache: The Life of Carlos Tevez,SHOW,2019,47,thriller,AR,7.3,1714.0,12.473,7.5,Balthazar Murillo,ACTOR,-1
Trading Paint,MOVIE,2019,87,drama,ES,4.5,2409.0,10.449,5.505,John Travolta,ACTOR,46
Masameer: The Movie,MOVIE,2020,112,animation,SA,6.0,2371.0,4.863,6.1,Abdulaziz Alshehri,ACTOR,-1
Alone/Together,MOVIE,2019,120,drama,PH,6.6,503.0,4.691,6.455,Liza Soberano,ACTOR,110
Stand by Me Doraemon 2,MOVIE,2020,96,animation,JP,7.5,4236.0,52.211,7.758,Wasabi Mizuta,ACTOR,22
Hikaru Utada Laughter in the Dark Tour 2018,MOVIE,2019,141,documentation,JP,8.1,105.0,3.197,7.167,Hikaru Utada,ACTOR,-1
Andhaghaaram,MOVIE,2020,171,thriller,IN,7.5,3846.0,2.316,7.7,Arjun Das,ACTOR,13
100% Halal,MOVIE,2020,100,drama,ID,6.6,61.0,1.795,6.633193712829227,Anisa Rahma,ACTOR,120
Reframe THEATER EXPERIENCE with you,MOVIE,2020,84,music,JP,6.540941965073206,21150.29081903414,1.507,5.75,Ayaka Nishiwaki,ACTOR,211
Loving is Losing,MOVIE,2019,91,drama,CO,6.540941965073206,21150.29081903414,0.759,4.8,Fernando Ayllón,DIRECTOR,-1
Back of the Net,MOVIE,2019,98,drama,AU,5.2,789.0,6.929,6.8,Sofia Wylie,ACTOR,143
Free Rein: Valentine's Day,MOVIE,2019,50,romance,US,6.540941965073206,21150.29081903414,6.836,7.6,Jaylen Barron,ACTOR,2
The Lonely Island Presents: The Unauthorized Bash Brothers Experience,MOVIE,2019,30,comedy,US,6.540941965073206,21150.29081903414,5.414,6.2,Andy Samberg,ACTOR,4
Monster Run,MOVIE,2020,104,action,HK,5.1,470.0,4.645,4.4,Shawn Yue,ACTOR,-1
Super Monsters: Vida's First Halloween,MOVIE,2019,24,comedy,,5.9,37.0,2.372,4.5,Unknown,Unknown,139
Axone,MOVIE,2020,96,drama,IN,6.9,2276.0,1.682,5.938,Sayani Gupta,ACTOR,8
The Witcher: A Look Inside the Episodes,SHOW,2020,6,documentation,GB,7.0,169.0,25.935,5.706,Lauren Schmidt Hissrich,ACTOR,157
Sur Sapata,MOVIE,2019,128,drama,IN,7.6,50.0,1.185,8.5,Mangesh Kanthale,ACTOR,8
Your Name Engraved Herein,MOVIE,2020,118,drama,TW,7.3,6692.0,12.354,8.0,Edward Chen,ACTOR,101
Crime Diaries: Night Out,SHOW,2019,44,crime,MX,7.3,901.0,8.233,7.3,Unknown,Unknown,199
A Choo,MOVIE,2020,101,romance,TW,5.4,413.0,5.88,5.0,Kai Ko,ACTOR,-1
"Nisman. The Prosecutor, the President and the Spy",SHOW,2020,62,thriller,ES,7.5,611.0,5.281,6.7,Justin Webster,DIRECTOR,185
Nobody's Looking,SHOW,2019,24,comedy,BR,7.7,2223.0,4.84,7.2,Victor Lamoglia,ACTOR,171
Torbaaz,MOVIE,2020,132,drama,IN,5.1,17958.0,4.696,8.3,Sanjay Dutt,ACTOR,8
1994,SHOW,2019,178,documentation,MX,7.6,554.0,3.459,7.6,Luis Donaldo Colosio,ACTOR,192
Ni de coña,MOVIE,2020,97,comedy,CO,2.8,417.0,3.399,4.8,Nathalie Seseña,ACTOR,189
Mi amigo Alexis,MOVIE,2019,100,comedy,CL,5.1,363.0,2.864,6.3,Luciano González,ACTOR,-1
Whispers,SHOW,2020,39,drama,SA,6.540941965073206,21150.29081903414,1.824,6.8,Mysoon Alruwaily,ACTOR,118
Lovestruck in the City,SHOW,2020,30,drama,KR,7.6,2914.0,14.642,7.713,Ji Chang-wook,ACTOR,90
The 2nd,MOVIE,2020,93,action,US,3.8,8803.0,14.319,5.539,Ryan Phillippe,ACTOR,17
Angela's Christmas Wish,MOVIE,2020,47,animation,US,7.1,1616.0,11.446,6.4,Lucy O'Connell,ACTOR,71
Dad Wanted,MOVIE,2020,102,drama,MX,5.7,1125.0,10.766,7.5,Natalia Coronado,ACTOR,70
The Forest of Love: Deep Cut,SHOW,2020,40,drama,JP,6.9,517.0,9.441,6.8,Kippei Shiina,ACTOR,57
Girl's Revenge,MOVIE,2020,81,drama,TW,5.8,233.0,8.747,5.5,Yu-Ping Wang,ACTOR,101
Mokalik (Mechanic),MOVIE,2019,100,comedy,NG,6.3,157.0,4.132,4.9,Femi Adebayo,ACTOR,121
Jo Koy: In His Elements,MOVIE,2020,55,comedy,US,5.4,469.0,3.136,5.4,Jo Koy,ACTOR,4
Francesco De Carlo: Cose di Questo Mondo,MOVIE,2019,61,comedy,IT,6.3,118.0,2.435,6.8,Francesco De Carlo,ACTOR,182
Bhaag Beanie Bhaag,SHOW,2020,29,comedy,IN,6.540941965073206,21150.29081903414,1.727,6.2,Swara Bhasker,ACTOR,206
Merry Men 2: Another Mission,MOVIE,2019,114,comedy,NG,6.5,76.0,1.632,5.3,Damilola Adegbite,ACTOR,121
The Possessed,SHOW,2020,9,horror,KR,5.7,1109.0,1.48,10.0,Unknown,Unknown,-1
In Paradox,MOVIE,2019,95,thriller,KW,5.1,165.0,0.941,4.0,Jassim Al-Nabhan,ACTOR,-1
Out of the Clear Blue Sky,MOVIE,2019,112,drama,MX,6.5,1510.0,12.555,8.1,Omar Chaparro,ACTOR,70
Time to Hunt,MOVIE,2020,135,action,KR,6.3,6109.0,11.775,7.235,Lee Je-hoon,ACTOR,162
Criminal: Germany,SHOW,2019,44,drama,DE,7.6,5483.0,7.924,6.814,Eva Meckbach,ACTOR,169
Spirit Riding Free: Spirit of Christmas,MOVIE,2019,45,animation,US,5.2,129.0,7.026,6.9,Amber Frank,ACTOR,71
My Husband Won't Fit,SHOW,2019,35,drama,JP,6.6,883.0,6.069,5.9,Natsumi Ishibashi,ACTOR,57
"Frankenstein's Monster's Monster, Frankenstein",MOVIE,2019,32,comedy,US,5.8,2285.0,5.173,5.975,David Harbour,ACTOR,4
Isa Pa with Feelings,MOVIE,2019,102,comedy,PH,7.8,372.0,3.073,8.1,Maine Mendoza,ACTOR,107
4th Republic,MOVIE,2019,119,thriller,NG,6.3,51.0,1.973,6.7,Kate Henshaw-Nuttal,ACTOR,134
Ricardo Quevedo: los amargados somos más,MOVIE,2019,58,comedy,,7.3,116.0,1.798,8.2,Ricardo Quevedo,ACTOR,139
Money Heist: The Phenomenon,MOVIE,2020,57,documentation,ES,7.5,3584.0,30.042,7.474,Úrsula Corberó,ACTOR,137
The Bridge Curse,MOVIE,2020,87,horror,TW,6.540941965073206,21150.29081903414,19.708,6.5,JC Lin,ACTOR,190
When the Camellia Blooms,SHOW,2019,55,romance,KR,7.9,2723.0,17.243,8.2,Gong Hyo-jin,ACTOR,-1
The Yin-Yang Master: Dream of Eternity,MOVIE,2020,132,action,CN,6.4,5014.0,16.014,7.4,Mark Chao,ACTOR,44
I Hear You,SHOW,2019,45,drama,CN,7.2,687.0,10.631,7.9,Wang Yilun,ACTOR,125
Dating Around,SHOW,2019,27,reality,US,6.3,1248.0,5.949,4.7,Unknown,Unknown,26
Feo pero Sabroso,MOVIE,2019,90,comedy,CO,4.3,183.0,5.948,6.9,Iván Marín,ACTOR,189
Bheeshma,MOVIE,2020,151,action,IN,6.6,4402.0,5.625,6.24,Nithiin,ACTOR,14
Rhythm + Flow,SHOW,2019,56,reality,US,7.6,1677.0,5.259,7.7,T.I.,ACTOR,26
World Famous Lover,MOVIE,2020,156,drama,IN,5.0,3473.0,3.029,5.7,Vijay Deverakonda,ACTOR,8
Hamid,MOVIE,2019,108,drama,IN,7.7,1281.0,2.918,7.0,Talha Arshad Reshi,ACTOR,8
A Babysitter's Guide to Monster Hunting,MOVIE,2020,94,comedy,US,5.4,4475.0,28.647,6.2,Tamara Smart,ACTOR,4
Jungle Beat: The Movie,MOVIE,2020,84,comedy,MU,5.4,1134.0,13.861,7.0,David Menkin,ACTOR,-1
The Legacy of the Bones,MOVIE,2019,121,crime,ES,6.4,9415.0,11.83,6.6,Marta Etura,ACTOR,-1
Inhuman Kiss,MOVIE,2019,122,drama,TH,6.4,1917.0,9.69,6.427,Phantira Pipityakorn,ACTOR,-1
Nigerian Prince,MOVIE,2020,104,drama,US,5.9,438.0,3.446,5.4,Antonio J Bell,ACTOR,1
Milea,MOVIE,2020,99,drama,ID,6.2,622.0,2.898,5.8,Iqbaal Dhiafakhri Ramadhan,ACTOR,120
The Girl and the Gun,MOVIE,2019,80,thriller,PH,5.9,196.0,2.725,6.1,Janine Gutierrez,ACTOR,-1
Singapore Social,SHOW,2019,38,reality,US,4.6,1424.0,1.857,8.0,Mae Tan,ACTOR,26
A Love So Beautiful,SHOW,2020,23,drama,KR,6.540941965073206,21150.29081903414,39.322,8.506,Jo Hye-joo,ACTOR,90
Dorasani,MOVIE,2019,130,drama,IN,5.8,210.0,1.4,4.0,Anand Deverakonda,ACTOR,8
Latte and the Magic Waterstone,MOVIE,2019,89,comedy,BE,5.6,1042.0,21.976,6.7,Luisa Wietzorek,ACTOR,-1
A Trash Truck Christmas,MOVIE,2020,28,animation,US,5.5,231.0,10.054,6.4,Henry Keane,ACTOR,71
Possessed,SHOW,2019,64,thriller,KR,6.7,874.0,5.935,7.6,Song Sae-byuk,ACTOR,156
Clive Davis: The Soundtrack of Our Lives,MOVIE,2019,123,music,US,7.5,1074.0,5.577,6.406,Clive Davis,ACTOR,94
Cops and Robbers,MOVIE,2020,8,animation,US,6.9,21150.29081903414,4.144,6.962,Timothy Ware-Hill,ACTOR,71
Kaali Khuhi,MOVIE,2020,90,drama,IN,3.6,1313.0,3.376,4.526,Shabana Azmi,ACTOR,8
Super Monsters: The New Class,MOVIE,2020,24,animation,CA,6.540941965073206,21150.29081903414,2.764,6.5,Elyse Maloway,ACTOR,175
90 ML,MOVIE,2019,125,drama,IN,3.2,606.0,2.685,4.9,Oviya Helen,ACTOR,8
Tarung Sarung,MOVIE,2020,115,drama,ID,6.0,218.0,2.054,7.4,Panji Zoni,ACTOR,120
Bhangra Paa Le,MOVIE,2020,131,music,IN,6.3,391.0,1.963,5.3,Sunny Kaushal,ACTOR,-1
What the Love! with Karan Johar,SHOW,2020,47,reality,IO,6.540941965073206,21150.29081903414,1.805,5.3,Karan Johar,ACTOR,-1
El límite infinito,MOVIE,2020,47,documentation,AR,6.540941965073206,21150.29081903414,1.488,1.5,Jean Maggi,ACTOR,188
Put Your Head on My Shoulder,SHOW,2019,40,drama,CN,8.1,2511.0,19.555,8.0,Xing Fei,ACTOR,125
The Last Summer,MOVIE,2019,109,comedy,US,6.540941965073206,21150.29081903414,14.237,6.017,William Stead,DIRECTOR,4
"Hello, Love, Goodbye",MOVIE,2019,118,romance,PH,7.3,1145.0,9.216,6.3,Kathryn Bernardo,ACTOR,98
"Wait, My Youth",SHOW,2019,36,drama,CN,7.9,141.0,7.746,7.3,Li Jiaqi,ACTOR,125
Notes for My Son,MOVIE,2020,83,drama,AR,6.4,967.0,6.29,7.6,Valeria Bertuccelli,ACTOR,83
Happy Old Year,MOVIE,2019,113,drama,TH,7.2,2427.0,5.628,6.8,Chutimon Chuengcharoensukying,ACTOR,-1
"Berlin, Berlin",MOVIE,2020,80,comedy,DE,3.8,556.0,5.141,5.3,Felicitas Woll,ACTOR,45
Rooting for Roona,MOVIE,2020,40,documentation,IN,6.540941965073206,21150.29081903414,4.654,7.4,Akshay Shankar,DIRECTOR,79
Not a Game,MOVIE,2020,92,documentation,ES,7.0,7.0,3.058,4.7,RJ Mitte,ACTOR,137
Gather,MOVIE,2020,74,documentation,US,7.9,235.0,2.288,7.4,Nephi Craig,ACTOR,66
Perfume Imaginary Museum “Time Warp”,MOVIE,2020,53,music,JP,6.3,28.0,1.882,5.8,Ayaka Nishiwaki,ACTOR,211
Mighty Little Bheem: Diwali,SHOW,2019,6,comedy,IN,8.0,36.0,1.194,10.0,Unknown,Unknown,206
The Boss Baby: Get That Baby!,MOVIE,2020,24,comedy,US,6.540941965073206,21150.29081903414,13.187,6.6,JP Karliak,ACTOR,4
School Life,MOVIE,2019,111,comedy,FR,6.5,2966.0,9.754,7.0,Zita Hanrot,ACTOR,127
Dragons: Rescue Riders: Secrets of the Songwing,MOVIE,2020,46,animation,US,5.1,201.0,8.842,7.9,Noah Kaye Bentley,ACTOR,71
The Charming Stepmom,SHOW,2019,46,family,TH,8.0,23.0,5.469,10.0,Vill Wannarot Sonthichai,ACTOR,-1
Kandasamys: The Wedding,MOVIE,2019,98,comedy,ZA,6.0,243.0,3.441,7.1,Jailoshini Naidoo,ACTOR,102
Thackeray,MOVIE,2019,120,drama,IN,5.3,3539.0,2.587,5.1,Nawazuddin Siddiqui,ACTOR,8
Andre and His Olive Tree,MOVIE,2020,104,documentation,SG,6.6,217.0,2.473,3.5,André Chiang,ACTOR,-1
Chaman Bahar,MOVIE,2020,111,drama,IN,6.9,7214.0,2.338,4.9,Jitendra Kumar,ACTOR,8
Fadily Camara: La plus drôle de tes copines,MOVIE,2019,54,comedy,FR,5.8,53.0,2.314,6.2,Fadily Camara,ACTOR,127
Wave of Cinema: Surat Dari Timur,MOVIE,2020,57,music,ID,6.540941965073206,21150.29081903414,1.457,6.633193712829227,Glenn Fredly,ACTOR,-1
Sky High,MOVIE,2020,121,action,ES,5.5,4013.0,20.182,6.1,Miguel Herrán,ACTOR,-1
Octonauts and the Caves of Sac Actun,MOVIE,2020,72,animation,GB,6.3,201.0,11.077,6.6,Simon Greenall,ACTOR,207
Lady Driver,MOVIE,2020,104,drama,US,5.8,1706.0,10.347,6.4,Grace Van Dien,ACTOR,1
COMEDIANS of the world,SHOW,2019,30,comedy,,6.5,450.0,5.421,6.7,Unknown,Unknown,-1
Grass Is Greener,MOVIE,2019,97,documentation,US,7.1,1427.0,5.344,6.7,Snoop Dogg,ACTOR,66
My Perfect Landing,SHOW,2020,25,family,CA,6.7,206.0,4.611,7.35,Morgan Wigle,ACTOR,-1
Best of Stand-up 2020,MOVIE,2020,76,comedy,US,5.5,674.0,3.732,6.0,Jerry Seinfeld,ACTOR,4
Katherine Ryan: Glitter Room,MOVIE,2019,65,comedy,US,6.8,2054.0,3.339,6.617,Katherine Ryan,ACTOR,4
Nailed It! Spain,SHOW,2019,33,reality,US,6.540941965073206,21150.29081903414,2.937,6.8,La Terremoto de Alcorcón,ACTOR,26
Saverio Raimondo: Il Satiro Parlante,MOVIE,2019,53,comedy,IT,6.0,56.0,2.192,5.9,Saverio Raimondo,ACTOR,182
Sky Tour: The Movie,MOVIE,2020,94,music,VN,6.0,1044.0,1.255,6.633193712829227,Sơn Tùng M-TP,ACTOR,-1
We Die Young,MOVIE,2019,88,drama,BG,5.2,4662.0,13.566,6.9,Jean-Claude Van Damme,ACTOR,-1
Twin Murders: The Silence of the White City,MOVIE,2019,110,horror,ES,5.4,5661.0,11.866,5.577,Belén Rueda,ACTOR,183
Saaho,MOVIE,2019,171,thriller,IN,5.0,20644.0,6.692,6.2,Prabhas,ACTOR,13
Chico Bon Bon: Monkey with a Tool Belt,SHOW,2020,14,drama,US,6.540941965073206,21150.29081903414,6.125,7.0,Blu Bishop,ACTOR,39
Emicida: AmarElo - It's All for Yesterday,MOVIE,2020,89,music,BR,8.4,1582.0,4.628,8.7,Emicida,ACTOR,-1
Giving Voice,MOVIE,2020,90,documentation,US,6.9,306.0,3.622,6.3,Denzel Washington,ACTOR,66
London Hughes: To Catch A D*ck,MOVIE,2020,60,comedy,US,4.7,334.0,3.475,6.6,London Hughes,ACTOR,4
Dolly Kitty and Those Twinkling Stars,MOVIE,2020,120,drama,IN,5.2,7708.0,2.95,5.4,Konkona Sen Sharma,ACTOR,8
Varane Avashyamund,MOVIE,2020,145,comedy,IN,6.9,3011.0,2.765,7.0,Suresh Gopi,ACTOR,24
The Road to El Camino: Behind the Scenes of El Camino: A Breaking Bad Movie,MOVIE,2019,13,documentation,US,7.1,1529.0,2.744,7.0,Aaron Paul,ACTOR,66
David Foster: Off the Record,MOVIE,2020,98,documentation,CA,7.0,621.0,2.138,7.0,Paul Anka,ACTOR,15
Paava Kadhaigal,SHOW,2020,37,drama,IN,8.0,6900.0,1.4,7.5,Unknown,Unknown,140
A Little Thing Called First Love,SHOW,2019,42,comedy,CN,7.8,453.0,16.75,9.0,Lai Guan-lin,ACTOR,-1
Girls with Balls,MOVIE,2019,77,horror,FR,3.9,3474.0,10.186,4.188,Artus,ACTOR,64
Super Monsters Furever Friends,MOVIE,2019,58,animation,,5.7,73.0,9.152,5.9,Elyse Maloway,ACTOR,111
Eye for an Eye,MOVIE,2019,107,thriller,GB,6.6,8082.0,9.137,6.677,Luis Tosar,ACTOR,116
Mo Gilligan: Momentum,MOVIE,2019,64,comedy,GB,6.4,467.0,3.608,5.0,Mo Gilligan,ACTOR,6
Cemara's Family,MOVIE,2019,110,drama,ID,7.7,867.0,3.319,8.3,Ringgo Agus Rahman,ACTOR,120
Amit Tandon: Family Tandoncies,MOVIE,2019,72,comedy,IN,7.2,270.0,1.724,5.5,Amit Tandon,ACTOR,24
All Because of You,MOVIE,2020,101,romance,MY,4.0,234.0,1.696,5.6,Hairul Azreen,ACTOR,-1
The Bridge,MOVIE,2019,115,romance,CA,5.6,41.0,0.6,6.633193712829227,Unknown,Unknown,-1
Hot Gimmick: Girl Meets Boy,MOVIE,2019,119,drama,JP,4.4,521.0,13.044,5.9,Miona Hori,ACTOR,35
Adú,MOVIE,2020,119,drama,ES,6.540941965073206,21150.29081903414,7.366,6.9,Luis Tosar,ACTOR,46
Black Beach,MOVIE,2020,115,drama,US,5.6,1671.0,5.947,5.914,Raúl Arévalo,ACTOR,1
Pegasus,MOVIE,2019,98,comedy,CN,6.3,1984.0,5.277,6.098,Shen Teng,ACTOR,148
True: Winter Wishes,MOVIE,2019,45,animation,CA,6.540941965073206,21150.29081903414,4.729,6.4,Michela Luci,ACTOR,175
Night on Earth: Shot in the Dark,MOVIE,2020,59,documentation,GB,7.6,369.0,4.525,6.8,Samira Wiley,ACTOR,73
Dark City Beneath the Beat,MOVIE,2020,65,documentation,US,6.7,153.0,3.864,7.0,TT the Artist,DIRECTOR,66
Ladies First,MOVIE,2019,39,documentation,IN,3.8,26.0,3.415,7.5,Deepika Kumari,ACTOR,79
Kenny Sebastian: The Most Interesting Person in the Room,MOVIE,2020,67,comedy,IN,6.0,1034.0,3.001,6.5,Kenny Sebastian,ACTOR,24
Sillu Karupatti,MOVIE,2019,138,romance,IN,8.0,1821.0,2.938,6.875,Samuthirakani,ACTOR,9
Evvarikee Cheppoddu,MOVIE,2019,133,drama,IN,7.1,431.0,2.147,7.0,Rakesh Varre,ACTOR,8
Vir Das: Outside in - The Lockdown Special,MOVIE,2020,50,comedy,IN,6.4,299.0,1.464,6.3,Vir Das,ACTOR,24
Memories of a Teenager,MOVIE,2020,97,drama,AR,6.5,954.0,8.765,7.8,Renato Quattordio,ACTOR,83
Mujeres arriba,MOVIE,2020,100,comedy,CL,3.9,485.0,7.194,7.5,Loretto Bernal,ACTOR,-1
The Panti Sisters,MOVIE,2019,108,comedy,PH,5.6,298.0,4.603,5.1,Paolo Ballesteros,ACTOR,107
Uma Maheswara Ugra Roopasya,MOVIE,2020,136,drama,IN,7.6,1724.0,3.993,6.95,Satyadev Kancharana,ACTOR,8
Sarvam Thaala Mayam,MOVIE,2019,133,drama,IN,7.6,1231.0,3.651,7.206,G. V. Prakash Kumar,ACTOR,8
Magamuni,MOVIE,2019,157,drama,IN,7.8,2207.0,3.557,6.889,Arya,ACTOR,8
The Bling Lagosians,MOVIE,2019,97,drama,NG,6.5,104.0,2.101,5.2,Bunmi Aboderin,ACTOR,80
Knuckle City,MOVIE,2019,124,crime,ZA,6.4,119.0,1.983,6.633193712829227,Sivuyile Ngesi,ACTOR,-1
Potato Potahto,MOVIE,2019,104,comedy,GH,4.2,214.0,1.924,2.6,O.C. Ukeje,ACTOR,-1
Kolaiyuthir Kaalam,MOVIE,2019,109,thriller,IN,2.6,441.0,1.819,4.2,Nayanthara,ACTOR,13
Barbie: Princess Adventure,MOVIE,2020,72,animation,US,5.5,548.0,46.851,7.2,America Young,ACTOR,71
GREAT PRETENDER,SHOW,2020,24,action,JP,7.9,5679.0,40.966,7.685,Chiaki Kobayashi,ACTOR,27
Bolívar: Una lucha admirable,SHOW,2019,53,drama,CO,7.4,809.0,33.075,7.651,José Ramón Barreto,ACTOR,49
Vagabond,SHOW,2019,63,drama,KR,8.1,9225.0,25.162,8.45,Lee Seung-gi,ACTOR,90
Vampires,SHOW,2020,40,scifi,FR,5.7,1360.0,22.966,7.5,Juliette Cardinski,ACTOR,-1
Julie and the Phantoms,SHOW,2020,2,comedy,US,8.4,10697.0,14.927,8.514,Madison Reyes,ACTOR,16
Crime Diaries: The Candidate,SHOW,2019,42,war,MX,7.6,848.0,14.379,7.3,Jorge A. Jimenez,ACTOR,-1
The InBESTigators,SHOW,2019,19,crime,AU,8.2,933.0,14.245,8.0,Abby Bergman,ACTOR,-1
Wish Upon a Unicorn,MOVIE,2020,93,fantasy,US,5.4,218.0,13.426,7.1,Ryan Kiera Armstrong,ACTOR,18
The F**k-It List,MOVIE,2020,103,comedy,US,5.1,5866.0,13.269,6.1,Eli Brown,ACTOR,4
Handsome Siblings,SHOW,2020,46,drama,CN,7.9,682.0,12.183,7.9,Chen Zheyuan,ACTOR,125
The 9th Precinct,MOVIE,2019,94,thriller,TW,5.6,601.0,12.168,6.036,Roy Chiu,ACTOR,-1
The Endless Trench,MOVIE,2019,148,history,ES,7.2,6794.0,11.95,6.9,Antonio de la Torre,ACTOR,-1
The Trap,MOVIE,2019,90,comedy,US,4.3,1818.0,11.898,5.136,T.I.,ACTOR,4
Drive,MOVIE,2019,147,action,IN,3.1,7901.0,11.244,5.304,Sushant Singh Rajput,ACTOR,14
The Club,SHOW,2019,34,drama,MX,6.540941965073206,21150.29081903414,11.106,7.6,Alejandro Speitzer,ACTOR,153
A Second Chance: Rivals!,MOVIE,2019,89,drama,AU,4.7,455.0,10.612,7.2,Emily Morris,ACTOR,143
The Parisian Agency: Exclusive Properties,SHOW,2020,54,reality,FR,7.5,795.0,10.496,7.625,Olivier Kretz,ACTOR,201
Omniscient,SHOW,2020,46,scifi,BR,6.5,2281.0,10.439,6.6,Jonathan Haagensen,ACTOR,-1
Fierce,MOVIE,2020,118,music,PL,5.5,1367.0,10.211,6.3,Julia Kamińska,ACTOR,-1
YooHoo to the Rescue,SHOW,2019,13,family,KR,7.1,60.0,9.966,8.0,Lee Sae-ah,ACTOR,-1
Dragons: Rescue Riders,SHOW,2019,23,action,US,6.0,363.0,9.532,6.6,Brennley Brown,ACTOR,30
Street Food: Latin America,SHOW,2020,32,documentation,US,7.8,1470.0,9.4,7.2,Unknown,Unknown,0
The Neighbor,SHOW,2019,29,comedy,ES,6.5,2281.0,9.284,6.4,Quim Gutiérrez,ACTOR,155
Captain Underpants: Mega Blissmas,MOVIE,2020,45,family,US,5.2,192.0,8.985,5.8,Nat Faxon,ACTOR,136
Three Days of Christmas,SHOW,2019,58,drama,ES,6.8,1388.0,8.907,6.7,Victoria Abril,ACTOR,133
When My Love Blooms,SHOW,2020,55,drama,KR,7.5,462.0,8.897,9.125,Yoo Ji-tae,ACTOR,90
So Much Love to Give,MOVIE,2020,108,comedy,AR,6.540941965073206,21150.29081903414,8.084,6.2,Adrián Suar,ACTOR,23
Good Sam,MOVIE,2019,90,romance,US,5.7,3128.0,8.076,6.0,Tiya Sircar,ACTOR,2
Full Out 2: You Got This!,MOVIE,2020,90,family,US,4.7,557.0,8.033,6.534,Logan Edra,ACTOR,136
Bobbleheads: The Movie,MOVIE,2020,82,comedy,US,2.3,409.0,8.025,4.8,Karen Fukuhara,ACTOR,4
Too Handsome To Handle,MOVIE,2019,106,drama,ID,6.6,644.0,7.997,6.5,Ari Irham,ACTOR,120
LEGO Marvel Spider-Man: Vexed by Venom,MOVIE,2019,21,action,US,5.6,366.0,7.959,7.2,Robbie Daymond,ACTOR,17
Interior Design Masters,SHOW,2019,54,reality,GB,6.5,1505.0,7.35,6.6,Michelle Ogundehin,ACTOR,55
A Go! Go! Cory Carson Christmas,MOVIE,2020,21,family,US,6.0,57.0,7.226,6.8,Alan C. Lim,ACTOR,136
Dragons: Rescue Riders: Hunt for the Golden Dragon,MOVIE,2020,46,action,US,5.1,168.0,7.22,6.802,Noah Kaye Bentley,ACTOR,17
Mighty Express,SHOW,2020,14,drama,CA,6.540941965073206,21150.29081903414,7.145,7.9,Unknown,Unknown,56
High & Low: The Worst,MOVIE,2019,125,action,JP,6.6,630.0,7.132,7.2,Kazuma Kawamura,ACTOR,81
Ashley Garcia: Genius in Love,SHOW,2020,29,comedy,US,6.8,1296.0,6.671,7.18,Paulina Chávez,ACTOR,16
The Ghost Bride,SHOW,2020,49,drama,MY,6.3,811.0,6.568,6.2,Kuang Tian,ACTOR,-1
Romance Doll,MOVIE,2020,123,romance,JP,6.540941965073206,21150.29081903414,6.551,5.6,Yu Aoi,ACTOR,-1
Kill Me If You Dare,MOVIE,2019,105,comedy,TR,4.4,1880.0,6.524,4.278,Murat Boz,ACTOR,52
Psycho,MOVIE,2020,134,crime,IN,6.2,4285.0,6.466,4.9,Udhayanidhi Stalin,ACTOR,12
StarBeam,SHOW,2020,12,animation,CA,6.540941965073206,21150.29081903414,6.462,6.647,Zachary Timmis,ACTOR,65
Our Planet: Behind the Scenes,MOVIE,2019,63,documentation,GB,8.3,1801.0,6.263,7.8,David Attenborough,ACTOR,73
Little Big Women,MOVIE,2020,123,drama,TW,7.2,2508.0,6.236,7.4,Grace Chen Shu-Fang,ACTOR,101
Me Against You: Mr. S's Vendetta,MOVIE,2020,64,fantasy,IT,1.6,422.0,6.079,8.127,Sofia Scalia,ACTOR,-1
Roped,MOVIE,2020,90,drama,US,5.5,1578.0,6.073,6.2,Josh Swickard,ACTOR,1
A Remarkable Tale,MOVIE,2019,93,comedy,ES,5.3,1330.0,5.996,5.702,Carmen Machi,ACTOR,164
Death Can Wait,MOVIE,2020,91,comedy,CO,4.5,118.0,5.989,6.3,Ricardo Quevedo,ACTOR,189
Chico Bon Bon and the Very Berry Holiday,MOVIE,2020,25,animation,US,6.0,43.0,5.778,5.8,Andy Abbott,ACTOR,71
The 43,SHOW,2019,56,documentation,MX,7.1,154.0,5.774,6.9,Paco Ignacio Taibo II,ACTOR,192
Legend Quest: Masters of Myth,SHOW,2019,25,action,MX,7.3,152.0,5.404,10.0,Annemarie Blanco,ACTOR,-1
The Body,MOVIE,2019,104,thriller,IN,5.5,3321.0,5.243,5.185,Emraan Hashmi,ACTOR,13
Whindersson Nunes: Adulto,MOVIE,2019,68,comedy,BR,7.1,405.0,5.23,7.864,Whindersson Nunes,ACTOR,187
Octonauts and the Great Barrier Reef,MOVIE,2020,47,family,GB,6.7,166.0,5.195,5.0,Simon Greenall,ACTOR,-1
Go! Go! Cory Carson: The Chrissy,MOVIE,2020,42,animation,JP,6.540941965073206,21150.29081903414,5.027,5.2,Alan C. Lim,ACTOR,22
"Sí, Mi Amor",MOVIE,2020,100,comedy,PE,6.540941965073206,21150.29081903414,4.956,7.0,Yiddá Eslava,ACTOR,-1
Unabomber: In His Own Words,SHOW,2020,44,crime,US,7.2,3729.0,4.943,7.0,Ted Kaczynski,ACTOR,135
The House of Flowers Presents: The Funeral,MOVIE,2019,35,comedy,MX,6.540941965073206,21150.29081903414,4.925,6.8,Cecilia Suárez,ACTOR,43
100 Humans: Life's Questions. Answered.,SHOW,2020,37,documentation,US,5.8,4343.0,4.905,6.4,Haley Bockrath,ACTOR,0
The Prince of Tennis,SHOW,2019,45,drama,CN,7.6,249.0,4.864,8.7,Zhang Yi Jie,ACTOR,125
Brother in Love,MOVIE,2019,115,comedy,TR,7.0,6942.0,4.846,7.0,Cem Gelinoğlu,ACTOR,52
Stay Tuned!,SHOW,2019,44,comedy,JP,7.4,390.0,4.824,7.3,Kyoko Yoshine,ACTOR,63
Dilan 1991,MOVIE,2019,118,drama,ID,6.5,1169.0,4.787,6.9,Iqbaal Dhiafakhri Ramadhan,ACTOR,120
The Blue Elephant 2,MOVIE,2019,129,thriller,EG,8.0,10293.0,4.73,8.0,Karim Abdel Aziz,ACTOR,108
Ma Rainey's Black Bottom: A Legacy Brought to Screen,MOVIE,2020,31,documentation,US,6.540941965073206,21150.29081903414,4.722,6.1,Glynn Turman,ACTOR,66
Beyblade Burst Surge,SHOW,2020,23,animation,JP,8.9,59.0,4.689,7.6,Unknown,Unknown,33
Four Sisters Before the Wedding,MOVIE,2020,117,comedy,PH,6.1,221.0,4.448,6.2,Alexa Ilacad,ACTOR,107
The Stand at Paxton County,MOVIE,2020,102,thriller,US,6.4,1177.0,4.446,6.0,Jacqueline Toboni,ACTOR,19
Hello Ninja,SHOW,2019,13,action,US,6.9,130.0,4.426,6.1,Lukas Engel,ACTOR,30
Tom Papa: You're Doing Great!,MOVIE,2020,60,comedy,US,7.2,961.0,4.403,6.143,Tom Papa,ACTOR,4
Alelí,MOVIE,2020,88,comedy,AR,6.3,392.0,4.265,6.3,Néstor Guzzini,ACTOR,23
Rhyme Time Town,SHOW,2020,22,comedy,US,7.8,83.0,4.131,7.3,Luke Amis,ACTOR,16
Alice Júnior,MOVIE,2020,90,drama,BR,6.9,586.0,4.058,6.4,Anne Celestino,ACTOR,119
Maska,MOVIE,2020,111,comedy,IN,5.9,1514.0,4.057,5.6,Manisha Koirala,ACTOR,24
Paranormal Investigation,MOVIE,2019,92,horror,FR,3.7,1750.0,4.036,4.6,Jean-Baptiste Heuet,ACTOR,64
Lingua Franca,MOVIE,2020,95,drama,PH,6.6,778.0,4.019,6.4,Isabel Sandoval,ACTOR,110
You Are My Home,MOVIE,2020,92,family,US,6.540941965073206,21150.29081903414,3.995,6.9,Alyssa Milano,ACTOR,136
David A. Arnold Fat Ballerina,MOVIE,2020,60,comedy,US,7.0,130.0,3.963,5.1,David A. Arnold,ACTOR,4
Leyla Everlasting,MOVIE,2020,112,comedy,TR,3.7,7658.0,3.924,3.721,Demet Akbağ,ACTOR,52
"The Witcher Bestiary Season 1, Part 2",MOVIE,2020,10,documentation,US,6.540941965073206,21150.29081903414,3.836,5.7,Henry Cavill,ACTOR,66
Boi,MOVIE,2019,111,thriller,ES,6.540941965073206,21150.29081903414,3.78,4.8,Bernat Quintana,ACTOR,177
Sing On! Spain,SHOW,2020,39,music,ES,6.3,141.0,3.749,6.8,Ricky Merino,ACTOR,-1
True: Terrific Tales,SHOW,2020,8,animation,US,6.9,26.0,3.744,8.5,Michela Luci,ACTOR,32
Morphle,SHOW,2019,16,family,NL,5.3,96.0,3.706,6.0,Arthur van Merwijk,ACTOR,-1
Cargo,MOVIE,2020,113,scifi,IN,5.6,3008.0,3.664,5.0,Vikrant Massey,ACTOR,-1
Pinkfong & Baby Shark's Space Adventure,MOVIE,2020,66,animation,KR,5.1,74.0,3.61,5.3,Jo Kyoung-i,ACTOR,-1
Cairo's Class,SHOW,2019,33,drama,KW,5.9,138.0,3.606,8.0,Unknown,Unknown,202
A New York Christmas Wedding,MOVIE,2020,88,drama,US,5.3,1316.0,3.603,5.7,Nia Fairweather,ACTOR,1
The Book of Sun,MOVIE,2020,130,drama,SA,7.9,9938.0,3.588,7.9,Baraa Alem,ACTOR,-1
This Earth of Mankind,MOVIE,2019,181,drama,ID,6.8,803.0,3.541,7.2,Iqbaal Dhiafakhri Ramadhan,ACTOR,120
Super Monsters: Dia de los Monsters,MOVIE,2020,25,animation,CA,6.540941965073206,21150.29081903414,3.54,7.6,Nicole Anthony,ACTOR,175
Nowhere Man,SHOW,2019,60,crime,TW,5.7,395.0,3.525,6.3,Alyssa Chia,ACTOR,-1
Wheels of Fortune,MOVIE,2020,107,comedy,US,5.4,878.0,3.482,5.2,Matt Jones,ACTOR,4
The Writer,SHOW,2019,36,drama,LB,8.2,35.0,3.48,8.5,Daniella Rahme,ACTOR,-1
Beauty and the Bestie,MOVIE,2019,119,drama,PH,4.7,318.0,3.455,4.5,Vice Ganda,ACTOR,110
Yanxi Palace: Princess Adventures,SHOW,2019,45,drama,CN,6.540941965073206,21150.29081903414,3.449,7.75,Wang Herun,ACTOR,125
A Go! Go! Cory Carson Halloween,MOVIE,2020,21,animation,,6.5,60.0,3.425,7.0,Alan C. Lim,ACTOR,111
Michelle Buteau: Welcome to Buteaupia,MOVIE,2020,58,comedy,US,7.0,631.0,3.389,6.9,Michelle Buteau,ACTOR,4
Captain Underpants: Epic Choice-o-rama,MOVIE,2020,37,fantasy,US,6.4,80.0,3.379,8.0,Nat Faxon,ACTOR,18
Bridezilla,MOVIE,2019,93,drama,ID,6.0,56.0,3.335,5.8,Jessica Mila,ACTOR,120
Kids on the Block,MOVIE,2019,103,comedy,TR,5.7,393.0,3.324,5.0,Selim Bayraktar,ACTOR,52
Velvet Colección: Grand Finale,MOVIE,2020,82,romance,ES,7.2,8.0,3.277,3.7,Paula Echevarría,ACTOR,75
Larry the Cable Guy: Remain Seated,MOVIE,2020,67,comedy,US,6.7,286.0,3.276,6.8,Larry the Cable Guy,ACTOR,4
"Blue, Painful, Fragile",MOVIE,2020,118,action,JP,6.0,189.0,3.271,6.0,Ryo Yoshizawa,ACTOR,81
2 Weeks in Lagos,MOVIE,2019,107,romance,NG,6.2,52.0,3.245,2.0,Beverly Naya,ACTOR,138
Bangkok Love Stories: Plead,SHOW,2019,44,drama,TH,7.3,61.0,3.235,9.0,Varot Makaduan,ACTOR,173
Bangkok Buddies,SHOW,2019,40,drama,TH,7.1,18.0,3.22,10.0,Few Vayu Kessuvit,ACTOR,173
Generasi 90an: Melankolia,MOVIE,2020,94,drama,ID,6.540941965073206,21150.29081903414,3.214,7.3,Ari Irham,ACTOR,120
Ari Eldjárn: Pardon My Icelandic,MOVIE,2020,54,comedy,IS,6.540941965073206,21150.29081903414,3.2,7.4,Ari Eldjárn,ACTOR,-1
Arashi's Diary: Voyage,SHOW,2019,31,documentation,JP,7.8,46.0,3.181,8.286,Sho Sakurai,ACTOR,-1
Super Monsters Back to School,MOVIE,2019,23,animation,US,6.2,29.0,3.168,5.2,Elyse Maloway,ACTOR,71
True: Rainbow Rescue,MOVIE,2020,23,animation,US,6.540941965073206,21150.29081903414,3.16,5.7,Michela Luci,ACTOR,71
American Factory: A Conversation with the Obamas,MOVIE,2019,10,documentation,US,6.540941965073206,21150.29081903414,3.153,5.4,Barack Obama,ACTOR,66
Bookmarks: Celebrating Black Voices,SHOW,2020,7,family,US,5.6,168.0,3.143,5.4,Marley Dias,ACTOR,37
Edoardo Ferrario: Temi Caldi,MOVIE,2019,65,comedy,IT,6.4,142.0,3.134,6.7,Edoardo Ferrario,ACTOR,182
Dollar,SHOW,2019,40,action,LB,6.7,620.0,3.133,8.0,Adel Karam,ACTOR,-1
Vikruthi,MOVIE,2019,123,comedy,IN,7.4,1629.0,3.117,6.8,Suraj Venjaramoodu,ACTOR,24
Shikara,MOVIE,2020,118,romance,IN,3.3,15311.0,3.108,5.0,Aadil Khan,ACTOR,9
Afonso Padilha: Classless,MOVIE,2020,63,comedy,BR,6.9,230.0,3.107,7.8,Afonso Padilha,ACTOR,187
Eggnoid,MOVIE,2019,102,scifi,ID,6.3,95.0,3.08,6.8,Morgan Oey,ACTOR,-1
Thiago Ventura: POKAS,MOVIE,2020,82,comedy,BR,6.6,220.0,3.067,6.986,Thiago Ventura,ACTOR,187
Justine,MOVIE,2020,105,drama,US,6.7,845.0,3.06,6.5,Stephanie Turner,ACTOR,1
Dreamy Eyes,MOVIE,2019,117,drama,VN,6.9,1001.0,3.029,6.9,Trúc Anh,ACTOR,-1
Kaamyaab,MOVIE,2020,109,drama,IN,6.540941965073206,21150.29081903414,3.023,6.5,Sanjay Mishra,ACTOR,8
Tee Shot: Ariya Jutanugarn,MOVIE,2019,103,drama,TH,6.540941965073206,21150.29081903414,3.007,4.9,Thaneth Warakulnukroh,ACTOR,-1
The House Arrest of Us,SHOW,2020,26,comedy,PH,5.5,147.0,2.997,2.0,Kathryn Bernardo,ACTOR,-1
Maniyarayile Ashokan,MOVIE,2020,110,comedy,IN,4.7,1305.0,2.971,3.5,Jacob Gregory,ACTOR,24
Omo Ghetto: The Saga,MOVIE,2020,110,comedy,NG,7.6,79.0,2.948,4.3,Funke Akindele,ACTOR,121
Sexy Central,SHOW,2019,28,comedy,HK,6.540941965073206,21150.29081903414,2.926,5.0,Kelly Chen Jia-li,ACTOR,-1
"Martin Matte: La vie, la mort... eh la la..!",MOVIE,2019,61,comedy,CA,6.7,108.0,2.913,7.5,Martin Matte,ACTOR,74
Hunter in the Blue Side of Manchester,MOVIE,2020,89,drama,ID,5.8,49.0,2.909,6.633193712829227,Adipati Dolken,ACTOR,120
Fary: Hexagone,SHOW,2020,54,comedy,FR,6.4,138.0,2.904,6.3,Fary,ACTOR,40
Mundina Nildana,MOVIE,2019,106,comedy,IN,6.3,377.0,2.895,6.0,Praveen Tej,ACTOR,24
StarBeam: Halloween Hero,MOVIE,2020,33,animation,CA,6.540941965073206,21150.29081903414,2.882,8.0,Nahanni Mitchell,ACTOR,175
The Good Bandit,SHOW,2019,44,drama,CO,6.8,105.0,2.87,7.4,Diego Vásquez,ACTOR,49
Hong Kong West Side Stories,SHOW,2019,22,drama,HK,6.6,6.0,2.869,8.3,Louis Cheung,ACTOR,-1
Making Unorthodox,MOVIE,2020,21,documentation,DE,6.540941965073206,21150.29081903414,2.838,7.8,Marlene Melchior,DIRECTOR,10
Awake: The Million Dollar Game,SHOW,2019,38,reality,US,6.0,837.0,2.834,6.2,Russell Rope,ACTOR,26
A Go! Go! Cory Carson Summer Camp,MOVIE,2020,20,animation,US,6.540941965073206,21150.29081903414,2.822,2.5,Alan C. Lim,ACTOR,71
Jai Mummy Di,MOVIE,2020,103,comedy,IN,3.7,1001.0,2.811,5.7,Sunny Singh Nijjar,ACTOR,24
Pressure Cooker,MOVIE,2020,135,comedy,IN,6.540941965073206,21150.29081903414,2.772,5.3,Preethi Asrani,ACTOR,24
Home Game,SHOW,2020,29,documentation,US,7.0,911.0,2.757,6.1,Unknown,Unknown,0
Story of Kale: When Someone's in Love,MOVIE,2020,77,drama,ID,6.4,307.0,2.756,7.2,Ardhito Pramono,ACTOR,120
Los Tigres del Norte at Folsom Prison,MOVIE,2019,64,documentation,US,7.0,185.0,2.734,6.4,Tom Donahue,DIRECTOR,66
RK Nagar,MOVIE,2019,110,comedy,IN,5.2,144.0,2.722,4.0,Vaibhav Reddy,ACTOR,24
Youth v Gov,MOVIE,2020,110,documentation,US,7.1,86.0,2.697,5.5,Christi Cooper,DIRECTOR,66
Alex Fernández: The Best Comedian in the World,MOVIE,2020,51,comedy,MX,6.3,147.0,2.688,4.5,Alex Fernández,ACTOR,43
Holy Expectations,MOVIE,2019,89,comedy,CO,5.1,26.0,2.651,6.5,Unknown,Unknown,189
"Lorena, Light-footed Woman",MOVIE,2019,28,documentation,MX,6.540941965073206,21150.29081903414,2.65,6.6,Lorena Ramirez,ACTOR,181
Sab el-Burumbah,MOVIE,2019,95,comedy,EG,5.6,583.0,2.648,4.917,Ramez Galal,ACTOR,105
David Batra: Elephant in The Room,MOVIE,2020,77,comedy,SE,5.9,215.0,2.645,5.0,David Batra,ACTOR,-1
Forgiven,MOVIE,2020,80,drama,CN,4.1,274.0,2.636,4.0,Kevin Sorbo,ACTOR,61
Unroyal,MOVIE,2020,97,drama,NG,5.0,14.0,2.623,4.5,Matilda Lambert,ACTOR,80
Ave Maryam,MOVIE,2019,74,romance,ID,6.9,518.0,2.594,6.1,Maudy Koesnaedi,ACTOR,-1
Super Monsters: Santa's Super Monster Helpers,MOVIE,2020,24,animation,US,4.5,25.0,2.591,7.7,Asia Mattu,ACTOR,71
The Wedding Shaman,MOVIE,2019,111,drama,ID,7.1,167.0,2.582,6.5,Atiqah Hasiholan,ACTOR,120
Power Players,SHOW,2019,11,comedy,US,6.0,91.0,2.576,6.633193712829227,Carlos Salazar,ACTOR,16
Irandam Ulagaporin Kadaisi Gundu,MOVIE,2019,141,thriller,IN,7.2,1003.0,2.567,6.563,Dinesh Ravi,ACTOR,13
Rhys Nicholson: Live at the Athenaeum,MOVIE,2020,65,comedy,,7.5,421.0,2.544,7.0,Rhys Nicholson,ACTOR,139
"Yours Sincerely, Kanan Gill",MOVIE,2020,72,comedy,IN,7.1,1025.0,2.528,6.0,Kanan Gill,ACTOR,24
Spirit Riding Free: Ride Along Adventure,MOVIE,2020,22,animation,US,6.0,65.0,2.513,8.7,Unknown,Unknown,71
Spookley and the Christmas Kittens,MOVIE,2019,44,animation,US,6.540941965073206,21150.29081903414,2.507,6.633193712829227,Vlasta Vrana,ACTOR,71
Uriyadi 2,MOVIE,2019,119,action,IN,7.0,920.0,2.452,7.0,Vijay Kumar,ACTOR,14
Wira,MOVIE,2019,108,action,MY,6.3,537.0,2.438,5.4,Hairul Azreen,ACTOR,-1
Once Upon A Time,SHOW,2019,39,drama,EG,6.540941965073206,21150.29081903414,2.37,8.0,Ruby,ACTOR,203
My Stupid Boss 2,MOVIE,2019,94,comedy,ID,6.6,496.0,2.324,6.1,Reza Rahadian,ACTOR,163
Indoo Ki Jawani,MOVIE,2020,115,comedy,IN,3.0,6075.0,2.296,4.0,Kiara Advani,ACTOR,24
Marjoun and the Flying Headscarf,MOVIE,2019,84,drama,US,6.8,42.0,2.278,6.633193712829227,Veracity Butcher,ACTOR,1
Finding Hubby,MOVIE,2020,104,comedy,NG,4.2,44.0,2.262,2.7,Munachi Abii,ACTOR,121
One Day We'll Talk About Today,MOVIE,2020,121,drama,ID,7.4,1278.0,2.257,7.7,Rachel Amanda,ACTOR,120
Sew the Winter to My Skin,MOVIE,2019,118,action,DE,5.4,154.0,2.206,10.0,Ezra Mabengeza,ACTOR,-1
Nenjamundu Nermaiyundu Odu Raja,MOVIE,2019,128,romance,IN,6.1,388.0,2.173,5.3,Rio Raj,ACTOR,9
Miss Culinary,SHOW,2019,46,drama,TH,6.540941965073206,21150.29081903414,2.139,8.0,Jason Young,ACTOR,173
Elf Pets: Santa's Reindeer Rescue,MOVIE,2020,26,animation,,6.540941965073206,21150.29081903414,2.137,4.2,Brad Hyland,ACTOR,111
House Arrest,MOVIE,2019,104,comedy,IN,5.5,1739.0,2.127,6.6,Ali Fazal,ACTOR,24
True: Wuzzle Wegg Day,MOVIE,2020,23,comedy,CA,6.540941965073206,21150.29081903414,2.086,2.0,Michela Luci,ACTOR,74
I'm Glad I Did,MOVIE,2020,123,documentation,TR,8.4,1533.0,2.084,8.4,Tilbe Saran,ACTOR,-1
Chippa,MOVIE,2020,90,drama,IN,6.5,1153.0,2.079,5.7,Sunny Pawar,ACTOR,8
Soulmate,MOVIE,2020,106,drama,EG,6.540941965073206,21150.29081903414,2.068,5.8,Hassan El Raddad,ACTOR,7
Answer for Heaven,SHOW,2019,42,comedy,TH,6.540941965073206,21150.29081903414,2.067,9.0,Sunny Suwanmethanon,ACTOR,-1
Ratones Paranoicos: The Band That Rocked Argentina,MOVIE,2019,76,documentation,AR,6.540941965073206,21150.29081903414,2.055,2.0,Juan Sebastián Gutierrez,ACTOR,188
Wave of Cinema: Generasi 90an,MOVIE,2020,51,music,ID,6.540941965073206,21150.29081903414,2.042,6.633193712829227,Gamaliel Tapiheru,ACTOR,-1
Door Ke Darshan,MOVIE,2020,114,comedy,IN,6.540941965073206,21150.29081903414,1.997,4.8,Mahie Gill,ACTOR,24
True: Happy Hearts Day,MOVIE,2019,23,animation,CA,6.540941965073206,21150.29081903414,1.987,5.8,Michela Luci,ACTOR,175
Luccas Neto in: Children's Day,MOVIE,2019,81,comedy,BR,2.9,14.0,1.965,8.2,Luccas Neto,ACTOR,187
Luccas Neto in: The End of Christmas,MOVIE,2019,71,comedy,,6.540941965073206,21150.29081903414,1.96,7.2,Luccas Neto,ACTOR,139
Guvva Gorinka,MOVIE,2020,121,romance,IN,5.1,181.0,1.96,10.0,Satyadev Kancharana,ACTOR,9
Mauricio Meirelles: Generating Chaos,MOVIE,2020,63,comedy,BR,6.540941965073206,21150.29081903414,1.956,7.038,Maurício Meirelles,ACTOR,187
True Tunes,SHOW,2019,3,family,US,8.7,13.0,1.946,10.0,Unknown,Unknown,37
No hay tiempo para la vergüenza,SHOW,2019,43,reality,AR,5.9,86.0,1.938,10.0,Unknown,Unknown,-1
Oldsters,SHOW,2020,46,comedy,CL,6.540941965073206,21150.29081903414,1.929,6.633193712829227,Patricio Contreras,ACTOR,-1
Penalty,MOVIE,2019,128,sport,IN,5.3,915.0,1.922,5.0,Kay Kay Menon,ACTOR,-1
Rubaru Roshni,MOVIE,2019,110,documentation,IN,8.6,622.0,1.912,7.7,Aamir Khan,ACTOR,79
Habaddi,MOVIE,2020,110,drama,IN,7.3,58.0,1.893,6.0,Karan Dave,ACTOR,8
Felipe Esparza: Bad Decisions,SHOW,2020,62,comedy,US,5.4,184.0,1.891,7.333,Felipe Esparza,ACTOR,16
Ladies Up,SHOW,2020,17,reality,IN,4.4,253.0,1.847,6.0,Supriya Joshi,ACTOR,-1
The Smart Money Woman,SHOW,2020,49,drama,NG,6.5,124.0,1.842,2.0,Unknown,Unknown,-1
The Knight and the Princess,MOVIE,2019,97,animation,EG,5.6,425.0,1.798,2.0,Medhat Saleh,ACTOR,-1
Aaviri,MOVIE,2019,113,thriller,IN,3.6,121.0,1.786,7.0,Neha Chauhan,ACTOR,13
A Perfect Day for Arsenide,SHOW,2020,23,drama,HK,5.0,25.0,1.765,2.0,Hanna Chan,ACTOR,-1
Motu Patlu the Superheroes – Super Villains from Mars,MOVIE,2019,79,animation,,6.540941965073206,21150.29081903414,1.733,10.0,Suhas Kadav,DIRECTOR,111
Wanted - Matloubin,MOVIE,2019,90,drama,LB,4.8,625.0,1.719,7.0,Nibal Arakji,DIRECTOR,21
Vernacular Plan,MOVIE,2020,90,comedy,EG,6.540941965073206,21150.29081903414,1.698,4.7,Ali Rabie,ACTOR,105
Surviving R. Kelly: The Impact,MOVIE,2019,120,documentation,US,6.2,113.0,1.689,7.8,Soledad O'Brien,ACTOR,66
U-Turn,MOVIE,2020,120,thriller,PH,4.4,302.0,1.674,5.7,Kim Chiu,ACTOR,-1
Kalek Shanab,MOVIE,2019,80,comedy,AE,6.540941965073206,21150.29081903414,1.672,2.0,Ammar Al Rahma,ACTOR,139
Albert  Pinto Ko Gussa Kyun Aata Hai?,MOVIE,2019,94,drama,IN,5.1,1803.0,1.645,4.5,Manav Kaul,ACTOR,8
Hakkunde,MOVIE,2020,92,comedy,NG,6.6,50.0,1.633,2.0,Toyin Aimakhu-Johnson,ACTOR,121
Maradona's Legs,MOVIE,2019,24,drama,DE,6.540941965073206,21150.29081903414,1.63,7.8,Faris Abbas,ACTOR,47
Si Doel the Movie 2,MOVIE,2019,95,drama,ID,6.8,187.0,1.625,7.5,Rano Karno,ACTOR,120
Guddiyan Patole,MOVIE,2019,127,drama,IN,7.0,813.0,1.615,9.3,Sonam Bajwa,ACTOR,8
Word Party Songs,SHOW,2020,0,animation,US,4.0,19.0,1.613,7.3,Unknown,Unknown,32
The Beginning of Life 2: Outside,MOVIE,2020,92,documentation,BR,8.0,22.0,1.611,6.3,Renata Terra,DIRECTOR,131
"Beirut, Oh Beirut",MOVIE,2020,110,drama,LB,6.5,118.0,1.611,7.2,Ezzat Al Alaily,ACTOR,21
Mighty Little Bheem: Festival of Colors,SHOW,2020,6,animation,IN,7.8,38.0,1.604,6.633193712829227,Unknown,Unknown,-1
True: Friendship Day,MOVIE,2020,23,animation,CA,6.9,26.0,1.576,6.0,Michela Luci,ACTOR,175
Love Is War,MOVIE,2019,111,drama,NG,6.540941965073206,21150.29081903414,1.573,2.0,Omoni Oboli,ACTOR,80
The War Against Women,MOVIE,2019,62,documentation,ES,7.3,74.0,1.569,6.4,Hernán Zin,DIRECTOR,137
Elevator Baby,MOVIE,2019,83,comedy,NG,6.5,104.0,1.568,4.0,Toyin Abraham,ACTOR,121
Sugar Rush,MOVIE,2019,123,drama,NG,5.2,118.0,1.561,8.3,Adesua Etomi,ACTOR,80
Lola Igna,MOVIE,2019,114,drama,PH,7.3,258.0,1.534,8.0,Angie Ferro,ACTOR,110
This Lady Called Life,MOVIE,2020,120,drama,NG,7.2,66.0,1.512,6.633193712829227,Bisola Aiyeola,ACTOR,80
Thomas & Friends: Marvelous Machinery,MOVIE,2020,59,fantasy,CA,6.1,16.0,1.491,2.0,Unknown,Unknown,180
Ali & Alia,MOVIE,2020,105,romance,EG,5.1,38.0,1.487,6.633193712829227,Khalifa Albhri,ACTOR,109
Ibrahim: A Fate to Define,MOVIE,2019,75,documentation,PS,7.4,34.0,1.478,2.0,Lina Al Abed,DIRECTOR,-1
Bhai - Vyakti Ki Valli 2,MOVIE,2019,130,drama,IN,7.6,219.0,1.474,8.0,Sagar Deshmukh,ACTOR,8
Sakaling Maging Tayo,MOVIE,2019,90,comedy,PH,6.7,88.0,1.469,8.0,McCoy De Leon,ACTOR,107
Hire a Woman,MOVIE,2019,109,comedy,NG,7.1,35.0,1.466,6.633193712829227,Uzor Arukwe,ACTOR,121
Mohamed Hussein,MOVIE,2019,96,comedy,EG,6.540941965073206,21150.29081903414,1.44,6.3,Mohamed Saad,ACTOR,105
Jada,MOVIE,2019,16,drama,US,5.4,170.0,1.44,4.0,Kathir,ACTOR,1
Buddi,SHOW,2020,10,comedy,GB,7.4,62.0,1.423,10.0,Unknown,Unknown,5
Small Chops,MOVIE,2020,98,drama,NG,3.3,34.0,1.4,6.633193712829227,Nkem Owho,ACTOR,80
Wave of Cinema: Filosofi Kopi,MOVIE,2020,90,music,ID,6.540941965073206,21150.29081903414,1.4,6.633193712829227,Maliq & D'Essentials,ACTOR,-1
Thomas & Friends: Digs & Discoveries,MOVIE,2019,64,animation,,6.540941965073206,21150.29081903414,1.4,5.7,Joey So,DIRECTOR,111
Tales of Africa,SHOW,2019,16,drama,,6.540941965073206,21150.29081903414,1.352,6.633193712829227,Unknown,Unknown,141
Uncle Naji in UAE,MOVIE,2019,95,comedy,AE,5.3,66.0,1.351,10.0,Mohamed Alkendi,ACTOR,139
One More Try,MOVIE,2020,100,drama,PH,6.0,213.0,1.338,6.0,Angelica Panganiban,ACTOR,110
Aziza,MOVIE,2019,13,comedy,SY,6.540941965073206,21150.29081903414,1.33,5.2,Abdel Moneim Amayri,ACTOR,-1
Sethum Aayiram Pon,MOVIE,2020,102,drama,IN,7.1,366.0,1.312,6.0,Nivedhithaa Sathish,ACTOR,8
O Pitta Katha,MOVIE,2020,128,thriller,IN,6.9,535.0,1.304,6.5,Nitya Shetty,ACTOR,13
High End Yaariyaan,MOVIE,2019,140,comedy,IN,5.6,1537.0,1.299,7.5,Jassie Gill,ACTOR,24
Stunt School,MOVIE,2019,95,comedy,TR,4.4,1199.0,1.29,4.1,Aslı İnandık,ACTOR,52
Summoning Amr's Guardian,MOVIE,2019,90,comedy,EG,6.540941965073206,21150.29081903414,1.225,6.633193712829227,Horeya Farghaly,ACTOR,105
One Like It,MOVIE,2020,14,drama,EG,6.540941965073206,21150.29081903414,1.217,3.5,Reham Abdelghafour,ACTOR,7
Dear Affy,MOVIE,2020,126,drama,NG,5.2,5.0,1.192,6.633193712829227,Kehinde Bankole,ACTOR,80
Carlos Almaraz: Playing with Fire,MOVIE,2020,82,documentation,US,7.7,73.0,1.176,4.5,Zack De La Rocha,ACTOR,66
We Are All for the Fatherland,MOVIE,2020,74,documentation,CA,6.4,55.0,1.117,5.2,Maroun Bagdadi,DIRECTOR,15
Chhota Bheem Ka Roosi Romanch,MOVIE,2019,62,animation,,6.540941965073206,21150.29081903414,1.116,6.633193712829227,Julie Tejwani,ACTOR,111
Beyblade Burst Rise,SHOW,2019,0,action,JP,6.0,193.0,1.112,6.633193712829227,Unknown,Unknown,27
Motu Patlu in the Game of Zones,MOVIE,2019,87,animation,IN,6.540941965073206,21150.29081903414,1.076,10.0,Saurav Chakraborty,ACTOR,103
Kaagar,MOVIE,2019,129,crime,IN,6.1,70.0,0.99,6.633193712829227,Rinku Rajguru,ACTOR,12
The American Game,MOVIE,2019,92,comedy,EG,6.540941965073206,21150.29081903414,0.951,5.0,Ahmed Fahmy,ACTOR,105
Grego Rossello: Disculpe las molestias,MOVIE,2019,65,comedy,AR,5.2,30.0,0.947,3.0,Grego Rossello,ACTOR,23
Tobot Galaxy Detectives,SHOW,2020,13,animation,KR,6.6,17.0,0.932,6.633193712829227,Unknown,Unknown,89
Freej Al Taibeen,MOVIE,2020,100,comedy,AE,5.9,10.0,0.929,2.0,Khalid Al Nuaimi,ACTOR,139
The End,MOVIE,2019,97,crime,KW,6.540941965073206,21150.29081903414,0.912,6.633193712829227,Tim Waddell,ACTOR,-1
One Take,MOVIE,2020,85,music,TH,5.9,52.0,0.863,6.633193712829227,Rasmus Dankert,ACTOR,-1
Seven,MOVIE,2019,113,drama,NG,7.2,32.0,0.84,6.633193712829227,Efa Iwara,ACTOR,80
Waraqat Gameia,MOVIE,2020,93,drama,EG,6.540941965073206,21150.29081903414,0.695,10.0,Lucy,ACTOR,7
Three Thieves,MOVIE,2019,108,comedy,NG,7.3,8.0,0.686,6.633193712829227,Shawn Faqua,ACTOR,121
Garth Brooks: The Road I'm On,SHOW,2019,86,documentation,US,7.4,318.0,0.637,8.667,Garth Brooks,ACTOR,0
Encounters,SHOW,2019,22,comedy,NG,6.540941965073206,21150.29081903414,0.626,6.633193712829227,Adeola Osunkojo,DIRECTOR,-1
마법버스 타요,SHOW,2020,17,drama,KR,6.540941965073206,21150.29081903414,0.62,6.633193712829227,Unknown,Unknown,90
뽀로로 동화나라,SHOW,2020,14,animation,KR,6.540941965073206,21150.29081903414,0.612,6.633193712829227,Unknown,Unknown,89
Awon Boyz,MOVIE,2019,39,documentation,NG,6.540941965073206,21150.29081903414,0.6,6.633193712829227,Tolulope Itegboje,DIRECTOR,-1
My Next Guest with David Letterman and Shah Rukh Khan,MOVIE,2019,61,documentation,US,6.540941965073206,21150.29081903414,0.6,8.0,David Letterman,ACTOR,66
糖糖Online,SHOW,2019,24,family,TW,5.8,23.0,0.6,10.0,Chiao Yuan-Yuan,ACTOR,-1
Mama Drama,MOVIE,2020,105,drama,NG,5.9,9.0,0.6,6.633193712829227,Osas Ighodaro,ACTOR,80
In Vitro,MOVIE,2019,27,drama,,7.7,21150.29081903414,19.267195915153582,6.633193712829227,Unknown,Unknown,38
Bread Barbershop,SHOW,2020,12,comedy,KR,7.1,172.0,19.267195915153582,6.633193712829227,Unknown,Unknown,72
Asura Guru,MOVIE,2020,120,action,IN,3.2,342.0,19.267195915153582,6.633193712829227,Unknown,Unknown,14
Krishna and His Leela,MOVIE,2020,125,comedy,IN,5.6,1629.0,19.267195915153582,6.633193712829227,Unknown,Unknown,24
Fan of Amoory,MOVIE,2019,91,drama,AE,6.2,46.0,19.267195915153582,6.633193712829227,Unknown,Unknown,38
Si Doel the Movie 3,MOVIE,2020,93,drama,,6.6,137.0,19.267195915153582,6.633193712829227,Unknown,Unknown,38
Kappela,MOVIE,2020,113,comedy,IN,7.5,3455.0,19.267195915153582,6.633193712829227,Unknown,Unknown,24
The Rope Curse 2,MOVIE,2020,104,horror,TW,4.7,393.0,19.267195915153582,6.633193712829227,Unknown,Unknown,190
Nothing to Lose 2,MOVIE,2019,96,drama,BR,3.1,674.0,19.267195915153582,6.633193712829227,Unknown,Unknown,119
The Blue Whale,MOVIE,2020,76,thriller,EG,6.540941965073206,21150.29081903414,19.267195915153582,6.633193712829227,Randa ElBehairy,ACTOR,108
Booba: Food Puzzle,SHOW,2020,3,animation,GB,8.5,53.0,19.267195915153582,6.633193712829227,Unknown,Unknown,20
Patton Oswalt: I Love Everything,SHOW,2020,60,drama,,6.540941965073206,21150.29081903414,19.267195915153582,6.633193712829227,Unknown,Unknown,141
Heroes of Goo Jit Zu,SHOW,2019,12,scifi,AU,8.0,33.0,19.267195915153582,6.633193712829227,Unknown,Unknown,-1
Mariposa,MOVIE,2020,117,comedy,,6.7,777.0,19.267195915153582,6.633193712829227,Unknown,Unknown,139
Restaurants on the Edge,SHOW,2019,47,reality,,6.8,1021.0,19.267195915153582,6.633193712829227,Unknown,Unknown,112
Badanamu Stories,SHOW,2020,13,animation,,6.8,10.0,19.267195915153582,6.633193712829227,Unknown,Unknown,-1
Time Out,MOVIE,2019,93,comedy,,5.9,57.0,19.267195915153582,6.633193712829227,Unknown,Unknown,139
Nimbe: The Movie,MOVIE,2019,110,drama,,6.1,62.0,19.267195915153582,6.633193712829227,Unknown,Unknown,38
Cunk on Earth,SHOW,2022,29,comedy,GB,8.1,11817.0,33.282,8.0,Diane Morgan,ACTOR,5
Wednesday,SHOW,2022,49,comedy,US,8.1,287649.0,833.087,8.632,Jenna Ortega,ACTOR,16
The Woman King,MOVIE,2022,135,drama,US,6.8,54238.0,383.557,7.8,Viola Davis,ACTOR,1
All Quiet on the Western Front,MOVIE,2022,147,drama,DE,7.8,161212.0,290.665,7.755,Felix Kammerer,ACTOR,47
Glass Onion: A Knives Out Mystery,MOVIE,2022,140,comedy,US,7.2,354567.0,279.117,7.088,Daniel Craig,ACTOR,4
Red Rose,SHOW,2022,45,drama,GB,6.4,4071.0,24.596,6.679,Amelia Clarkson,ACTOR,114
Bullet Train,MOVIE,2022,127,thriller,US,7.3,312411.0,222.697,7.497,Brad Pitt,ACTOR,19
1899,SHOW,2022,53,thriller,DE,7.4,93155.0,225.247,7.725,Emily Beecham,ACTOR,-1
The Sandman,SHOW,2022,49,drama,US,7.7,152493.0,161.139,8.107,Tom Sturridge,ACTOR,39
White Noise,MOVIE,2022,136,horror,GB,5.7,35282.0,34.191,5.607,Adam Driver,ACTOR,-1
The Recruit,SHOW,2022,55,drama,US,7.4,31519.0,96.53,7.686,Noah Centineo,ACTOR,39
RRR,MOVIE,2022,187,drama,IN,7.9,138908.0,193.526,7.745,N. T. Rama Rao Jr.,ACTOR,8
Emily the Criminal,MOVIE,2022,97,drama,US,6.7,37251.0,147.439,6.8,Aubrey Plaza,ACTOR,1
We Have a Ghost,MOVIE,2022,126,horror,US,6.1,15323.0,415.15,6.536,David Harbour,ACTOR,31
Sex/Life,SHOW,2021,50,comedy,US,5.5,23739.0,486.479,7.131,Sarah Shahi,ACTOR,16
The Pale Blue Eye,MOVIE,2022,128,crime,US,6.6,93382.0,454.802,7.005,Christian Bale,ACTOR,3
Ginny & Georgia,SHOW,2021,56,drama,US,7.5,67453.0,173.048,8.122,Antonia Gentry,ACTOR,39
Guillermo del Toro's Cabinet of Curiosities,SHOW,2022,56,drama,US,7.0,46227.0,110.61,7.832,Unknown,Unknown,39
Guillermo del Toro's Pinocchio,MOVIE,2022,114,drama,US,7.6,86319.0,327.079,8.276,Gregory Mann,ACTOR,1
Vikings: Valhalla,SHOW,2022,50,war,US,7.3,49057.0,197.287,7.919,Sam Corlett,ACTOR,129
Squid Game,SHOW,2021,55,action,KR,8.0,463410.0,277.024,7.838,Lee Jung-jae,ACTOR,158
Inside Man,SHOW,2022,60,drama,GB,6.6,25528.0,25.391,6.85,David Tennant,ACTOR,114
Shadow and Bone,SHOW,2021,56,scifi,US,7.6,90403.0,62.494,8.1,Jessie Mei Li,ACTOR,36
The Watcher,SHOW,2022,48,thriller,US,6.5,66515.0,106.198,7.471,Bobby Cannavale,ACTOR,54
Treason,SHOW,2022,42,action,GB,6.3,16564.0,22.288,6.92,Charlie Cox,ACTOR,-1
Where the Crawdads Sing,MOVIE,2022,125,drama,US,7.2,85330.0,66.253,7.639,Daisy Edgar-Jones,ACTOR,1
Dahmer - Monster: The Jeffrey Dahmer Story,SHOW,2022,53,crime,US,7.9,134515.0,159.223,8.104,Evan Peters,ACTOR,135
"Lyle, Lyle, Crocodile",MOVIE,2022,106,comedy,US,6.1,9359.0,220.005,7.563,Shawn Mendes,ACTOR,4
A Clean Sweep,SHOW,2022,114,reality,KR,6.540941965073206,21150.29081903414,9.093,2.0,Geun-Woo Jung,ACTOR,204
Blonde,MOVIE,2022,167,drama,US,5.5,62278.0,44.427,6.189,Ana de Armas,ACTOR,1
The Witcher: Blood Origin,SHOW,2022,51,action,US,4.7,37828.0,359.003,6.961,Laurence O'Fuarain,ACTOR,30
Minions: The Rise of Gru,MOVIE,2022,87,comedy,US,6.5,70017.0,237.341,7.458,Pierre Coffin,ACTOR,4
Arcane,SHOW,2021,41,scifi,US,9.0,219168.0,67.885,8.744,Hailee Steinfeld,ACTOR,36
The Lincoln Lawyer,SHOW,2022,56,drama,US,7.7,40162.0,27.273,7.95,Manuel Garcia-Rulfo,ACTOR,39
Narvik,MOVIE,2022,108,drama,NO,6.6,10740.0,779.484,6.9,Kristine Cornelie M. Hartgen,ACTOR,-1
Cyberpunk: Edgerunners,SHOW,2022,24,animation,JP,8.3,54177.0,80.372,8.651,KENN,ACTOR,33
Extraordinary Attorney Woo,SHOW,2022,71,drama,KR,6.540941965073206,21150.29081903414,53.233,8.384,Park Eun-bin,ACTOR,90
"BARDO, False Chronicle of a Handful of Truths",MOVIE,2022,160,comedy,MX,6.7,11511.0,21.178,7.142,Daniel Giménez Cacho,ACTOR,43
Midnight Mass,SHOW,2021,64,action,US,7.7,121193.0,37.028,7.6,Kate Siegel,ACTOR,30
The Empress,SHOW,2022,56,drama,DE,7.8,10926.0,11.475,7.808,Devrim Lingnau,ACTOR,169
The Sea Beast,MOVIE,2022,115,scifi,US,7.0,48561.0,95.896,7.524,Karl Urban,ACTOR,29
Uncharted,MOVIE,2022,116,action,US,6.3,220303.0,147.231,7.043,Tom Holland,ACTOR,17
The Gray Man,MOVIE,2022,122,action,US,6.5,209488.0,104.217,7.0,Ryan Gosling,ACTOR,17
The Midnight Club,SHOW,2022,54,drama,US,6.5,26423.0,73.307,7.029,Iman Benson,ACTOR,39
The Invitation,MOVIE,2022,105,horror,US,5.3,22569.0,128.118,6.367,Nathalie Emmanuel,ACTOR,31
Firefly Lane,SHOW,2021,51,drama,US,7.4,26425.0,19.828,7.608,Katherine Heigl,ACTOR,39
The Glory,SHOW,2022,50,drama,KR,7.9,7638.0,106.247,8.459,Song Hye-kyo,ACTOR,90
"Pepsi, Where's My Jet?",SHOW,2022,39,documentation,US,7.0,8793.0,11.256,6.9,John Leonard,ACTOR,0
Inventing Anna,SHOW,2022,68,drama,US,6.8,71039.0,34.394,7.0,Julia Garner,ACTOR,39
Women at War,SHOW,2022,52,war,FR,6.540941965073206,21150.29081903414,15.623,7.1,Camille Lou,ACTOR,-1
Lupin,SHOW,2021,46,thriller,FR,7.5,114047.0,57.121,7.798,Omar Sy,ACTOR,-1
Murderville,SHOW,2022,33,comedy,US,6.9,13966.0,7.731,6.333,Will Arnett,ACTOR,16
From Scratch,SHOW,2022,54,drama,US,7.9,13252.0,22.394,7.934,Zoe Saldaña,ACTOR,39
Don't Look Up,MOVIE,2021,143,comedy,US,7.2,548325.0,48.815,7.163,Jennifer Lawrence,ACTOR,4
Devil in Ohio,SHOW,2022,43,crime,US,5.9,16404.0,50.367,6.818,Emily Deschanel,ACTOR,135
Enola Holmes 2,MOVIE,2022,130,comedy,GB,6.7,80525.0,143.285,7.6,Millie Bobby Brown,ACTOR,6
Roald Dahl's Matilda the Musical,MOVIE,2022,117,fantasy,GB,7.1,20679.0,548.57,6.917,Alisha Weir,ACTOR,-1
Kleo,SHOW,2022,51,action,DE,7.5,10038.0,10.904,7.216,Jella Haase,ACTOR,-1
Inside Job,SHOW,2021,27,animation,US,7.7,23919.0,133.145,8.227,Lizzy Caplan,ACTOR,32
Morbius,MOVIE,2022,105,fantasy,US,5.2,132402.0,127.449,6.207,Jared Leto,ACTOR,18
Hustle,MOVIE,2022,117,drama,US,7.3,127161.0,73.49,7.821,Adam Sandler,ACTOR,1
Stutz,MOVIE,2022,96,documentation,US,7.8,13878.0,27.751,7.6,Jonah Hill,ACTOR,66
The Good Nurse,MOVIE,2022,121,crime,US,6.8,63764.0,42.928,6.944,Jessica Chastain,ACTOR,3
The Interest of Love,SHOW,2022,75,drama,KR,6.7,584.0,40.417,5.5,Yoo Yeon-seok,ACTOR,90
Record of Ragnarok,SHOW,2021,25,scifi,JP,6.3,6583.0,328.201,8.545,Miyuki Sawashiro,ACTOR,28
Wrong Side of the Tracks,SHOW,2022,73,action,ES,6.8,2588.0,176.21,6.1,Jose Coronado,ACTOR,-1
Sing 2,MOVIE,2021,110,comedy,US,7.4,72598.0,213.654,8.0,Matthew McConaughey,ACTOR,4
Blockbuster,SHOW,2022,27,comedy,US,5.1,7335.0,59.136,5.991,Randall Park,ACTOR,16
The Bastard Son & the Devil Himself,SHOW,2022,49,scifi,GB,7.5,10793.0,80.384,7.7,Jay Lycurgo,ACTOR,113
R.I.P.D. 2: Rise of the Damned,MOVIE,2022,102,comedy,US,4.5,3694.0,426.839,6.6,Jeffrey Donovan,ACTOR,4
The Adam Project,MOVIE,2022,106,drama,US,6.7,208824.0,115.649,7.064,Ryan Reynolds,ACTOR,1
The Bad Guys,MOVIE,2022,100,animation,US,6.8,45465.0,110.473,7.7,Sam Rockwell,ACTOR,71
The Wonder,MOVIE,2022,108,thriller,IE,6.6,33887.0,59.856,6.661,Florence Pugh,ACTOR,-1
Alchemy of Souls,SHOW,2022,80,action,KR,8.8,9657.0,279.309,8.662,Lee Jae-wook,ACTOR,158
Heartstopper,SHOW,2022,29,romance,GB,8.7,56680.0,56.384,8.576,Joe Locke,ACTOR,-1
Behind Her Eyes,SHOW,2021,50,drama,GB,7.2,65456.0,20.848,7.468,Simona Brown,ACTOR,114
Dragon Age: Absolution,SHOW,2022,0,animation,US,6.4,2856.0,17.781,6.526,Kimberly Brooks,ACTOR,32
Athena,MOVIE,2022,97,drama,FR,6.8,17264.0,206.816,6.7,Dali Benssalah,ACTOR,96
The Power of the Dog,MOVIE,2021,126,drama,NZ,6.8,179702.0,32.437,6.804,Benedict Cumberbatch,ACTOR,-1
The Stranger,MOVIE,2022,117,thriller,AU,6.6,18927.0,66.395,6.2,Joel Edgerton,ACTOR,-1
The Elephant Whisperers,MOVIE,2022,41,documentation,IN,6.540941965073206,21150.29081903414,10.042,7.0,Bomman,ACTOR,79
Father Stu,MOVIE,2022,124,drama,US,6.5,23288.0,35.297,7.4,Mark Wahlberg,ACTOR,1
Harry & Meghan,SHOW,2022,54,documentation,US,4.9,21699.0,7.601,6.841,Prince Harry,ACTOR,0
Single's Inferno,SHOW,2021,67,reality,KR,7.2,2343.0,29.551,7.912,Lee Da-hee,ACTOR,204
The Most Hated Man on the Internet,SHOW,2022,54,documentation,US,6.8,7015.0,8.534,6.8,Hunter Moore,ACTOR,0
Ganglands,SHOW,2021,46,action,FR,7.1,3566.0,77.135,7.091,Sami Bouajila,ACTOR,-1
All of Us Are Dead,SHOW,2022,61,scifi,KR,7.5,53764.0,311.163,8.374,Park Ji-hu,ACTOR,147
Re/Member,MOVIE,2022,103,horror,JP,5.1,1667.0,33.385,7.138,Kanna Hashimoto,ACTOR,-1
Woman of the Dead,SHOW,2022,47,crime,AT,6.8,4259.0,35.558,7.273,Anna Maria Mühe,ACTOR,-1
Viking Wolf,MOVIE,2022,97,horror,NO,5.1,4808.0,457.661,5.7,Elli Rhiannon Müller Osborne,ACTOR,-1
The Imperfects,SHOW,2022,43,action,CA,6.4,6478.0,30.847,7.314,Italia Ricci,ACTOR,123
Killer Sally,SHOW,2022,50,crime,US,6.7,4510.0,8.937,7.4,Sally McNeil,ACTOR,135
Ancient Apocalypse,SHOW,2022,31,documentation,GB,7.4,7762.0,12.391,6.3,Graham Hancock,ACTOR,157
Framed! A Sicilian Murder Mystery,SHOW,2022,30,comedy,IT,6.8,1226.0,17.683,6.98,Salvatore Ficarra,ACTOR,212
The Martha Mitchell Effect,MOVIE,2022,40,documentation,US,6.540941965073206,21150.29081903414,6.851,6.628,Martha Mitchell,ACTOR,66
Hot Skull,SHOW,2022,60,scifi,TR,7.2,5809.0,12.042,5.8,Osman Sonant,ACTOR,165
I Just Killed My Dad,SHOW,2022,42,documentation,US,6.7,5448.0,4.416,7.4,Anthony Templet,ACTOR,0
A Trip to Infinity,MOVIE,2022,79,documentation,US,6.9,2910.0,75.298,7.2,Anthony Aguirre,ACTOR,66
Trolley,SHOW,2022,60,drama,KR,7.0,231.0,19.366,6.9,Kim Hyun-joo,ACTOR,90
Sins of Our Mother,SHOW,2022,46,crime,US,7.0,4842.0,6.467,7.679,Lori Vallow,ACTOR,135
Echoes,SHOW,2022,47,thriller,AU,5.9,12871.0,12.99,7.074,Michelle Monaghan,ACTOR,-1
Falling for Christmas,MOVIE,2022,95,romance,US,5.2,24463.0,28.85,6.3,Lindsay Lohan,ACTOR,2
Troll,MOVIE,2022,104,thriller,NO,5.8,42383.0,533.668,6.735,Ine Marie Wilmann,ACTOR,-1
Luckiest Girl Alive,MOVIE,2022,113,drama,US,6.4,48735.0,39.89,6.6,Mila Kunis,ACTOR,1
28 Days Haunted,SHOW,2022,34,reality,US,3.5,2328.0,102.433,7.4,Unknown,Unknown,26
Sexify,SHOW,2021,42,drama,PL,6.5,6033.0,25.609,7.4,Aleksandra Skraba,ACTOR,194
Little Women,SHOW,2022,74,drama,KR,7.8,4696.0,24.03,8.429,Kim Go-eun,ACTOR,90
Descendant,MOVIE,2022,111,documentation,US,7.1,1088.0,6.155,6.3,Kamau Sadiki,ACTOR,66
Mo,SHOW,2022,26,drama,US,7.6,7906.0,7.117,7.5,Mo Amer,ACTOR,39
Resident Evil,SHOW,2022,51,scifi,US,4.1,42301.0,78.309,5.943,Ella Balinska,ACTOR,36
Lost Ollie,SHOW,2022,46,drama,US,7.8,1636.0,18.729,8.2,Jonathan Groff,ACTOR,39
Mars One,MOVIE,2022,115,drama,BR,7.5,1286.0,6.932,7.8,Rejane Faria,ACTOR,119
exception,SHOW,2022,30,scifi,JP,6.5,885.0,8.02,7.2,Nolan North,ACTOR,28
A Storm for Christmas,SHOW,2022,34,drama,NO,7.1,3563.0,15.078,7.0,Ida Elise Broch,ACTOR,-1
Slumberland,MOVIE,2022,117,drama,US,6.7,24058.0,128.02,7.563,Jason Momoa,ACTOR,1
The Noel Diary,MOVIE,2022,99,comedy,US,6.1,15563.0,25.555,6.4,Justin Hartley,ACTOR,4
The Curse of Bridge Hollow,MOVIE,2022,89,horror,US,5.5,9470.0,52.871,6.77,Marlon Wayans,ACTOR,31
Lady Chatterley's Lover,MOVIE,2022,126,drama,GB,6.6,16927.0,108.821,6.748,Emma Corrin,ACTOR,34
The Playlist,SHOW,2022,45,drama,SE,7.5,10588.0,8.427,7.406,Edvin Endre,ACTOR,-1
How to Change Your Mind,SHOW,2022,54,documentation,US,7.9,2506.0,4.942,7.179,Michael Pollan,ACTOR,0
Do Revenge,MOVIE,2022,118,comedy,US,6.3,41389.0,36.116,6.412,Camila Mendes,ACTOR,4
Sonic Prime,SHOW,2022,27,animation,US,7.3,1370.0,86.092,8.276,Deven Mack,ACTOR,32
An Action Hero,MOVIE,2022,132,action,GB,7.1,26591.0,14.417,6.0,Ayushmann Khurrana,ACTOR,68
Lou,MOVIE,2022,107,drama,US,6.1,27696.0,123.851,6.633,Allison Janney,ACTOR,1
I Hate Christmas,SHOW,2022,32,comedy,IT,6.4,1335.0,13.613,6.224,Pilar Fogliati,ACTOR,212
Scrooge: A Christmas Carol,MOVIE,2022,96,comedy,GB,6.2,5980.0,143.777,6.7,Luke Evans,ACTOR,6
Archive 81,SHOW,2022,54,scifi,US,7.3,52271.0,25.571,7.288,Mamoudou Athie,ACTOR,36
Dead End,SHOW,2022,27,comedy,PL,6.0,638.0,10.035,4.9,Juliusz Chrząstowski,ACTOR,-1
Look Both Ways,MOVIE,2022,110,romance,US,6.3,20150.0,27.142,6.972,Lili Reinhart,ACTOR,2
Pervert: Hunting the Strip Search Caller,SHOW,2022,48,documentation,GB,6.7,1949.0,4.69,6.2,Sara Mast,DIRECTOR,157
She Would Never Know,SHOW,2021,64,drama,KR,7.5,1159.0,11.002,7.179,Won Jin-a,ACTOR,90
Maid,SHOW,2021,54,drama,US,8.4,85958.0,0.6,8.0,Margaret Qualley,ACTOR,39
Mr. Harrigan's Phone,MOVIE,2022,105,horror,US,6.0,32325.0,46.878,6.549,Donald Sutherland,ACTOR,31
Facing Nolan,MOVIE,2022,105,documentation,US,7.9,1339.0,5.433,7.2,Nolan Ryan,ACTOR,66
Crime Scene: The Texas Killing Fields,SHOW,2022,50,crime,US,6.6,3037.0,216.31,6.114,Unknown,Unknown,135
FIFA Uncovered,SHOW,2022,55,crime,US,7.4,5485.0,10.594,7.1,Sepp Blatter,ACTOR,135
Alpha Males,SHOW,2022,34,comedy,ES,7.4,3610.0,97.206,7.8,Fernando Gil,ACTOR,155
D.B. Cooper: Where Are You?!,SHOW,2022,43,documentation,US,5.4,2890.0,3.795,5.762,Unknown,Unknown,0
The Pez Outlaw,MOVIE,2022,85,documentation,US,7.1,958.0,4.279,7.3,Steve Glew,ACTOR,66
Our Universe,SHOW,2022,43,documentation,GB,7.6,1743.0,8.779,8.1,Morgan Freeman,ACTOR,157
The Mole,SHOW,2022,43,reality,US,7.6,2779.0,45.971,6.8,Alex Wagner,ACTOR,26
Sweet Tooth,SHOW,2021,46,drama,US,7.8,54032.0,49.464,7.971,Christian Convery,ACTOR,39
Anatomy of a Scandal,SHOW,2022,46,drama,US,7.0,31700.0,14.663,7.133,Sienna Miller,ACTOR,39
Old People,MOVIE,2022,101,horror,DE,5.1,5144.0,33.69,5.727,Melika Foroutan,ACTOR,-1
Fate: The Winx Saga,SHOW,2021,51,scifi,GB,6.8,50814.0,85.938,8.283,Abigail Cowen,ACTOR,113
Who Killed Santa? A Murderville Murder Mystery,MOVIE,2022,53,comedy,US,6.5,5917.0,9.715,5.8,Will Arnett,ACTOR,4
The Woman in the House Across the Street from the Girl in the Window,SHOW,2022,26,thriller,US,6.4,47923.0,15.397,6.756,Kristen Bell,ACTOR,54
All American: Homecoming,SHOW,2022,41,drama,US,6.2,1063.0,27.404,8.2,Rhoyle Ivy King,ACTOR,39
First Kill,SHOW,2022,49,drama,US,6.5,27678.0,51.125,8.122,Sarah Catherine Hook,ACTOR,39
The School for Good and Evil,MOVIE,2022,147,comedy,US,5.8,29562.0,138.467,7.2,Sofia Wylie,ACTOR,4
"Web of Make Believe: Death, Lies and the Internet",SHOW,2022,57,documentation,US,6.5,2042.0,2.781,6.333,Unknown,Unknown,0
Christmas with You,MOVIE,2021,91,comedy,US,5.6,6487.0,15.318,5.8,Aimee Garcia,ACTOR,4
"Hallelujah: Leonard Cohen, A Journey, A Song",MOVIE,2022,115,documentation,US,7.6,873.0,4.774,7.5,Leonard Cohen,ACTOR,66
The Beauty Queen of Jerusalem,SHOW,2021,45,drama,IL,7.2,852.0,22.012,5.0,Swell Ariel Or,ACTOR,-1
Orgasm Inc: The Story of OneTaste,MOVIE,2022,89,documentation,US,5.7,1080.0,236.806,6.646,Sarah Gibson,DIRECTOR,66
High Water,SHOW,2022,43,drama,PL,7.2,5049.0,21.432,7.0,Agnieszka Żulewska,ACTOR,194
Smiley,SHOW,2022,36,comedy,ES,8.0,5440.0,54.329,8.398,Carlos Cuevas,ACTOR,155
Day Shift,MOVIE,2022,113,comedy,US,6.1,80312.0,118.069,6.909,Jamie Foxx,ACTOR,4
Money Heist (Korean Remake),SHOW,2022,70,action,KR,5.6,7145.0,164.463,7.968,Yoo Ji-tae,ACTOR,158
The Sons of Sam: A Descent Into Darkness,SHOW,2021,60,crime,US,7.0,9331.0,9.638,7.177,Maury Terry,ACTOR,135
Vatican Girl: The Disappearance of Emanuela Orlandi,SHOW,2022,58,documentation,IT,7.1,3749.0,10.169,7.616,Unknown,Unknown,-1
Uncoupled,SHOW,2022,29,comedy,US,7.0,17143.0,6.656,6.8,Neil Patrick Harris,ACTOR,16
The Munsters,MOVIE,2022,110,comedy,US,4.5,9790.0,40.916,5.9,Sheri Moon Zombie,ACTOR,4
Trainwreck: Woodstock '99,SHOW,2022,48,documentation,US,7.4,18450.0,6.211,7.305,Ananda Lewis,ACTOR,0
The Substitute,MOVIE,2022,111,drama,AR,6.4,494.0,63.018,6.6,Juan Minujín,ACTOR,83
Earthstorm,SHOW,2022,45,documentation,US,7.2,1009.0,6.726,7.118,Mimî M. Khayisa,ACTOR,0
The Ultimatum: France,SHOW,2022,39,reality,FR,6.1,156.0,32.358,5.8,Vanessa Lachey,ACTOR,201
Operation Mincemeat,MOVIE,2022,128,war,US,6.6,28856.0,17.332,6.5,Colin Firth,ACTOR,-1
The Real Bling Ring: Hollywood Heist,SHOW,2022,47,history,FR,5.7,1628.0,3.842,6.633193712829227,Unknown,Unknown,-1
Sr.,MOVIE,2022,89,documentation,US,7.3,2687.0,13.711,7.217,Robert Downey Sr.,ACTOR,66
Chromosome 21,SHOW,2022,53,drama,CL,7.5,168.0,20.85,6.0,Valentina Muhr,ACTOR,-1
Ludik,SHOW,2022,58,drama,ZA,5.6,542.0,44.394,7.667,Arnold Vosloo,ACTOR,197
The Swimmers,MOVIE,2022,134,drama,TR,7.4,26748.0,57.094,7.604,Manal Issa,ACTOR,126
Wendell & Wild,MOVIE,2022,105,comedy,US,6.4,9934.0,59.808,6.791,Keegan-Michael Key,ACTOR,4
Sky Rojo,SHOW,2021,29,action,ES,6.6,10178.0,74.037,7.632,Verónica Sánchez,ACTOR,-1
The Lorenskog Disappearance,SHOW,2022,52,drama,NO,6.0,2095.0,15.563,7.0,Yngvild Støen Grotmol,ACTOR,-1
Keep Sweet: Pray and Obey,SHOW,2022,49,documentation,US,7.3,13409.0,5.626,7.545,Rachel Dretzin,DIRECTOR,0
Our Great National Parks,SHOW,2022,54,documentation,US,8.1,2440.0,4.492,7.5,Barack Obama,ACTOR,0
DOTA: Dragon's Blood,SHOW,2021,26,action,US,7.8,20119.0,32.304,7.966,Lara Pulver,ACTOR,30
An Inconvenient Love,MOVIE,2022,124,comedy,PH,6.540941965073206,21150.29081903414,3.77,5.0,Donny Pangilinan,ACTOR,107
Eat the Rich: The GameStop Saga,SHOW,2022,37,documentation,US,6.1,3262.0,5.829,5.714,Joe Fonicello,ACTOR,0
Borgen - Power & Glory,SHOW,2022,57,drama,DK,8.2,165.0,6.518,8.1,Sidse Babett Knudsen,ACTOR,60
The G Word with Adam Conover,SHOW,2022,30,comedy,US,6.6,1030.0,3.696,4.8,Adam Conover,ACTOR,16
Aftershock: Everest and the Nepal Earthquake,SHOW,2022,50,documentation,GB,7.3,3040.0,3.719,7.273,Gopal Shrestha,ACTOR,157
"Blood, Sex & Royalty",SHOW,2022,44,documentation,GB,5.9,1194.0,18.804,7.696,Amy James-Kelly,ACTOR,157
Untold: The Girlfriend Who Didn't Exist,SHOW,2022,62,documentation,US,7.2,6614.0,5.956,7.7,Manti Te'o,ACTOR,0
Cracow Monsters,SHOW,2022,52,scifi,PL,5.5,2050.0,23.485,6.6,Barbara Liberek,ACTOR,-1
Katla,SHOW,2021,45,scifi,IS,7.0,14699.0,36.993,7.118,Guðrún Ýr Eyfjörð,ACTOR,-1
Alba,SHOW,2021,50,drama,ES,6.4,1661.0,14.545,7.062,Elena Rivera,ACTOR,133
Welcome to Eden,SHOW,2022,41,action,ES,5.5,5130.0,57.444,7.0,Amaia Salamanca,ACTOR,-1
God's Crooked Lines,MOVIE,2022,155,drama,ES,7.0,14711.0,66.183,7.4,Bárbara Lennie,ACTOR,46
I Came By,MOVIE,2022,110,thriller,GB,6.1,27798.0,42.788,6.324,George MacKay,ACTOR,116
42 Days of Darkness,SHOW,2022,45,drama,CL,6.5,1409.0,3.513,6.3,Claudia di Girólamo,ACTOR,-1
Hold Tight,SHOW,2022,47,crime,PL,6.2,3213.0,6.062,6.7,Magdalena Boczarska,ACTOR,130
Snabba Cash,SHOW,2021,44,crime,SE,7.6,10869.0,14.956,6.881,Evin Ahmad,ACTOR,-1
Young Royals,SHOW,2021,44,drama,SE,8.3,35509.0,45.393,8.66,Edvin Ryding,ACTOR,-1
Awake,MOVIE,2021,96,thriller,US,4.9,23174.0,30.579,6.0,Gina Rodriguez,ACTOR,19
High Heat,SHOW,2022,37,drama,MX,6.2,620.0,38.87,7.641,Eduardo Capetillo,ACTOR,153
The Silent Sea,SHOW,2021,45,drama,KR,6.9,22093.0,42.597,7.9,Bae Doona,ACTOR,90
After Ever Happy,MOVIE,2022,95,drama,US,4.5,6853.0,203.65,6.869,Josephine Langford,ACTOR,1
Trivia Quest,SHOW,2022,9,family,US,5.7,247.0,2.546,5.714,Jonathan Melo,ACTOR,37
Hellbound,SHOW,2021,52,drama,KR,6.6,25814.0,64.769,7.495,Yoo Ah-in,ACTOR,90
The Alpinist,MOVIE,2021,93,action,GB,7.9,10402.0,11.063,7.585,Marc-André Leclerc,ACTOR,68
Soil,SHOW,2021,46,drama,BE,7.2,980.0,2.744,6.0,Yassine Ouaich,ACTOR,149
"Bob Ross: Happy Accidents, Betrayal & Greed",MOVIE,2021,92,documentation,US,6.9,6207.0,7.229,6.8,Bob Ross,ACTOR,66
Good on Paper,MOVIE,2021,92,romance,US,5.6,12880.0,9.502,5.6,Iliza Shlesinger,ACTOR,2
Jimmy Savile: A British Horror Story,SHOW,2022,85,documentation,GB,6.7,8074.0,4.861,6.7,Jimmy Savile,ACTOR,157
America: The Motion Picture,MOVIE,2021,98,comedy,US,5.6,6800.0,28.307,5.8,Channing Tatum,ACTOR,4
Indian Predator: The Diary of a Serial Killer,SHOW,2022,41,documentation,IN,6.3,1990.0,3.35,8.0,Happy Kalizpuria,ACTOR,179
Last Seen Alive,MOVIE,2022,95,thriller,US,5.6,22901.0,101.78,6.585,Gerard Butler,ACTOR,19
The Serpent,SHOW,2021,57,crime,GB,7.6,45495.0,13.296,7.6,Tahar Rahim,ACTOR,152
He's All That,MOVIE,2021,91,romance,US,4.4,26064.0,38.774,6.652,Addison Rae,ACTOR,2
Bill Burr: Live at Red Rocks,MOVIE,2022,82,comedy,,7.6,6001.0,6.871,7.355,Bill Burr,ACTOR,139
Ricky Gervais: SuperNature,MOVIE,2022,64,comedy,GB,7.8,3256.0,7.819,7.311,Ricky Gervais,ACTOR,6
Pieces of Her,SHOW,2022,51,crime,US,6.3,27893.0,12.34,6.385,Toni Collette,ACTOR,135
Conversations with a Killer: The John Wayne Gacy Tapes,SHOW,2022,61,documentation,US,7.1,10777.0,55.754,7.701,John Wayne Gacy,ACTOR,0
Purple Hearts,MOVIE,2022,122,drama,US,6.7,40586.0,83.552,8.233,Sofia Carson,ACTOR,1
Last Chance U: Basketball,SHOW,2021,60,documentation,US,8.3,3144.0,15.496,7.796,Unknown,Unknown,0
The Cuphead Show!,SHOW,2022,16,comedy,US,7.4,8659.0,59.157,7.971,Frank Todaro,ACTOR,16
The Pentaverate,SHOW,2022,26,comedy,US,6.1,10569.0,9.608,5.784,Mike Myers,ACTOR,16
Clark,SHOW,2022,60,drama,SE,7.4,11299.0,7.41,6.642,Bill Skarsgård,ACTOR,-1
Lost Bullet 2,MOVIE,2022,98,thriller,BE,6.3,3624.0,167.33,6.563,Alban Lenoir,ACTOR,-1
Sophie: A Murder in West Cork,SHOW,2021,55,documentation,GB,6.8,5649.0,4.792,6.5,John Dower,DIRECTOR,157
Keep Breathing,SHOW,2022,35,action,US,5.3,12517.0,14.404,6.415,Melissa Barrera,ACTOR,30
Yasuke,SHOW,2021,29,animation,US,6.2,5575.0,20.468,7.7,Lakeith Stanfield,ACTOR,32
Kantara,MOVIE,2022,147,thriller,IN,8.3,91823.0,12.829,7.4,Rishab Shetty,ACTOR,13
Vadh,MOVIE,2022,110,crime,IN,7.1,3802.0,4.808,6.5,Sanjay Mishra,ACTOR,12
God's Favorite Idiot,SHOW,2022,27,comedy,US,5.7,6268.0,4.518,7.013,Ben Falcone,ACTOR,16
Choose or Die,MOVIE,2022,84,thriller,GB,4.8,22681.0,372.826,5.371,Iola Evans,ACTOR,116
The Redeem Team,MOVIE,2022,98,documentation,US,7.4,8781.0,39.962,7.463,Kobe Bryant,ACTOR,66
VOIR,SHOW,2021,20,documentation,US,6.8,1489.0,4.343,6.9,Unknown,Unknown,0
A Model Family,SHOW,2022,45,drama,KR,6.6,1128.0,18.525,7.421,Jung Woo,ACTOR,90
Home Team,MOVIE,2022,95,comedy,US,6.0,19847.0,17.262,6.8,Kevin James,ACTOR,4
Warriors of Future,MOVIE,2022,110,action,CN,5.6,6225.0,102.176,7.304,Louis Koo,ACTOR,44
Night Teeth,MOVIE,2021,107,comedy,US,5.7,19530.0,26.377,6.494,Jorge Lendeborg Jr.,ACTOR,4
The Principles of Pleasure,SHOW,2022,51,documentation,US,5.9,1443.0,3.742,6.6,Michelle Buteau,ACTOR,0
Elves,SHOW,2021,24,fantasy,DK,5.6,4660.0,21.534,6.956,Vivelill Søgaard Holm,ACTOR,-1
The Girl in the Mirror,SHOW,2022,47,thriller,ES,6.2,2237.0,12.451,6.6,Mireia Oriol,ACTOR,185
Everything Calls for Salvation,SHOW,2022,46,comedy,IT,7.5,1248.0,13.43,7.159,Federico Cesari,ACTOR,212
Tekken: Bloodline,SHOW,2022,26,scifi,US,6.6,4256.0,56.075,7.677,Kaiji Tang,ACTOR,36
Meltdown: Three Mile Island,SHOW,2022,44,documentation,US,6.8,4514.0,5.16,6.7,Rick Parks,ACTOR,0
Glitch,SHOW,2022,54,comedy,KR,6.2,864.0,39.732,7.517,Jeon Yeo-been,ACTOR,72
The Chalk Line,MOVIE,2022,106,horror,ES,6.1,7075.0,62.141,6.4,Elena Anaya,ACTOR,183
My Name Is Vendetta,MOVIE,2022,90,thriller,IT,5.5,4313.0,366.021,6.9,Alessandro Gassmann,ACTOR,-1
Spriggan,SHOW,2022,46,animation,JP,6.8,1213.0,10.343,6.6,Chiaki Kobayashi,ACTOR,33
Red Notice,MOVIE,2021,117,thriller,US,6.3,284294.0,92.506,6.796,Dwayne Johnson,ACTOR,19
Kung Fu Panda: The Dragon Knight,SHOW,2022,25,action,US,6.0,1847.0,113.968,7.537,Jack Black,ACTOR,30
Jackass 4.5,MOVIE,2022,90,action,US,6.540941965073206,21150.29081903414,25.273,6.5,Johnny Knoxville,ACTOR,17
Inside the Mind of a Cat,MOVIE,2022,67,documentation,US,6.9,5404.0,28.524,7.455,Yuki Hattori,ACTOR,66
"Belascoaran, PI",SHOW,2022,77,crime,MX,7.3,1163.0,9.85,8.0,Luis Gerardo Méndez,ACTOR,199
Apollo 10½:  A Space Age Childhood,MOVIE,2022,98,animation,US,7.2,9895.0,12.022,7.1,Milo Coy,ACTOR,71
Oddballs,SHOW,2022,19,action,US,6.4,949.0,56.177,8.704,Robert James Rallison,ACTOR,30
Love on the Spectrum U.S.,SHOW,2022,41,reality,US,8.2,1537.0,4.27,7.7,Unknown,Unknown,26
Narco-Saints,SHOW,2022,62,drama,KR,7.3,4225.0,25.898,8.5,Ha Jung-woo,ACTOR,90
Bubble,MOVIE,2022,101,scifi,JP,6.3,6351.0,60.037,7.5,Jun Shison,ACTOR,124
Chef's Table: Pizza,SHOW,2022,47,documentation,US,7.3,714.0,3.423,7.125,Unknown,Unknown,0
Spiderhead,MOVIE,2022,106,thriller,US,5.4,59867.0,58.375,5.826,Chris Hemsworth,ACTOR,19
Bigbug,MOVIE,2022,111,comedy,FR,5.5,9051.0,13.923,5.235,Isabelle Nanty,ACTOR,127
Open Your Eyes,SHOW,2021,47,scifi,PL,6.5,1658.0,7.497,7.0,Maria Wawreniuk,ACTOR,-1
Colin in Black & White,SHOW,2021,32,drama,US,6.0,7706.0,12.674,6.931,Colin Kaepernick,ACTOR,39
Hypnotic,MOVIE,2021,88,horror,US,5.3,17463.0,20.042,6.058,Kate Siegel,ACTOR,31
The Kings of the World,MOVIE,2022,111,drama,CO,7.1,1294.0,40.571,7.0,Carlos Andres Castañeda,ACTOR,-1
Santo,SHOW,2022,46,drama,ES,5.0,905.0,123.627,6.105,Raúl Arévalo,ACTOR,133
Fear Street: 1666,MOVIE,2021,110,thriller,US,6.540941965073206,21150.29081903414,28.288,7.228,Kiana Madeira,ACTOR,19
Me Time,MOVIE,2022,104,comedy,US,5.1,35386.0,66.159,6.0,Kevin Hart,ACTOR,4
Xtreme,MOVIE,2021,111,fantasy,ES,5.8,4624.0,15.419,6.5,Óscar Jaenada,ACTOR,-1
Dance Monsters,SHOW,2022,43,reality,GB,5.8,245.0,7.951,6.0,Ashley Roberts,ACTOR,55
The Big 4,MOVIE,2022,141,comedy,ID,6.1,2630.0,235.229,7.1,Abimana Aryasatya,ACTOR,163
Uncle from Another World,SHOW,2022,24,scifi,JP,7.3,1001.0,70.651,7.519,Takehito Koyasu,ACTOR,28
The Upshaws,SHOW,2021,26,comedy,US,6.9,3124.0,12.28,8.2,Mike Epps,ACTOR,16
Notre-Dame,SHOW,2022,49,drama,FR,5.1,594.0,3.837,5.9,Roschdy Zem,ACTOR,145
Yakamoz S-245,SHOW,2022,48,scifi,TR,6.1,7213.0,10.331,7.0,Kıvanç Tatlıtuğ,ACTOR,165
Recurrence,MOVIE,2022,116,crime,AR,4.4,1556.0,12.839,5.562,Luisana Lopilato,ACTOR,-1
Blasted,MOVIE,2022,114,comedy,NO,4.8,2270.0,41.268,5.3,Axel Bøyum,ACTOR,-1
The Future Of,SHOW,2022,20,documentation,US,5.4,460.0,2.588,5.7,Jurnee Smollett,ACTOR,0
There's Someone Inside Your House,MOVIE,2021,96,thriller,US,4.8,17479.0,26.813,5.509,Sydney Park,ACTOR,19
Zero,SHOW,2021,24,scifi,IT,5.8,1409.0,10.712,7.473,Giuseppe Dave Seke,ACTOR,-1
Holy Family,SHOW,2022,37,drama,ES,6.5,1867.0,23.741,7.304,Najwa Nimri,ACTOR,133
"My Lover, My Killer",SHOW,2021,44,documentation,GB,5.9,262.0,1.136,6.633193712829227,Unknown,Unknown,157
End of the Road,MOVIE,2022,89,thriller,US,4.8,7761.0,67.074,6.231,Queen Latifah,ACTOR,19
First Class,SHOW,2022,43,reality,ES,2.6,143.0,1.607,2.0,Unknown,Unknown,213
Partner Track,SHOW,2022,59,drama,US,6.7,6131.0,6.931,7.167,Arden Cho,ACTOR,39
Indian Predator: The Butcher of Delhi,SHOW,2022,42,crime,IN,6.0,2388.0,4.858,6.2,Bunny Adhikari,ACTOR,198
You Don't Know Me,SHOW,2021,56,drama,GB,6.8,6463.0,5.491,6.2,Sam Adewunmi,ACTOR,114
The Way of the Househusband,SHOW,2021,17,comedy,JP,7.3,3724.0,27.925,8.499,Kenjiro Tsuda,ACTOR,63
Our Father,MOVIE,2022,97,documentation,US,6.6,12862.0,18.018,6.574,Donald Cline,ACTOR,66
Love Never Lies: Poland,SHOW,2022,46,reality,PL,6.540941965073206,21150.29081903414,1.4,6.633193712829227,Maja Bohosiewicz,ACTOR,-1
Running with the Devil: The Wild World of John McAfee,MOVIE,2022,105,documentation,GB,5.9,3298.0,25.612,6.7,John McAfee,ACTOR,73
My Daughter's Killer,MOVIE,2022,83,documentation,DE,6.8,1623.0,19.677,6.357,Antoine Tassin,DIRECTOR,10
The Green Glove Gang,SHOW,2022,32,crime,PL,6.5,704.0,5.011,7.444,Magdalena Kuta,ACTOR,130
Pacific Rim: The Black,SHOW,2021,24,scifi,US,7.1,5598.0,43.154,8.272,Gideon Adlon,ACTOR,36
Brazen,MOVIE,2022,94,thriller,US,4.1,12865.0,42.62,4.9,Alyssa Milano,ACTOR,19
King of Stonks,SHOW,2022,47,comedy,DE,6.7,1389.0,4.298,7.25,Wilson Gonzalez Ochsenknecht,ACTOR,-1
Les papillons noirs,SHOW,2022,54,thriller,FR,7.5,3537.0,16.846,7.241,Nicolas Duvauchelle,ACTOR,-1
"Boo, Bitch",SHOW,2022,25,scifi,US,5.8,4264.0,30.681,7.205,Lana Condor,ACTOR,36
A Boy Called Christmas,MOVIE,2021,106,drama,FR,6.7,24259.0,33.406,7.4,Henry Lawfull,ACTOR,96
Snowflake Mountain,SHOW,2022,38,reality,GB,5.5,1515.0,2.37,6.3,Unknown,Unknown,55
My Liberation Notes,SHOW,2022,68,drama,KR,8.3,2898.0,14.394,8.273,Lee Min-ki,ACTOR,90
"tick, tick... BOOM!",MOVIE,2021,115,drama,US,7.5,109518.0,18.288,7.7,Andrew Garfield,ACTOR,1
Conversations with a Killer: The Jeffrey Dahmer Tapes,SHOW,2022,60,documentation,US,7.3,7266.0,42.063,8.031,Jeffrey Dahmer,ACTOR,0
The Guardians of Justice,SHOW,2022,29,comedy,US,6.540941965073206,21150.29081903414,20.956,6.0,Sharni Vinson,ACTOR,16
Major,MOVIE,2022,149,action,IN,8.1,29783.0,5.202,7.4,Adivi Sesh,ACTOR,14
The Starling,MOVIE,2021,102,comedy,US,6.3,13902.0,13.336,7.086,Melissa McCarthy,ACTOR,4
Entrapped,SHOW,2022,44,drama,IS,7.0,2095.0,14.76,6.2,Ólafur Darri Ólafsson,ACTOR,-1
Gudetama: An Eggcellent Adventure,SHOW,2022,12,action,JP,7.3,1155.0,25.705,7.878,Shunsuke Takeuchi,ACTOR,27
That’s My Time with David Letterman,SHOW,2022,18,comedy,US,6.7,232.0,1.487,6.25,David Letterman,ACTOR,16
Man on Pause,SHOW,2022,45,family,TR,6.7,3803.0,5.207,6.5,Engin Günaydın,ACTOR,-1
Untold: Malice at the Palace,MOVIE,2021,69,documentation,US,7.5,9077.0,12.268,7.1,Jermaine O'Neal,ACTOR,66
Monsters Inside: The 24 Faces of Billy Milligan,SHOW,2021,61,documentation,,6.2,4157.0,17.357,7.104,Kathy Preston,ACTOR,195
Blade of the 47 Ronin,MOVIE,2022,107,action,US,4.7,1218.0,243.723,6.6,Anna Akana,ACTOR,17
Dirty Lines,SHOW,2022,46,drama,NL,7.4,2432.0,6.594,7.5,Charlie Dagelet,ACTOR,-1
"BASTARD‼ -Heavy Metal, Dark Fantasy-",SHOW,2022,25,animation,JP,6.5,1856.0,38.03,7.5,Kisho Taniyama,ACTOR,33
Making Fun,SHOW,2022,43,reality,US,7.1,702.0,3.088,5.7,Paul Jackman,ACTOR,26
White Hot: The Rise & Fall of Abercrombie & Fitch,MOVIE,2022,88,documentation,US,5.7,4816.0,7.157,5.8,Benjamin O'Keefe,ACTOR,66
Time Hustler,SHOW,2022,35,comedy,BR,5.7,166.0,41.835,7.6,Edmilson Filho,ACTOR,171
Prey,MOVIE,2021,87,drama,DE,4.3,8259.0,16.995,4.7,David Kross,ACTOR,47
Wish Dragon,MOVIE,2021,99,fantasy,US,7.2,28742.0,62.815,8.001,Jimmy Wong,ACTOR,18
Once Upon a Small Town,SHOW,2022,36,drama,KR,7.0,989.0,22.615,7.923,Joy,ACTOR,90
Cowboy Bebop,SHOW,2021,45,scifi,US,6.6,35427.0,22.842,6.648,John Cho,ACTOR,36
The Wrath of God,MOVIE,2022,97,thriller,AR,5.8,4026.0,51.32,6.458,Diego Peretti,ACTOR,200
Entergalactic,MOVIE,2022,94,comedy,US,7.5,1845.0,21.442,7.727,Kid Cudi,ACTOR,4
Vivo,MOVIE,2021,103,comedy,US,6.7,19790.0,35.135,7.426,Lin-Manuel Miranda,ACTOR,4
The Volcano: Rescue from Whakaari,MOVIE,2022,97,documentation,US,7.3,6066.0,10.321,7.376,Rory Kennedy,DIRECTOR,66
Take Your Pills: Xanax,MOVIE,2022,90,documentation,,6.0,1194.0,5.323,6.3,Blair Foster,DIRECTOR,84
Concrete Cowboy,MOVIE,2021,111,western,US,6.3,9149.0,7.975,6.2,Idris Elba,ACTOR,67
The Man from Toronto,MOVIE,2022,113,action,CA,5.8,51528.0,67.798,6.603,Kevin Hart,ACTOR,-1
Office Invasion,MOVIE,2022,112,comedy,ZA,4.7,4500.0,85.816,5.8,Rea Rangaka,ACTOR,102
In from the Cold,SHOW,2022,49,scifi,US,6.3,8484.0,10.516,7.076,Margarita Levieva,ACTOR,36
Stromboli,MOVIE,2022,85,drama,NL,6.0,1186.0,75.965,5.2,Elise Schaap,ACTOR,154
Umma,MOVIE,2022,83,drama,US,4.7,8178.0,31.357,5.488,Sandra Oh,ACTOR,1
Incantation,MOVIE,2022,111,horror,TW,6.2,15553.0,68.183,6.921,Hsuan-yen Tsai,ACTOR,190
Catching Killers,SHOW,2021,40,documentation,US,7.1,4106.0,5.294,6.25,Dana Gouge,ACTOR,0
Death to 2021,MOVIE,2021,60,comedy,GB,6.3,15235.0,9.463,6.0,Hugh Grant,ACTOR,6
Carter,MOVIE,2022,132,action,KR,5.1,8890.0,107.623,6.2,Joo Won,ACTOR,162
Bruised,MOVIE,2021,129,drama,GB,6.2,15187.0,17.406,6.9,Halle Berry,ACTOR,34
High: Confessions of an Ibiza Drug Mule,SHOW,2021,33,documentation,GB,6.0,954.0,4.759,6.7,Tatiana Penfold,ACTOR,157
Untold: Operation Flagrant Foul,MOVIE,2022,77,documentation,US,6.8,1872.0,5.862,7.0,Tim Donaghy,ACTOR,66
Case Closed: The Culprit Hanzawa,SHOW,2022,11,animation,JP,6.6,204.0,24.425,7.4,Shouta Aoi,ACTOR,33
Loving Adults,MOVIE,2022,106,thriller,SE,6.5,10470.0,20.718,6.323,Dar Salim,ACTOR,-1
Man vs. Bee,SHOW,2022,12,comedy,GB,6.7,29863.0,35.655,7.335,Rowan Atkinson,ACTOR,5
Fullmetal Alchemist: The Final Alchemy,MOVIE,2022,143,fantasy,JP,5.3,1013.0,208.076,6.335,Ryosuke Yamada,ACTOR,92
Life After Death with Tyler Henry,SHOW,2022,0,reality,US,6.1,1114.0,2.76,5.5,Theresa Koelewyn,ACTOR,26
Jennifer Lopez: Halftime,MOVIE,2022,95,documentation,US,6.5,5162.0,22.14,6.995,Jennifer Lopez,ACTOR,66
State of Alabama vs. Brittany Smith,MOVIE,2022,40,documentation,US,6.540941965073206,21150.29081903414,3.326,6.1,Ryan White,DIRECTOR,66
The Womb,MOVIE,2022,116,horror,ID,6.1,364.0,57.301,6.9,Naysila Mirdad,ACTOR,172
Baby Fever,SHOW,2022,31,drama,DK,6.5,881.0,4.831,5.0,Josephine Park,ACTOR,60
A Classic Horror Story,MOVIE,2021,95,thriller,IT,6.540941965073206,21150.29081903414,27.772,5.9,Matilda Lutz,ACTOR,-1
Farha,MOVIE,2022,92,drama,JO,8.2,79146.0,5.717,7.8,Ashraf Barhom,ACTOR,-1
The Wasteland,MOVIE,2022,91,thriller,ES,4.6,4458.0,7.997,5.1,Inma Cuesta,ACTOR,177
In Her Hands,MOVIE,2022,93,documentation,US,6.6,313.0,3.538,5.7,Zarifa Ghafari,ACTOR,66
Tomorrow,SHOW,2022,60,drama,KR,7.9,10395.0,23.203,8.544,Rowoon,ACTOR,90
Is It Cake?,SHOW,2022,39,reality,US,5.8,2951.0,4.541,6.6,Mikey Day,ACTOR,26
Diary of a Gigolo,SHOW,2022,49,thriller,AR,6.4,1262.0,68.732,8.082,Jesús Castro,ACTOR,-1
Fullmetal Alchemist: The Revenge of Scar,MOVIE,2022,125,fantasy,JP,5.3,1861.0,117.088,6.784,Ryosuke Yamada,ACTOR,92
Fatma,SHOW,2021,43,crime,TR,7.4,8890.0,8.968,7.321,Burcu Biricik,ACTOR,-1
Unlock My Boss,SHOW,2022,64,drama,KR,7.0,151.0,21.258,7.8,Chae Jong-hyeop,ACTOR,90
The Mitchells vs. the Machines,MOVIE,2021,110,comedy,US,7.6,112888.0,26.648,7.969,Abbi Jacobson,ACTOR,4
Texas Chainsaw Massacre,MOVIE,2022,83,horror,US,4.7,55166.0,62.726,5.2,Sarah Yarkin,ACTOR,31
The Marked Heart,SHOW,2022,44,drama,CO,6.5,2285.0,38.486,7.9,Sebastian Martinez,ACTOR,49
"Sex, Love & Goop",SHOW,2021,35,reality,US,5.1,851.0,8.661,6.63,Michaela Boehm,ACTOR,26
The Metamorphosis of Birds,MOVIE,2021,101,drama,PT,7.4,1329.0,3.572,6.5,Manuel Rosa,ACTOR,-1
The Devil Below,MOVIE,2021,89,horror,US,4.3,4905.0,9.92,5.0,Alicia Sanz,ACTOR,31
Norm Macdonald: Nothing Special,MOVIE,2022,87,comedy,US,7.6,1942.0,6.771,6.6,Norm Macdonald,ACTOR,4
Beyond the Universe,MOVIE,2022,126,drama,BR,6.5,1784.0,45.967,7.93,Henry Zaga,ACTOR,119
No One Gets Out Alive,MOVIE,2021,85,horror,US,5.3,17819.0,28.608,5.9,Cristina Rodlo,ACTOR,31
Untold: The Rise and Fall of AND1,MOVIE,2022,69,documentation,US,6.8,2257.0,7.237,7.2,"Kevin Wilson, Jr.",DIRECTOR,66
Love Is Blind: Brazil,SHOW,2021,54,romance,BR,6.2,575.0,13.63,6.4,Camila Queiroz,ACTOR,-1
Buying Beverly Hills,SHOW,2022,41,reality,US,5.4,623.0,4.18,5.429,Mauricio Umansky,ACTOR,26
Is That Black Enough for You?!?,MOVIE,2022,135,documentation,US,7.3,1037.0,9.008,7.4,Elvis Mitchell,ACTOR,66
How To Build a Sex Room,SHOW,2022,42,reality,US,6.9,1045.0,4.764,7.529,Melanie Rose,ACTOR,26
The 7 Lives of Lea,SHOW,2022,41,drama,FR,7.5,4097.0,9.474,7.188,Raïka Hazanavicius,ACTOR,145
Single All the Way,MOVIE,2021,99,drama,CA,6.1,17646.0,14.034,6.5,Michael Urie,ACTOR,58
"Money, Explained",SHOW,2021,23,documentation,US,6.9,2478.0,9.393,7.6,Unknown,Unknown,0
My Father's Dragon,MOVIE,2022,104,action,IE,6.5,2411.0,52.748,7.6,Jacob Tremblay,ACTOR,-1
I Believe in Santa,MOVIE,2022,90,romance,US,4.4,3292.0,57.876,5.3,Christina Moore,ACTOR,2
For Jojo,MOVIE,2022,97,drama,DE,4.0,294.0,5.675,3.9,Caro Cult,ACTOR,47
The Last Letter from Your Lover,MOVIE,2021,110,drama,CA,6.7,19062.0,17.61,7.523,Shailene Woodley,ACTOR,58
Love in the Villa,MOVIE,2022,114,romance,US,5.4,10943.0,18.806,6.0,Kat Graham,ACTOR,2
"Nevenka, Breaking The Silence",SHOW,2021,38,documentation,ES,6.9,705.0,2.91,7.188,Nevenka Fernandez,ACTOR,196
A Not So Merry Christmas,MOVIE,2022,99,comedy,MX,4.8,860.0,28.31,6.9,Mauricio Ochmann,ACTOR,43
Heartbreak High,SHOW,2022,49,drama,AU,7.7,7494.0,22.54,7.3,Ayesha Madon,ACTOR,41
Love Between Fairy and Devil,SHOW,2022,43,drama,CN,8.6,1285.0,52.385,8.1,Yu Shuxin,ACTOR,125
Glitter,SHOW,2022,32,drama,PL,6.540941965073206,21150.29081903414,10.594,5.5,Magdalena Popławska,ACTOR,194
Brand New Cherry Flavor,SHOW,2021,43,thriller,US,7.1,16608.0,23.119,7.033,Rosa Salazar,ACTOR,54
My Unorthodox Life,SHOW,2021,41,reality,US,5.7,1525.0,10.298,6.8,Unknown,Unknown,26
The Lost Patient,MOVIE,2022,93,thriller,FR,6.540941965073206,21150.29081903414,24.108,5.9,Txomin Vergez,ACTOR,178
The Next 365 Days,MOVIE,2022,112,romance,PL,2.7,7409.0,176.816,6.6,Anna-Maria Sieklucka,ACTOR,-1
Love Today,MOVIE,2022,154,romance,IN,8.1,12436.0,2.098,7.6,Pradeep Ranganathan,ACTOR,9
Gone for Good,SHOW,2021,49,crime,FR,6.3,4427.0,5.51,5.885,Finnegan Oldfield,ACTOR,-1
The Andy Warhol Diaries,SHOW,2022,56,documentation,US,7.7,2315.0,2.864,7.4,Andy Warhol,ACTOR,0
A Jazzman's Blues,MOVIE,2022,127,drama,US,6.7,3569.0,25.486,7.7,Joshua Boone,ACTOR,1
Who Killed Sara?,SHOW,2021,41,drama,MX,6.4,15004.0,33.623,7.646,Manolo Cardona,ACTOR,153
Downfall: The Case Against Boeing,MOVIE,2022,89,documentation,US,7.4,12001.0,18.888,7.121,John Fantasia,ACTOR,66
House of Secrets: The Burari Deaths,SHOW,2021,45,history,IN,7.4,11306.0,9.255,7.036,Unknown,Unknown,-1
Dearest,SHOW,2021,47,drama,JP,7.1,218.0,6.324,8.0,Yuriko Yoshitaka,ACTOR,57
Against the Ice,MOVIE,2022,102,drama,DK,6.5,24925.0,27.998,6.8,Nikolaj Coster-Waldau,ACTOR,-1
Canine Intervention,SHOW,2021,32,documentation,US,6.6,941.0,4.198,7.1,Jasalah Leverette,ACTOR,0
The Perfect Mother,SHOW,2022,48,drama,FR,5.9,1328.0,8.728,6.0,Julie Gayet,ACTOR,145
Ray,SHOW,2021,59,drama,IN,7.1,9078.0,4.445,5.786,Moumita Pandit,ACTOR,140
Sue Perkins: Perfectly Legal,SHOW,2022,43,documentation,GB,6.8,223.0,1.769,2.8,Sue Perkins,ACTOR,157
the Alleys,MOVIE,2022,116,thriller,QA,7.4,657.0,3.517,8.0,Emad Azmi,ACTOR,-1
Girl in the Picture,MOVIE,2022,102,documentation,US,7.2,18626.0,24.138,7.3,Natalie De Vincentiis,ACTOR,66
Return to Space,MOVIE,2022,128,documentation,US,7.3,5036.0,16.29,6.4,Elon Musk,ACTOR,66
Wedding Season,MOVIE,2022,98,comedy,CA,6.3,9240.0,9.475,6.303,Pallavi Sharda,ACTOR,74
Afterlife of the Party,MOVIE,2021,109,fantasy,US,5.8,9686.0,17.737,6.844,Victoria Justice,ACTOR,18
A Night at the Kindergarten,MOVIE,2022,97,comedy,PL,5.6,540.0,53.043,5.8,Piotr Witkowski,ACTOR,176
Sebastian Maniscalco: Is it Me?,MOVIE,2022,60,comedy,,6.4,913.0,3.429,5.2,Sebastian Maniscalco,ACTOR,139
The Takeover,MOVIE,2022,87,crime,NL,5.2,4034.0,257.352,5.8,Holly Mae Brood,ACTOR,-1
Fakes,SHOW,2022,23,comedy,CA,6.4,1073.0,4.052,7.2,Emilija Baranac,ACTOR,59
My Encounter with Evil,SHOW,2022,42,documentation,MX,4.5,191.0,40.27,6.64,Unknown,Unknown,192
Countdown: Inspiration4 Mission to Space,SHOW,2021,50,documentation,US,7.8,1997.0,6.571,6.7,Sian Proctor,ACTOR,0
Iron Chef: Quest for an Iron Legend,SHOW,2022,48,reality,US,7.1,838.0,4.404,6.222,Alton Brown,ACTOR,26
The Mystery of Marilyn Monroe: The Unheard Tapes,MOVIE,2022,101,documentation,US,6.2,5110.0,29.101,6.4,Marilyn Monroe,ACTOR,66
Komi Can't Communicate,SHOW,2021,24,drama,JP,7.8,7142.0,88.905,8.4,Elaiza Ikeda,ACTOR,57
Schumacher,MOVIE,2021,112,sport,DE,7.4,23727.0,10.3,7.4,Michael Schumacher,ACTOR,-1
Daniel Spellbound,SHOW,2022,25,action,US,6.9,423.0,17.025,8.591,Alex Barima,ACTOR,30
Selling the OC,SHOW,2022,33,reality,US,5.5,1017.0,3.295,6.3,Brett Oppenheim,ACTOR,26
14 Peaks: Nothing Is Impossible,MOVIE,2021,101,documentation,US,7.7,27110.0,14.834,7.4,Nirmal Purja,ACTOR,66
Midnight at the Pera Palace,SHOW,2022,45,drama,TR,7.0,9066.0,10.304,7.217,Hazal Kaya,ACTOR,159
Bad Vegan: Fame. Fraud. Fugitives.,SHOW,2022,52,crime,US,5.9,7418.0,3.031,5.773,Sarma Melngailis,ACTOR,135
A Perfect Pairing,MOVIE,2022,101,comedy,AU,6.1,14005.0,29.405,6.881,Victoria Justice,ACTOR,88
Bake Squad,SHOW,2021,37,reality,US,6.9,918.0,30.229,6.8,Christina Tosi,ACTOR,26
A Castle for Christmas,MOVIE,2021,98,drama,US,5.5,13980.0,11.639,6.039,Brooke Shields,ACTOR,1
Chad and JT Go Deep,SHOW,2022,20,comedy,US,7.2,519.0,3.962,7.8,Tom Allen,ACTOR,16
Valley of the Dead,MOVIE,2022,101,comedy,ES,6.5,114.0,42.785,6.3,Aura Garrido,ACTOR,164
Capturing the Killer Nurse,MOVIE,2022,95,documentation,,6.4,2212.0,13.346,6.675,Tim Travers Hawkins,DIRECTOR,84
The Weekend Away,MOVIE,2022,90,thriller,GB,5.6,26313.0,40.463,6.0,Leighton Meester,ACTOR,116
The Unlikely Murderer,SHOW,2021,47,drama,SE,7.0,4524.0,5.253,6.7,Robert Gustafsson,ACTOR,-1
The Takedown,MOVIE,2022,119,drama,FR,5.7,7621.0,43.958,6.063,Omar Sy,ACTOR,96
Dead End: Paranormal Park,SHOW,2022,27,animation,GB,6.9,2557.0,13.63,8.3,Zach Barack,ACTOR,20
The Chestnut Man,SHOW,2021,55,drama,DK,7.7,47717.0,35.295,7.7,Danica Ćurčić,ACTOR,60
This Is Pop,SHOW,2021,44,documentation,CA,6.9,1248.0,7.305,6.6,Unknown,Unknown,-1
Fortune Seller: A TV Scam,SHOW,2022,47,documentation,IT,6.7,813.0,3.764,6.259,Wanna Marchi,ACTOR,-1
Robbing Mussolini,MOVIE,2022,99,crime,IT,5.4,1993.0,21.664,5.6,Pietro Castellitto,ACTOR,-1
Human Playground,SHOW,2022,41,documentation,US,6.8,663.0,5.172,7.2,Idris Elba,ACTOR,0
Making All Quiet on the Western Front,MOVIE,2022,18,documentation,DE,6.540941965073206,21150.29081903414,4.729,6.633193712829227,Edward Berger,ACTOR,10
Drifting Home,MOVIE,2022,119,animation,JP,6.2,2567.0,126.618,7.7,Mutsumi Tamura,ACTOR,22
Turning Point: 9/11 and the War on Terror,SHOW,2021,62,documentation,US,7.9,9989.0,8.187,7.171,Unknown,Unknown,0
Bad and Crazy,SHOW,2021,70,action,KR,8.0,2702.0,9.738,8.4,Lee Dong-wook,ACTOR,158
Ghislaine Maxwell: Filthy Rich,MOVIE,2022,101,documentation,US,6.0,1928.0,7.288,5.8,Ghislaine Maxwell,ACTOR,66
Thai Cave Rescue,SHOW,2022,60,drama,TH,7.8,1941.0,9.445,7.7,Beam Papangkorn,ACTOR,173
Another Self,SHOW,2022,53,drama,TR,6.3,4413.0,15.592,7.125,Tuba Büyüküstün,ACTOR,159
Cirkus,MOVIE,2022,139,comedy,IN,4.9,22296.0,7.596,5.2,Ranveer Singh,ACTOR,24
The Swarm,MOVIE,2021,101,horror,FR,5.3,7322.0,10.615,5.8,Suliane Brahim,ACTOR,64
Masameer County,SHOW,2021,21,drama,SA,8.1,1951.0,10.011,6.0,Malik Nejer,ACTOR,118
I Care a Lot,MOVIE,2021,118,comedy,GB,6.3,135982.0,18.227,6.621,Rosamund Pike,ACTOR,6
That Girl Lay Lay,SHOW,2021,24,family,US,4.1,424.0,8.337,6.4,That Girl Lay Lay,ACTOR,37
Patton Oswalt: We All Scream,MOVIE,2022,58,comedy,US,5.9,732.0,4.227,5.4,Patton Oswalt,ACTOR,4
Daughter from Another Mother,SHOW,2021,38,comedy,MX,7.3,2209.0,259.737,7.598,Ludwika Paleta,ACTOR,174
jeen-yuhs,SHOW,2022,93,documentation,US,8.0,9720.0,5.482,6.385,Kanye West,ACTOR,0
Khakee: The Bihar Chapter,SHOW,2022,51,drama,IN,8.2,8324.0,15.382,7.932,Karan Tacker,ACTOR,140
Stay Close,SHOW,2021,47,crime,GB,6.9,32871.0,11.017,7.0,Cush Jumbo,ACTOR,152
Human Resources,SHOW,2022,27,animation,US,7.2,7743.0,16.397,6.7,Nick Kroll,ACTOR,32
Code Name: Emperor,MOVIE,2022,105,drama,FR,5.8,2479.0,55.49,5.9,Luis Tosar,ACTOR,96
Fear Street: Part Two - 1978,MOVIE,2021,109,drama,US,6.7,67164.0,56.248,7.254,Sadie Sink,ACTOR,1
No Limit,MOVIE,2022,119,drama,FR,5.8,3098.0,45.426,6.1,Camille Rowe,ACTOR,96
Persuasion,MOVIE,2022,108,romance,GB,5.8,31070.0,22.115,5.969,Dakota Johnson,ACTOR,87
Mind Your Manners,SHOW,2022,33,reality,US,5.9,281.0,2.936,4.5,Sara Jane Ho,ACTOR,26
800 Meters,SHOW,2022,52,documentation,ES,7.0,709.0,2.596,6.0,Elías León Siminiani,DIRECTOR,196
Hei$t: The Great Robbery of Brazil's Central Bank,SHOW,2022,61,documentation,BR,6.4,625.0,6.382,6.5,Rodrigo Astiz,DIRECTOR,193
Trese,SHOW,2021,29,thriller,PH,7.0,4273.0,15.153,7.3,Shay Mitchell,ACTOR,-1
Vampire in the Garden,SHOW,2022,26,action,JP,6.7,1408.0,24.967,7.5,Megumi Han,ACTOR,27
Through My Window,MOVIE,2022,112,drama,ES,5.4,11924.0,95.078,7.441,Clara Galle,ACTOR,46
History of Swear Words,SHOW,2021,21,comedy,US,6.4,5177.0,6.785,6.9,Nicolas Cage,ACTOR,16
The Lost Daughter,MOVIE,2021,122,drama,GB,6.7,67912.0,18.82,6.6,Olivia Colman,ACTOR,34
Family Secrets,SHOW,2022,45,comedy,PL,6.0,578.0,6.582,6.545,Eliza Rycembel,ACTOR,-1
Pretty Smart,SHOW,2021,23,comedy,US,5.8,5010.0,6.513,6.8,Emily Osment,ACTOR,16
Blackout,MOVIE,2022,81,thriller,US,6.540941965073206,21150.29081903414,96.237,5.464,Josh Duhamel,ACTOR,19
The Chair,SHOW,2021,30,drama,US,7.2,17587.0,8.818,6.9,Sandra Oh,ACTOR,39
The Soccer Football Movie,MOVIE,2022,74,comedy,US,3.1,911.0,151.478,6.1,Zlatan Ibrahimović,ACTOR,4
Your Life is a Joke,SHOW,2021,37,comedy,DE,5.5,89.0,2.18,2.5,Oliver Polak,ACTOR,-1
Rainbow,MOVIE,2022,117,fantasy,ES,4.5,933.0,14.205,6.0,Dora Postigo,ACTOR,-1
Borrego,MOVIE,2022,102,thriller,US,5.3,4734.0,44.839,5.8,Lucy Hale,ACTOR,19
An astrological guide for broken hearts,SHOW,2021,34,comedy,IT,7.1,3621.0,8.568,6.481,Lucrezia Bertini,ACTOR,212
Laal Singh Chaddha,MOVIE,2022,157,drama,IN,5.5,174815.0,6.35,6.5,Aamir Khan,ACTOR,8
Crime Scene: The Times Square Killer,SHOW,2021,49,thriller,US,6.5,4893.0,5.863,6.975,Unknown,Unknown,54
A Kidnapping Scandal: The Florence Cassez Affair,SHOW,2022,50,crime,MX,7.0,390.0,3.804,6.8,Gerardo Naranjo,DIRECTOR,199
Trevor Noah: I Wish You Would,MOVIE,2022,69,comedy,US,6.6,1903.0,4.77,6.762,Trevor Noah,ACTOR,4
A Man of Action,MOVIE,2022,111,action,ES,6.3,2350.0,25.27,6.796,Juan José Ballesta,ACTOR,-1
Black Crab,MOVIE,2022,114,scifi,SE,5.7,22698.0,41.587,6.3,Noomi Rapace,ACTOR,-1
"Hello, Goodbye, and Everything in Between",MOVIE,2022,84,drama,US,5.1,3422.0,21.302,6.301,Talia Ryder,ACTOR,1
Black Island,MOVIE,2021,104,thriller,DE,5.2,3020.0,23.282,6.0,Philip Froissant,ACTOR,62
Savage Beauty,SHOW,2022,0,drama,US,5.6,460.0,5.122,6.7,Rosemary Zimu,ACTOR,39
Dave Chappelle: What's in a Name?,MOVIE,2022,40,comedy,US,6.540941965073206,21150.29081903414,3.866,5.8,Dave Chappelle,ACTOR,4
Invisible City,SHOW,2021,36,scifi,BR,7.5,20.0,17.798,7.11,Manuela Dieguez,ACTOR,-1
Doctor G,MOVIE,2022,124,drama,IN,6.7,15861.0,2.815,6.6,Ayushmann Khurrana,ACTOR,8
Cocaine Cowboys: The Kings of Miami,SHOW,2021,46,documentation,,7.1,2922.0,5.221,6.636,Billy Corben,DIRECTOR,195
If Only,SHOW,2022,35,scifi,ES,6.2,984.0,42.147,7.344,Megan Montaner,ACTOR,209
Fistful of Vengeance,MOVIE,2022,97,action,US,4.4,6974.0,67.176,5.623,Iko Uwais,ACTOR,17
Thai Massage,MOVIE,2022,120,drama,IN,6.3,1511.0,3.461,7.0,Gajraj Rao,ACTOR,8
Along for the Ride,MOVIE,2022,106,drama,US,6.1,7452.0,20.271,6.833,Emma Pasarow,ACTOR,1
Somos.,SHOW,2021,52,drama,MX,7.1,1215.0,16.556,7.6,Jesús Sida,ACTOR,153
Windfall,MOVIE,2022,92,thriller,US,5.7,24474.0,12.213,5.38,Jason Segel,ACTOR,19
Story of My Family,SHOW,2021,48,drama,JP,6.540941965073206,21150.29081903414,2.885,8.5,Tomoya Nagase,ACTOR,57
Neon Lights,MOVIE,2022,90,horror,CA,4.6,1160.0,5.694,4.8,Dana Abraham,ACTOR,-1
As the Crow Flies,SHOW,2022,0,drama,TR,6.3,4613.0,6.259,7.27,Birce Akalay,ACTOR,159
CAT,SHOW,2022,45,crime,IN,6.540941965073206,21150.29081903414,6.436,7.2,Randeep Hooda,ACTOR,198
The Houseboat,SHOW,2021,36,documentation,DE,6.540941965073206,21150.29081903414,3.348,6.538,Fynn Kliemann,ACTOR,150
Surviving Summer,SHOW,2022,28,drama,AU,6.5,2099.0,11.047,6.913,Sky Katz,ACTOR,41
Street Food: USA,SHOW,2022,32,documentation,US,6.8,567.0,3.104,5.9,Unknown,Unknown,0
Insiders,SHOW,2021,48,reality,ES,4.2,826.0,4.47,6.726,Najwa Nimri,ACTOR,213
Split at the Root,MOVIE,2022,96,documentation,US,8.9,17.0,5.128,6.633193712829227,Linda Goldstein Knowlton,DIRECTOR,66
Anxious People,SHOW,2021,29,crime,SE,6.8,4463.0,7.005,6.096,Sascha Zacharias,ACTOR,-1
Live to Lead,SHOW,2022,29,documentation,US,4.6,733.0,4.062,4.6,Ruth Bader Ginsburg,ACTOR,0
Savage Rhythm,SHOW,2022,40,drama,CO,6.3,28.0,24.267,7.529,Paulina Dávila,ACTOR,49
Private Lesson,MOVIE,2022,89,romance,TR,4.5,1238.0,45.884,6.8,Bensu Soral,ACTOR,-1
Pray Away,MOVIE,2021,101,documentation,US,6.5,3240.0,11.914,7.0,Julie Rodgers,ACTOR,66
Senior Year,MOVIE,2022,112,comedy,US,5.5,39561.0,39.069,5.903,Rebel Wilson,ACTOR,4
The Last Mercenary,MOVIE,2021,110,comedy,FR,5.3,9054.0,38.964,6.58,Jean-Claude Van Damme,ACTOR,127
Malcolm & Marie,MOVIE,2021,106,drama,US,6.6,38474.0,19.019,7.073,John David Washington,ACTOR,1
Cyber Hell: Exposing an Internet Horror,MOVIE,2022,105,documentation,KR,6.5,1886.0,38.888,7.257,Choi Jin-sung,DIRECTOR,-1
Heirs to the Land,SHOW,2022,53,drama,ES,7.1,1301.0,8.951,6.5,Yon González,ACTOR,133
Everything Will Be Fine,SHOW,2021,29,drama,MX,6.3,359.0,3.9,7.2,Lucía Uribe,ACTOR,153
Once Upon a Time... Happily Never After,SHOW,2022,0,scifi,ES,5.4,584.0,27.301,7.125,Sebastián Yatra,ACTOR,209
The Women and the Murderer,MOVIE,2021,92,documentation,FR,6.4,1405.0,6.153,6.2,Patricia Tourancheau,DIRECTOR,53
Getting Curious with Jonathan Van Ness,SHOW,2022,26,comedy,US,6.9,811.0,2.653,6.2,Jonathan van Ness,ACTOR,16
Queen,SHOW,2022,49,drama,PL,7.1,1456.0,5.141,6.167,Andrzej Seweryn,ACTOR,194
Hard Cell,SHOW,2022,26,comedy,US,6.4,1862.0,3.405,5.5,Catherine Tate,ACTOR,16
Secrets of Summer,SHOW,2022,31,drama,AR,6.0,204.0,6.91,7.8,Abril di Yorio,ACTOR,42
Farzar,SHOW,2022,28,comedy,US,5.5,2361.0,15.043,6.4,Lance Reddick,ACTOR,16
My Next Guest with David Letterman and Volodymyr Zelenskyy,MOVIE,2022,44,documentation,US,6.540941965073206,21150.29081903414,3.22,6.8,David Letterman,ACTOR,66
The Unforgivable,MOVIE,2021,112,drama,DE,7.1,112177.0,19.337,7.507,Sandra Bullock,ACTOR,47
AlRawabi School for Girls,SHOW,2021,48,drama,JO,7.3,6416.0,10.507,7.453,Andria Tayeh,ACTOR,-1
Who Rules The World,SHOW,2022,46,drama,CN,8.3,1137.0,13.457,7.0,Yang Yang,ACTOR,125
No Regrets In Life,SHOW,2022,71,drama,TW,6.5,43.0,4.166,3.5,Annie Chen,ACTOR,69
Live Is Life,MOVIE,2022,110,action,ES,6.3,1064.0,6.652,7.0,Adrián Baena,ACTOR,-1
Green Mothers' Club,SHOW,2022,70,drama,KR,7.0,225.0,6.524,6.2,Lee Yo-won,ACTOR,90
Feria: The Darkest Light,SHOW,2022,50,scifi,ES,5.7,1532.0,10.316,6.8,Marta Nieto,ACTOR,209
Gangubai Kathiawadi,MOVIE,2022,157,drama,IN,7.8,57151.0,17.538,7.435,Alia Bhatt,ACTOR,8
Rescued by Ruby,MOVIE,2022,93,drama,CA,7.1,9136.0,17.135,7.5,Grant Gustin,ACTOR,58
Resident Evil: Infinite Darkness,SHOW,2021,27,scifi,US,5.8,9500.0,25.829,7.778,Nick Apostolides,ACTOR,36
Eden,SHOW,2021,25,animation,JP,6.6,1283.0,17.113,6.9,Marika Kouno,ACTOR,33
83,MOVIE,2021,163,drama,IN,7.5,38588.0,5.421,7.047,Ranveer Singh,ACTOR,8
He-Man and the Masters of the Universe,SHOW,2021,26,animation,US,5.8,1985.0,22.567,7.2,Yuri Lowenthal,ACTOR,32
Nick Kroll: Little Big Boy,MOVIE,2022,60,comedy,,6.7,985.0,4.331,5.5,Nick Kroll,ACTOR,139
365 Days: This Day,MOVIE,2022,111,drama,PL,2.6,21102.0,126.245,5.878,Anna-Maria Sieklucka,ACTOR,184
Pokémon Master Journeys,SHOW,2021,22,comedy,US,7.6,306.0,3.842,6.633193712829227,Unknown,Unknown,16
The Billion Dollar Code,SHOW,2021,67,drama,DE,8.0,9639.0,14.819,8.218,Leonard Scheicher,ACTOR,169
Bo Burnham: Inside,MOVIE,2021,88,comedy,US,8.7,44074.0,10.636,8.186,Bo Burnham,ACTOR,4
Sooryavanshi,MOVIE,2021,145,action,IN,6.1,77630.0,48.324,5.8,Akshay Kumar,ACTOR,14
The Colony,MOVIE,2021,104,scifi,CH,5.4,10372.0,15.145,5.7,Nora Arnezeder,ACTOR,-1
Pirate Gold of Adak Island,SHOW,2022,29,reality,US,4.7,1120.0,3.646,5.667,Dr M Jackson,ACTOR,26
Anek,MOVIE,2022,146,thriller,IN,6.5,21978.0,4.874,6.2,Ayushmann Khurrana,ACTOR,13
Heist,SHOW,2021,43,documentation,US,6.8,1904.0,5.175,6.854,Fred Tallchief,ACTOR,0
The Perfumier,MOVIE,2022,96,drama,DE,3.6,1380.0,20.748,4.5,Emilia Schüle,ACTOR,47
What We Leave Behind,MOVIE,2022,71,documentation,US,6.8,152.0,26.816,6.333,Iliana Sosa,DIRECTOR,66
Lookism,SHOW,2022,25,drama,KR,7.6,3281.0,158.792,8.646,Shim Kyu-hyuck,ACTOR,90
Aziz Ansari: Nightclub Comedian,MOVIE,2022,29,comedy,US,7.0,2448.0,2.875,6.5,Aziz Ansari,ACTOR,4
Seaspiracy,MOVIE,2021,89,documentation,US,8.1,32019.0,8.543,7.885,Ali Tabrizi,ACTOR,66
The Crew,SHOW,2021,27,comedy,US,6.5,5931.0,8.422,7.0,Kevin James,ACTOR,16
The Seven Deadly Sins: Grudge of Edinburgh Part 1,MOVIE,2022,52,action,JP,5.4,413.0,53.213,8.079,Sora Amamiya,ACTOR,81
Bad Sport,SHOW,2021,65,crime,,7.3,2531.0,3.729,6.909,Randy Lanier,ACTOR,-1
Snack vs Chef,SHOW,2022,38,reality,US,5.4,616.0,5.748,4.5,Megan Stalter,ACTOR,26
The Girl from Oslo,SHOW,2021,31,thriller,NO,6.3,3430.0,7.427,6.963,Shaniaz Hama Ali,ACTOR,-1
Lady Tamara,SHOW,2022,39,reality,ES,4.4,107.0,3.642,4.7,Tamara Falcó,ACTOR,213
Dated and Related,SHOW,2022,0,reality,GB,4.6,593.0,3.815,6.269,Melinda Melrose,ACTOR,55
Business Proposal,SHOW,2022,60,drama,KR,8.1,13945.0,104.827,8.5,Ahn Hyo-Seop,ACTOR,90
Pieces of a Woman,MOVIE,2021,127,drama,US,7.0,51692.0,18.925,7.1,Vanessa Kirby,ACTOR,1
HollyBlood,MOVIE,2022,87,romance,ES,4.4,945.0,14.011,5.5,Óscar Casas,ACTOR,75
Chosen,SHOW,2022,44,scifi,DK,4.6,1473.0,11.914,6.4,Malaika Berenth Mosendane,ACTOR,-1
7 Women and a Murder,MOVIE,2021,82,comedy,IT,5.4,4272.0,79.84,5.6,Margherita Buy,ACTOR,182
Nightbooks,MOVIE,2021,103,family,US,5.8,9556.0,31.587,6.3,Winslow Fegley,ACTOR,136
Maya and the Three,SHOW,2021,131,comedy,MX,8.1,4342.0,20.465,7.9,Zoe Saldaña,ACTOR,174
Abla Fahita: Drama Queen,SHOW,2021,25,drama,EG,6.6,462.0,1.4,7.0,Abla Fahita,ACTOR,203
Clickbait,SHOW,2021,46,thriller,AU,7.2,55043.0,20.113,7.467,Adrian Grenier,ACTOR,-1
You Are My Spring,SHOW,2021,69,drama,KR,7.4,723.0,6.853,7.5,Seo Hyun-jin,ACTOR,90
Sentinelle,MOVIE,2021,80,thriller,FR,4.8,8213.0,33.726,5.9,Olga Kurylenko,ACTOR,178
The Bubble,MOVIE,2022,126,comedy,US,4.7,25498.0,21.537,4.7,Karen Gillan,ACTOR,4
The Anthrax Attacks: In the Shadow of 9/11,MOVIE,2022,94,documentation,GB,6.2,1545.0,15.67,6.9,Clark Gregg,ACTOR,73
High-Rise Invasion,SHOW,2021,26,action,JP,6.6,2575.0,27.705,8.4,Shiki Aoki,ACTOR,27
"Monica, O My Darling",MOVIE,2022,129,drama,IN,7.4,16566.0,20.764,7.4,Rajkummar Rao,ACTOR,8
The Five Juanas,SHOW,2021,39,drama,MX,6.9,1992.0,29.508,7.413,Zuria Vega,ACTOR,153
Qala,MOVIE,2022,119,drama,IN,7.2,5778.0,8.574,6.2,Tripti Dimri,ACTOR,8
Mr. Good: Cop or Crook?,SHOW,2022,50,documentation,NO,6.8,565.0,2.333,5.1,Eirik Jensen,ACTOR,-1
Dubai Bling,SHOW,2022,47,reality,AE,3.6,1470.0,7.751,5.667,Unknown,Unknown,112
Mousa,MOVIE,2021,101,scifi,EG,6.0,1643.0,3.026,6.5,Karim Mahmoud Abdel Aziz,ACTOR,-1
Broad Peak,MOVIE,2022,101,drama,PL,5.9,1634.0,13.349,5.855,Ireneusz Czop,ACTOR,184
Somebody,SHOW,2022,55,crime,KR,6.540941965073206,21150.29081903414,25.02,7.181,Kim Young-kwang,ACTOR,186
First Love,SHOW,2022,54,drama,JP,8.4,3252.0,21.74,7.947,Hikari Mitsushima,ACTOR,57
Tattoo Redo,SHOW,2021,26,reality,US,5.9,846.0,4.024,5.0,Miryam Lumpini,ACTOR,26
Bling Empire,SHOW,2021,36,reality,US,5.8,3519.0,6.884,7.8,Christine Chiu,ACTOR,26
Hasan Minhaj: The King's Jester,MOVIE,2022,60,comedy,US,7.7,1998.0,3.861,7.2,Hasan Minhaj,ACTOR,4
The Cook of Castamar,SHOW,2021,54,drama,ES,7.4,4342.0,11.362,7.0,Michelle Jenner,ACTOR,133
The One,SHOW,2021,42,crime,GB,6.6,13114.0,10.359,6.768,Amir ElMasry,ACTOR,152
Untold: Breaking Point,MOVIE,2021,79,documentation,US,7.6,3143.0,7.746,7.7,Mardy Fish,ACTOR,66
Interceptor,MOVIE,2022,98,thriller,AU,4.6,24918.0,45.112,6.2,Elsa Pataky,ACTOR,-1
"Love, Life & Everything in Between",SHOW,2022,27,drama,LB,5.6,113.0,4.502,4.0,Saif Mohsen,ACTOR,-1
Romantic Killer,SHOW,2022,27,animation,JP,7.6,1486.0,72.137,9.0,Rie Takahashi,ACTOR,33
Halston,SHOW,2021,47,drama,US,7.5,15729.0,11.259,7.2,Ewan McGregor,ACTOR,39
Guillermo del Toro's Pinocchio: Handcarved Cinema,MOVIE,2022,37,documentation,,6.540941965073206,21150.29081903414,11.191,7.6,Guillermo del Toro,ACTOR,84
Delivery by Christmas,MOVIE,2022,97,comedy,PL,5.5,781.0,37.117,6.225,Monika Frajczyk,ACTOR,176
Britney vs. Spears,MOVIE,2021,93,documentation,US,6.4,7441.0,9.182,7.211,Britney Spears,ACTOR,66
The Old Ways,MOVIE,2021,90,horror,US,5.4,6852.0,14.354,6.957,Brigitte Kali Canales,ACTOR,31
18 Pages,MOVIE,2022,137,romance,IN,7.1,2263.0,9.125,6.667,Nikhil Siddhartha,ACTOR,9
Byron Baes,SHOW,2022,45,reality,AU,2.9,532.0,1.659,3.0,Unknown,Unknown,122
JAPAN SINKS: People of Hope,SHOW,2021,52,scifi,JP,6.2,9.0,4.618,6.4,Shun Oguri,ACTOR,28
The Shadow in My Eye,MOVIE,2021,107,drama,DK,7.3,13883.0,19.184,7.824,Bertram Bisgaard Enevoldsen,ACTOR,-1
School Tales the Series,SHOW,2022,49,drama,TH,5.4,528.0,18.842,7.667,Kay Lertsittichai,ACTOR,173
Mr. Midnight: Bacha na příšery,SHOW,2022,31,action,SG,5.8,489.0,17.717,5.8,Idan Aedan,ACTOR,-1
The Harder They Fall,MOVIE,2021,139,drama,US,6.6,65437.0,37.792,6.7,Jonathan Majors,ACTOR,1
Ali Wong: Don Wong,MOVIE,2022,59,comedy,US,6.6,2775.0,7.099,7.2,Ali Wong,ACTOR,4
The Fame Game,SHOW,2022,47,drama,IN,6.540941965073206,21150.29081903414,5.886,5.4,Madhuri Dixit,ACTOR,140
High on the Hog: How African American Cuisine Transformed America,SHOW,2021,53,documentation,US,6.540941965073206,21150.29081903414,2.011,5.333,Stephen Satterfield,ACTOR,0
Pretend It's a City,SHOW,2021,29,comedy,US,8.1,7810.0,6.349,7.305,Fran Lebowitz,ACTOR,16
Major Grom: Plague Doctor,MOVIE,2021,136,action,RU,6.3,12767.0,47.729,6.685,Tikhon Zhiznevsky,ACTOR,-1
How to Become a Tyrant,SHOW,2021,27,documentation,US,7.4,9701.0,12.835,7.4,Peter Dinklage,ACTOR,0
Captain Nova,MOVIE,2021,86,scifi,NL,5.5,1759.0,8.335,6.0,Kika van de Vijver,ACTOR,-1
Jumping from High Places,MOVIE,2022,88,romance,IT,5.7,807.0,134.153,5.6,Cristiano Caccamo,ACTOR,208
Metal Lords,MOVIE,2022,97,drama,US,6.7,29021.0,17.349,6.863,Jaeden Martell,ACTOR,1
The Lost Pirate Kingdom,SHOW,2021,53,documentation,US,6.6,3068.0,8.192,7.659,Derek Jacobi,ACTOR,0
Under Suspicion: Uncovering the Wesphael Case,SHOW,2021,36,crime,,6.3,779.0,3.443,6.6,Bernard Wesphael,ACTOR,-1
Rebelde,SHOW,2022,40,drama,MX,6.4,6574.0,55.101,7.548,Azul Guaita,ACTOR,153
Why Did You Kill Me?,MOVIE,2021,83,documentation,US,5.6,4450.0,9.047,6.131,Belinda Lane,ACTOR,66
Malverde: El Santo Patrón,SHOW,2021,45,drama,MX,7.6,92.0,56.992,7.667,Claudio Roca,ACTOR,153
Don't Leave,MOVIE,2022,107,drama,TR,5.2,1328.0,96.434,5.5,Burak Deniz,ACTOR,126
I Am Vanessa Guillen,MOVIE,2022,95,documentation,US,6.3,858.0,21.674,7.5,Christy Wegener,DIRECTOR,66
The Tinder Swindler,MOVIE,2022,114,crime,GB,7.1,67796.0,19.536,7.0,Shimon Yehuda Hayut,ACTOR,-1
Far from Home,SHOW,2022,43,drama,NG,5.8,309.0,22.401,8.321,Funke Akindele-Bello,ACTOR,-1
"Hello, Me!",SHOW,2021,61,scifi,KR,7.3,694.0,14.013,7.5,Choi Kang-hee,ACTOR,147
Restless,MOVIE,2022,95,action,BE,5.8,4950.0,51.986,6.067,Franck Gastambide,ACTOR,-1
Christmas Full of Grace,MOVIE,2022,104,romance,BR,4.4,636.0,18.879,5.622,Sergio Malheiros,ACTOR,-1
Operation Varsity Blues: The College Admissions Scandal,MOVIE,2021,100,drama,US,6.9,8564.0,9.655,7.0,Matthew Modine,ACTOR,1
Hit & Run,SHOW,2021,44,action,IL,7.0,9716.0,18.237,7.4,Lior Raz,ACTOR,-1
Red Dot,MOVIE,2021,86,thriller,SE,5.5,13925.0,27.844,5.87,Johannes Bah Kuhnke,ACTOR,-1
Shania Twain: Not Just a Girl,MOVIE,2022,88,music,GB,7.0,1235.0,6.323,6.8,Shania Twain,ACTOR,-1
The Witcher: Nightmare of the Wolf,MOVIE,2021,83,scifi,KR,7.2,46435.0,24.823,7.615,Theo James,ACTOR,-1
Jupiter's Legacy,SHOW,2021,45,scifi,US,6.7,39430.0,31.369,7.1,Josh Duhamel,ACTOR,36
Beast,MOVIE,2022,162,action,IN,5.2,34051.0,8.362,6.0,Vijay,ACTOR,14
Silverton Siege,MOVIE,2022,100,drama,ZA,6.3,4089.0,38.202,6.392,Thabo Rametsi,ACTOR,132
Post Mortem: No One Dies in Skarnes,SHOW,2021,45,thriller,NO,7.1,3663.0,1.536,6.633193712829227,Kathrine Thorborg Johansen,ACTOR,-1
Naomi Osaka,SHOW,2021,37,documentation,US,6.3,1370.0,3.135,6.8,Naomi Osaka,ACTOR,0
Age of Samurai: Battle for Japan,SHOW,2021,43,drama,US,7.4,4450.0,25.504,7.107,Elijah Bender,ACTOR,39
Dave Chappelle: The Closer,MOVIE,2021,72,comedy,US,8.0,27308.0,8.724,7.2,Dave Chappelle,ACTOR,4
Tribes of Europa,SHOW,2021,47,scifi,DE,6.7,12869.0,26.94,7.076,Emilio Sakraya,ACTOR,-1
Too Old for Fairy Tales,MOVIE,2022,106,family,PL,6.2,1359.0,13.751,6.2,Karolina Gruszka,ACTOR,-1
Peter Rabbit 2: The Runaway,MOVIE,2021,93,comedy,US,6.2,12484.0,48.526,7.2,James Corden,ACTOR,4
Dealer,SHOW,2021,45,action,FR,6.2,722.0,7.223,6.818,Abdramane Diakité,ACTOR,-1
Welcome to Wedding Hell,SHOW,2022,37,drama,KR,6.2,181.0,10.053,7.75,Lee Jin-wook,ACTOR,90
The Kissing Booth 3,MOVIE,2021,112,comedy,US,4.8,18390.0,44.954,7.046,Joey King,ACTOR,4
The Hand of God,MOVIE,2021,130,drama,IT,7.4,30235.0,12.406,7.622,Filippo Scotti,ACTOR,51
Minions & More 1,MOVIE,2022,48,action,US,6.5,1541.0,175.24,6.9,Pierre Coffin,ACTOR,17
Coming Home in the Dark,MOVIE,2021,93,thriller,NZ,5.7,6442.0,15.796,5.675,Daniel Gillies,ACTOR,-1
Chicago Party Aunt,SHOW,2021,24,animation,US,5.6,1988.0,10.1,6.2,Lauren Ash,ACTOR,32
Vincenzo,SHOW,2021,81,action,KR,8.4,20709.0,37.628,8.622,Song Joong-ki,ACTOR,158
Finding ʻOhana,MOVIE,2021,123,action,US,6.1,10695.0,25.659,6.4,Kea Peahu,ACTOR,17
Esposa de Aluguel,MOVIE,2022,107,comedy,BR,6.540941965073206,21150.29081903414,28.027,2.0,Caio Castro,ACTOR,187
Munich: The Edge of War,MOVIE,2022,129,drama,GB,6.8,32555.0,13.748,6.9,George MacKay,ACTOR,34
Last Man Down,MOVIE,2021,87,action,SE,3.6,13470.0,134.943,5.4,Daniel Stisen,ACTOR,-1
Doom of Love,MOVIE,2022,100,drama,TR,4.9,1987.0,2.479,6.7,Pınar Deniz,ACTOR,126
Radhe Shyam,MOVIE,2022,138,drama,IN,5.3,29928.0,7.499,5.5,Prabhas,ACTOR,8
Gabriel Iglesias: Stadium Fluffy,MOVIE,2022,115,comedy,US,7.1,1188.0,4.329,6.7,Gabriel Iglesias,ACTOR,4
Gunpowder Milkshake,MOVIE,2021,114,action,US,6.0,46598.0,35.719,6.4,Karen Gillan,ACTOR,17
Av: The Hunt,MOVIE,2021,86,thriller,TR,5.3,616.0,2.897,5.2,Billur Melis Koç,ACTOR,-1
Murder by the Coast,MOVIE,2021,88,crime,ES,6.5,2308.0,3.955,6.329,Tània Balló,DIRECTOR,-1
Skater Girl,MOVIE,2021,107,drama,IN,6.6,4576.0,8.375,7.4,Rachel Sanchita Gupta,ACTOR,8
Animal,SHOW,2021,46,documentation,BR,7.9,1387.0,7.935,7.9,Unknown,Unknown,193
Untold: The Race of the Century,MOVIE,2022,83,documentation,US,7.3,917.0,16.815,7.3,Chapman Way,DIRECTOR,66
The Guilty,MOVIE,2021,90,drama,US,6.3,131029.0,23.482,6.412,Jake Gyllenhaal,ACTOR,1
Love is Blind: Japan,SHOW,2022,57,romance,JP,7.1,708.0,3.713,5.917,Takashi Fujii,ACTOR,-1
Photocopier,MOVIE,2022,130,thriller,ID,6.8,3412.0,19.636,7.0,Shenina Cinnamon,ACTOR,128
The Post-Truth World,MOVIE,2022,120,thriller,TW,6.4,459.0,4.076,6.2,Joseph Chang,ACTOR,-1
The Royal Treatment,MOVIE,2022,96,romance,US,5.2,10072.0,27.928,6.7,Laura Marano,ACTOR,2
Blood Sisters,SHOW,2022,56,crime,US,5.5,1023.0,7.476,8.385,Ini Dima-Okojie,ACTOR,135
ONI: Thunder God's Tale,SHOW,2022,42,action,US,8.2,924.0,14.605,8.1,Momona Tamada,ACTOR,30
Zero Chill,SHOW,2021,30,drama,GB,6.540941965073206,21150.29081903414,6.669,7.451,Grace Beedie,ACTOR,114
Sexy Beasts,SHOW,2021,23,reality,,4.7,1223.0,17.961,5.8,Rob Delaney,ACTOR,112
Jaguar,SHOW,2021,45,war,ES,5.8,1972.0,17.557,7.18,Blanca Suárez,ACTOR,-1
The Summit of the Gods,MOVIE,2021,95,animation,LU,7.5,6984.0,8.332,7.888,Éric Herson-Macarel,ACTOR,-1
Wild Is the Wind,MOVIE,2022,123,crime,ZA,5.5,1332.0,113.243,5.7,Mothusi Magano,ACTOR,-1
Drink Masters,SHOW,2022,39,reality,US,6.7,915.0,4.057,5.4,Unknown,Unknown,26
Masters of the Universe: Revelation,SHOW,2021,26,family,US,5.4,27254.0,24.722,6.679,Sarah Michelle Gellar,ACTOR,37
Bullsh*t the Game Show,SHOW,2022,32,reality,US,6.2,990.0,2.824,6.1,Howie Mandel,ACTOR,26
Deadly Illusions,MOVIE,2021,114,thriller,US,6.540941965073206,21150.29081903414,14.617,5.0,Kristin Davis,ACTOR,19
Love & Gelato,MOVIE,2022,111,romance,IT,5.1,5601.0,15.902,5.399,Susanna Skaggs,ACTOR,208
Royalteen,MOVIE,2022,107,drama,NO,5.2,2032.0,30.298,5.814,Ines Høysæter Asserson,ACTOR,-1
Murder Among the Mormons,SHOW,2021,53,crime,US,7.0,6796.0,8.308,7.161,Richard E. Turley Jr.,ACTOR,135
Bank Robbers: The Last Great Heist,MOVIE,2022,109,documentation,AR,7.1,1152.0,16.471,6.9,Fernando Araujo,ACTOR,188
Till Death,SHOW,2021,52,drama,LB,6.540941965073206,21150.29081903414,32.887,6.7,Maguy Bou Ghosn,ACTOR,-1
Two Summers,SHOW,2022,46,drama,BE,6.8,3977.0,15.511,6.795,An Miller,ACTOR,149
Myth & Mogul: John DeLorean,SHOW,2021,44,documentation,US,6.8,1176.0,3.834,6.7,John Z. DeLorean,ACTOR,0
The Father Who Moves Mountains,MOVIE,2021,108,thriller,RO,5.5,3784.0,9.962,5.9,Adrian Titieni,ACTOR,-1
A Cop Movie,MOVIE,2021,107,drama,MX,7.0,1984.0,6.44,7.3,Mónica del Carmen,ACTOR,70
Aranyak,SHOW,2021,2,crime,IN,7.9,7629.0,5.4,7.214,Raveena Tandon,ACTOR,198
The Masked Scammer,MOVIE,2022,90,documentation,GB,6.1,401.0,5.118,6.5,Gilbert Chickli,ACTOR,73
Standing Up,SHOW,2022,47,comedy,FR,7.5,1317.0,3.634,6.722,Jean Siuen,ACTOR,40
Mine,SHOW,2021,70,drama,KR,7.7,1413.0,13.269,7.573,Lee Bo-young,ACTOR,90
True Story,SHOW,2021,39,drama,US,7.4,19285.0,22.514,7.033,Kevin Hart,ACTOR,39
Phantom Pups,SHOW,2022,25,family,CA,6.0,176.0,87.601,8.385,Jett Klyne,ACTOR,-1
Kitz,SHOW,2021,44,drama,DE,5.8,2705.0,6.335,7.244,Souhaila Amade,ACTOR,169
Summer Strike,SHOW,2022,50,drama,KR,7.9,554.0,11.77,7.2,Kim Seol-hyun,ACTOR,90
Easy-Bake Battle: The Home Cooking Competition,SHOW,2022,38,reality,US,6.4,383.0,3.233,5.333,Antoni Porowski,ACTOR,26
The Raincoat Killer: Chasing a Predator in Korea,SHOW,2021,48,documentation,KR,6.4,2630.0,9.645,6.313,Rob Sixsmith,DIRECTOR,-1
Nail Bomber: Manhunt,MOVIE,2021,72,crime,GB,6.3,2289.0,6.551,6.526,Tony Blair,ACTOR,-1
Too Hot to Handle: Brazil,SHOW,2021,55,reality,BR,5.4,562.0,5.825,6.8,Gabriel Veiga,ACTOR,205
Carnaval,MOVIE,2021,94,comedy,BR,4.0,970.0,10.065,5.194,Giovana Cordeiro,ACTOR,187
Rhythm + Flow France,SHOW,2022,43,reality,FR,6.2,166.0,4.586,7.6,SCH,ACTOR,201
Marriage or Mortgage,SHOW,2021,40,reality,US,5.3,466.0,2.898,6.0,Nichole Holmes,ACTOR,26
Cook at all Costs,SHOW,2022,36,reality,CA,6.4,281.0,12.621,2.0,Jordan Andino,ACTOR,-1
Bhool Bhulaiyaa 2,MOVIE,2022,142,comedy,IN,5.7,31608.0,7.398,6.309,Kartik Aaryan,ACTOR,24
The White Tiger,MOVIE,2021,125,drama,IN,7.1,61821.0,16.052,6.96,Adarsh Gourav,ACTOR,8
The Longest Night,SHOW,2022,45,drama,ES,5.9,2543.0,1.515,7.0,Alberto Ammann,ACTOR,133
Navillera,SHOW,2021,64,drama,KR,8.7,2545.0,11.607,8.553,Park In-hwan,ACTOR,90
Cooking With Paris,SHOW,2021,23,reality,US,5.4,1155.0,3.623,6.435,Paris Hilton,ACTOR,26
Then Barbara Met Alan,MOVIE,2022,67,drama,GB,6.7,203.0,3.528,6.2,Ruth Madeley,ACTOR,34
Would You Like a Cup of Coffee?,SHOW,2021,27,drama,KR,8.3,153.0,3.675,7.2,Ong Seong-wu,ACTOR,90
Robin Robin,MOVIE,2021,30,animation,GB,7.2,1533.0,20.012,6.993,Bronte Carmichael,ACTOR,207
Neymar: The Perfect Chaos,SHOW,2022,55,documentation,US,6.6,3922.0,15.976,7.4,Neymar Jr,ACTOR,0
Twenty Somethings: Austin,SHOW,2021,30,reality,US,6.2,534.0,2.249,1.7,Unknown,Unknown,26
The Fight for Justice: Paolo Guerrero,SHOW,2022,43,drama,PE,6.5,107.0,3.466,7.667,Nikko Ponce,ACTOR,-1
Yes Day,MOVIE,2021,86,comedy,US,5.7,26409.0,18.763,6.778,Jennifer Garner,ACTOR,4
Father Christmas Is Back,MOVIE,2021,105,comedy,GB,4.5,6686.0,16.85,4.671,Nathalie Cox,ACTOR,6
Surviving Death,SHOW,2021,54,documentation,US,6.2,2198.0,1.722,2.0,Ansuman Bhagat,ACTOR,0
F*ck Love Too,MOVIE,2022,92,comedy,NL,3.8,1279.0,18.597,5.5,Yolanthe Cabau,ACTOR,167
Pelé,MOVIE,2021,108,documentation,GB,7.0,5204.0,19.951,7.463,Pelé,ACTOR,73
Cici,MOVIE,2022,155,drama,TR,7.2,4638.0,38.171,5.8,Ayça Bingöl,ACTOR,126
The Ghost,MOVIE,2022,138,action,IN,5.0,2214.0,3.579,4.1,Nagarjuna Akkineni,ACTOR,14
Thunder Force,MOVIE,2021,107,action,US,4.5,43212.0,24.507,5.617,Melissa McCarthy,ACTOR,17
Who's a Good Boy?,MOVIE,2022,95,comedy,MX,4.6,434.0,33.07,5.719,Sebastian Dante,ACTOR,43
Fever Dream,MOVIE,2021,93,thriller,CL,5.4,2153.0,12.003,5.726,María Valverde,ACTOR,-1
Q-Force,SHOW,2021,25,fantasy,US,6.6,5939.0,13.189,7.1,Sean Hayes,ACTOR,191
Memories of a Murderer: The Nilsen Tapes,MOVIE,2021,84,documentation,GB,6.3,3862.0,3.748,6.2,Dennis Nilsen,ACTOR,73
Neal Brennan: Blocks,MOVIE,2022,62,comedy,US,7.7,1436.0,5.238,6.5,Neal Brennan,ACTOR,4
Blood Red Sky,MOVIE,2021,121,fantasy,US,6.1,44006.0,38.818,7.0,Peri Baumeister,ACTOR,18
Blue Period,SHOW,2021,25,animation,JP,7.7,2711.0,15.263,7.3,Hiromu Mineta,ACTOR,33
Aftermath,MOVIE,2021,114,horror,US,5.3,17042.0,28.149,6.3,Ashley Greene,ACTOR,31
Oxygen,MOVIE,2021,100,thriller,FR,6.5,40584.0,15.62,6.611,Mélanie Laurent,ACTOR,178
Carolin Kebekus: The Last Christmas Special,MOVIE,2021,66,comedy,,4.8,104.0,0.707,5.5,Carolin Kebekus,ACTOR,139
Jurassic World Camp Cretaceous: Hidden Adventure,MOVIE,2022,32,action,US,6.540941965073206,21150.29081903414,16.757,6.3,Paul-Mikél Williams,ACTOR,17
Amend: The Fight for America,SHOW,2021,58,war,US,7.8,1281.0,15.355,7.06,Will Smith,ACTOR,129
Count Me In,MOVIE,2021,81,documentation,,6.8,2006.0,2.649,7.1,Cindy Blackman Santana,ACTOR,84
Rurouni Kenshin: The Final,MOVIE,2021,139,drama,JP,7.2,9396.0,38.353,7.787,Takeru Satoh,ACTOR,35
Johnny Hallyday: Beyond Rock,SHOW,2022,35,documentation,US,7.1,141.0,1.717,6.0,Johnny Hallyday,ACTOR,0
Shaman King,SHOW,2021,25,fantasy,JP,7.0,2066.0,48.868,8.291,Yoko Hikasa,ACTOR,-1
Army of Thieves,MOVIE,2021,127,crime,DE,6.4,80304.0,53.867,6.874,Matthias Schweighöfer,ACTOR,-1
Honeymoon with My Mother,MOVIE,2022,110,comedy,ES,5.8,3316.0,22.686,6.5,Carmen Machi,ACTOR,164
The Cage,SHOW,2022,37,drama,KW,6.9,113.0,2.044,5.0,Unknown,Unknown,202
Lesson Plan,MOVIE,2022,101,crime,PL,5.0,1479.0,755.987,6.4,Piotr Witkowski,ACTOR,-1
Procession,MOVIE,2021,118,documentation,US,7.2,1283.0,7.144,6.067,Joe Eldred,ACTOR,66
Transformers: War for Cybertron: Kingdom,SHOW,2021,24,action,US,6.540941965073206,21150.29081903414,16.664,8.0,Unknown,Unknown,30
Army of the Dead,MOVIE,2021,138,action,US,5.7,176201.0,57.862,6.3,Dave Bautista,ACTOR,17
"Devotion, a Story of Love and Desire",SHOW,2022,40,drama,IT,6.4,1994.0,10.822,6.5,Michele Riondino,ACTOR,144
The Pirates: The Last Royal Treasure,MOVIE,2022,126,action,KR,6.1,4046.0,34.18,6.8,Kang Ha-neul,ACTOR,162
Blue Miracle,MOVIE,2021,95,drama,MX,6.6,7277.0,12.444,7.5,Jimmy Gonzales,ACTOR,70
Sparking Joy with Marie Kondo,SHOW,2021,42,comedy,US,6.4,432.0,3.113,7.0,Marie Kondo,ACTOR,16
Fatherhood,MOVIE,2021,110,drama,US,6.6,34661.0,38.452,7.6,Kevin Hart,ACTOR,1
David Spade: Nothing Personal,MOVIE,2022,66,comedy,,5.8,867.0,4.409,5.182,David Spade,ACTOR,139
Attack of the Hollywood Clichés!,MOVIE,2021,59,documentation,GB,6.540941965073206,21150.29081903414,7.867,6.1,Rob Lowe,ACTOR,73
Moxie,MOVIE,2021,111,comedy,US,6.7,26621.0,18.222,7.386,Hadley Robinson,ACTOR,4
Civil: Ben Crump,MOVIE,2022,101,documentation,,5.9,229.0,23.162,10.0,Benjamin Crump,ACTOR,84
The Claus Family 2,MOVIE,2021,98,family,BE,5.5,674.0,5.722,6.7,Jan Decleir,ACTOR,-1
Hold Your Breath: The Ice Dive,MOVIE,2022,40,documentation,FI,6.540941965073206,21150.29081903414,8.303,6.7,Johanna Nordblad,ACTOR,-1
The Irregulars,SHOW,2021,53,crime,GB,6.0,15953.0,10.115,7.462,Henry Lloyd-Hughes,ACTOR,152
Bangkok Breaking,SHOW,2021,60,drama,TH,5.8,321.0,17.881,6.8,Sukollawat Kanarot,ACTOR,173
Hurts Like Hell,SHOW,2022,50,drama,TH,7.4,270.0,2.684,8.1,Nat Kitcharit,ACTOR,173
Tom Papa: What a Day!,MOVIE,2022,60,comedy,US,7.2,404.0,3.198,5.4,Tom Papa,ACTOR,4
Collision,MOVIE,2022,99,drama,ZA,4.2,1098.0,60.369,6.0,Langley Kirkwood,ACTOR,132
Kate,MOVIE,2021,106,action,US,6.2,64325.0,29.374,6.7,Mary Elizabeth Winstead,ACTOR,17
I Am Georgina,SHOW,2022,41,reality,ES,4.0,3312.0,26.064,7.2,Georgina Rodríguez,ACTOR,213
Intrusion,MOVIE,2021,92,thriller,US,5.3,18630.0,16.325,6.006,Freida Pinto,ACTOR,19
Rise of the Teenage Mutant Ninja Turtles: The Movie,MOVIE,2022,82,action,US,6.0,5437.0,47.036,7.5,Ben Schwartz,ACTOR,17
Country Comfort,SHOW,2021,25,comedy,US,6.8,3778.0,7.261,7.7,Katharine McPhee,ACTOR,16
Forgive Us Our Trespasses,MOVIE,2022,13,drama,CA,6.5,21150.29081903414,7.151,6.2,Knox Gibson,ACTOR,58
Ferry,MOVIE,2021,107,drama,BE,7.0,11559.0,11.003,6.8,Frank Lammers,ACTOR,142
Audible,MOVIE,2021,39,documentation,US,5.3,21150.29081903414,7.111,6.9,Amaree McKenstry-Hall,ACTOR,66
Penguin Town,SHOW,2021,28,documentation,ZA,7.9,929.0,2.031,7.0,Unknown,Unknown,-1
Minions & More Volume 2,MOVIE,2022,54,animation,US,6.4,575.0,293.747,7.5,Reese Witherspoon,ACTOR,71
Christina P: Mom Genes,MOVIE,2022,62,comedy,,6.1,771.0,4.12,6.9,Christina Pazsitzky,ACTOR,139
The War Next-door,SHOW,2021,33,comedy,MX,5.7,492.0,23.267,7.254,Vanessa Bauche,ACTOR,174
Intimacy,SHOW,2022,48,drama,ES,6.8,2896.0,57.308,7.1,Itziar Ituño,ACTOR,133
Island of the Sea Wolves,SHOW,2022,43,documentation,GB,7.8,690.0,43.082,8.8,Will Arnett,ACTOR,157
JJ+E,MOVIE,2021,90,drama,SE,5.3,1993.0,15.265,5.545,Elsa Öhrn,ACTOR,-1
School of Chocolate,SHOW,2021,38,reality,US,7.6,2107.0,3.412,6.846,Amaury Guichon,ACTOR,26
The 8th Night,MOVIE,2021,115,horror,KR,5.3,3746.0,18.617,6.128,Lee Sung-min,ACTOR,-1
Beauty,MOVIE,2022,100,drama,US,4.1,699.0,6.949,5.7,Gracie Marie Bradley,ACTOR,1
Till Death,MOVIE,2021,89,thriller,US,5.8,23204.0,24.031,6.8,Megan Fox,ACTOR,19
Iliza Shlesinger: Hot Forever,MOVIE,2022,68,comedy,US,6.6,1130.0,3.422,6.5,Iliza Shlesinger,ACTOR,4
I Am a Stalker,SHOW,2022,45,documentation,GB,6.4,484.0,20.21,5.7,Unknown,Unknown,157
Rilakkuma's Theme Park Adventure,SHOW,2022,16,drama,JP,6.7,199.0,5.459,7.4,Mikako Tabe,ACTOR,57
Prime Time,MOVIE,2021,93,drama,PL,5.2,1879.0,10.33,5.1,Bartosz Bielenia,ACTOR,184
Love Hard,MOVIE,2021,104,comedy,US,6.3,55708.0,14.188,7.021,Nina Dobrev,ACTOR,4
The Teacher,MOVIE,2022,121,thriller,IN,7.0,13822.0,2.99,5.333,Amala Paul,ACTOR,13
Outside the Wire,MOVIE,2021,93,scifi,US,5.4,43543.0,28.821,6.395,Anthony Mackie,ACTOR,29
Love (ft. Marriage and Divorce),SHOW,2021,69,drama,KR,6.8,538.0,24.509,6.3,Sung Hoon,ACTOR,90
Thallumaala,MOVIE,2022,146,action,IN,7.0,4951.0,3.975,6.4,Tovino Thomas,ACTOR,14
Monster,MOVIE,2021,98,crime,US,6.5,6164.0,12.888,6.579,Kelvin Harrison Jr.,ACTOR,3
Race: Bubba Wallace,SHOW,2022,47,documentation,US,6.5,511.0,2.887,5.0,Bubba Wallace,ACTOR,0
Pete Davidson Presents: The Best Friends,MOVIE,2022,58,comedy,US,4.8,785.0,2.796,5.2,Pete Davidson,ACTOR,4
Escape the Undertaker,MOVIE,2021,31,thriller,US,4.2,1021.0,17.539,5.102,Mark Calaway,ACTOR,19
Biking Borders - eine etwas andere Reise,MOVIE,2021,89,documentation,DE,7.7,1047.0,2.192,7.5,Maximilian Jabs,ACTOR,10
"Crack: Cocaine, Corruption & Conspiracy",MOVIE,2021,89,documentation,US,6.7,3586.0,9.475,6.7,Carl Hart,ACTOR,66
Tear Along the Dotted Line,SHOW,2021,19,drama,IT,8.6,9391.0,14.311,8.346,Zerocalcare,ACTOR,144
The Last Dolphin King,MOVIE,2022,93,documentation,FR,5.6,442.0,3.215,6.875,Ernest Riera,DIRECTOR,53
Get Smart With Money,MOVIE,2022,93,documentation,US,6.540941965073206,21150.29081903414,18.829,6.4,Stephanie Soechtig,DIRECTOR,66
Hostage House,MOVIE,2021,90,thriller,US,3.9,950.0,6.595,6.6,Jennifer Taylor,ACTOR,19
"Costa Brava, Lebanon",MOVIE,2021,106,comedy,LB,7.1,164.0,4.229,6.5,Nadine Labaki,ACTOR,50
After We Fell,MOVIE,2021,99,drama,US,4.7,16167.0,126.887,7.13,Josephine Langford,ACTOR,1
The Innocent,SHOW,2021,58,crime,ES,7.8,32471.0,17.852,7.727,Mario Casas,ACTOR,170
GodFather,MOVIE,2022,157,action,IN,5.3,6983.0,8.296,5.2,Chiranjeevi,ACTOR,14
Passing,MOVIE,2021,98,drama,CA,6.7,15378.0,12.251,6.4,Tessa Thompson,ACTOR,58
Attack on Pearl Harbor: Minute by Minute,SHOW,2021,45,documentation,GB,7.5,264.0,2.408,7.5,Russell Boulter,ACTOR,157
我粉你,SHOW,2021,29,documentation,CN,6.540941965073206,21150.29081903414,0.927,6.633193712829227,Unknown,Unknown,-1
Sisyphus,SHOW,2021,71,scifi,KR,7.0,4292.0,17.409,7.2,Cho Seung-woo,ACTOR,147
Super Me,MOVIE,2021,102,fantasy,CN,5.8,1765.0,14.653,7.6,Darren Wang,ACTOR,-1
Dive Club,SHOW,2021,27,drama,AU,6.2,1006.0,4.956,6.0,Georgia-May Davis,ACTOR,41
Decoupled,SHOW,2021,30,comedy,IN,8.0,6379.0,2.582,6.364,R. Madhavan,ACTOR,206
Lead Me Home,MOVIE,2021,40,documentation,US,7.1,21150.29081903414,10.312,6.745,Jon Shenk,DIRECTOR,66
Shards of Her,SHOW,2022,47,drama,TW,6.9,426.0,15.137,7.864,Tiffany Hsu,ACTOR,69
Jo Koy: Live from the Los Angeles Forum,MOVIE,2022,74,comedy,US,7.2,842.0,4.061,7.389,Jo Koy,ACTOR,4
The Fabulous,SHOW,2022,56,comedy,KR,6.5,948.0,29.061,8.9,Chae Soo-bin,ACTOR,72
Baking Impossible,SHOW,2021,49,reality,US,7.0,1300.0,3.574,6.2,Justin Willman,ACTOR,26
Under the Amalfi Sun,MOVIE,2022,90,comedy,IT,5.3,1028.0,9.762,6.041,Lorenzo Zurzolo,ACTOR,182
Change Days,SHOW,2021,68,reality,KR,6.540941965073206,21150.29081903414,5.818,6.5,Heo Young-ji,ACTOR,204
Shiny_Flakes: The Teenage Drug Lord,MOVIE,2021,96,documentation,DE,7.3,5216.0,5.769,7.822,Maximilian Schmidt,ACTOR,10
Our Beloved Summer,SHOW,2021,60,drama,KR,6.540941965073206,21150.29081903414,20.649,8.5,Choi Woo-shik,ACTOR,90
Indian Predator: Murder in a Courtroom,SHOW,2022,56,documentation,IN,7.2,586.0,4.029,7.2,Happy Kalizpuria,ACTOR,179
Attenborough's Life in Colour,SHOW,2021,51,documentation,GB,8.2,3587.0,6.027,7.5,David Attenborough,ACTOR,157
This Is a Robbery: The World's Biggest Art Heist,SHOW,2021,53,crime,US,6.5,4566.0,5.349,6.8,Shelley Murphy,ACTOR,135
Headspace Guide to Sleep,SHOW,2021,19,animation,US,6.8,517.0,2.891,7.5,Evelyn Lewis Prieto,ACTOR,32
Mixtape,MOVIE,2021,94,comedy,US,6.6,3796.0,8.259,7.135,Julie Bowen,ACTOR,4
Piñata Masters!,SHOW,2022,43,reality,MX,7.1,31.0,5.351,7.0,Daniel Sosa,ACTOR,210
Dobaaraa,MOVIE,2022,132,drama,IN,4.6,20170.0,4.313,5.4,Taapsee Pannu,ACTOR,8
The Figo Affair: The Transfer That Changed Football,MOVIE,2022,105,documentation,GB,7.1,4597.0,18.964,7.1,Luís Figo,ACTOR,73
Who We Are: A Chronicle of Racism in America,MOVIE,2022,117,documentation,US,7.3,1024.0,3.628,7.3,Jeffery Robinson,ACTOR,66
2020,SHOW,2021,45,drama,LB,7.7,505.0,1.941,6.4,Kosai Khauli,ACTOR,-1
Luna Park,SHOW,2021,50,drama,IT,6.6,844.0,5.767,6.962,Edoardo Coen,ACTOR,144
The Dig,MOVIE,2021,112,drama,GB,7.1,77144.0,15.378,6.9,Carey Mulligan,ACTOR,34
Milestone,MOVIE,2021,98,drama,IN,6.6,686.0,2.723,5.7,Suvinder Pal Vicky,ACTOR,8
The Hidden Lives of Pets,SHOW,2022,32,documentation,GB,7.2,800.0,7.588,7.7,Hugh Bonneville,ACTOR,157
Elize Matsunaga: Once Upon a Crime,SHOW,2021,49,crime,BR,5.9,2336.0,3.976,6.0,Eliza Capai,DIRECTOR,-1
Kaapa,MOVIE,2022,133,drama,IN,6.540941965073206,21150.29081903414,9.33,8.0,Prithviraj Sukumaran,ACTOR,8
Grudge,MOVIE,2021,104,drama,TR,5.5,4509.0,31.973,6.2,Yılmaz Erdoğan,ACTOR,126
7 Yards: The Chris Norton Story,MOVIE,2021,93,documentation,US,7.8,258.0,3.177,7.0,Mike Barwis,ACTOR,66
Word of Honor,SHOW,2021,43,drama,CN,8.5,3225.0,23.297,8.5,Zhang Zhehan,ACTOR,125
Maldivas,SHOW,2022,36,comedy,BR,5.7,1116.0,20.177,7.5,Manu Gavassi,ACTOR,171
Doctor,MOVIE,2021,150,comedy,IN,7.4,17109.0,3.148,6.5,Sivakarthikeyan,ACTOR,24
The Dreamlife of Georgie Stone,MOVIE,2022,30,documentation,,6.540941965073206,21150.29081903414,3.2,6.6,Georgie Stone,ACTOR,84
Toscana,MOVIE,2022,90,romance,DK,5.7,8158.0,7.445,5.8,Anders Matthesen,ACTOR,-1
Attack on Finland,MOVIE,2021,115,thriller,FI,5.3,1634.0,7.797,5.7,Jasper Pääkkönen,ACTOR,-1
The Forgotten Battle,MOVIE,2021,124,drama,BE,7.1,32639.0,20.666,7.138,Gijs Blom,ACTOR,142
Don't Blame Karma!,MOVIE,2022,85,romance,MX,4.6,770.0,9.386,7.006,Aislinn Derbez,ACTOR,-1
Bartkowiak,MOVIE,2021,91,action,PL,5.1,1305.0,22.059,6.1,Józef Pawłowski,ACTOR,-1
Power Rangers Dino Fury,SHOW,2021,21,scifi,US,6.8,732.0,19.16,6.633193712829227,Torum Heng,ACTOR,36
Dad Stop Embarrassing Me!,SHOW,2021,26,comedy,US,4.2,2032.0,6.354,7.2,Jamie Foxx,ACTOR,16
I Will Be Your Bloom,SHOW,2022,48,drama,JP,7.9,53.0,15.575,6.0,Tsubasa Honda,ACTOR,57
Dhokha: Round D Corner,MOVIE,2022,108,thriller,IN,6.3,11347.0,8.07,5.2,R. Madhavan,ACTOR,13
Today We Fix the World,MOVIE,2022,113,drama,AR,6.2,1154.0,5.677,6.9,Leonardo Sbaraglia,ACTOR,83
Terim,SHOW,2022,0,documentation,TR,6.7,5335.0,3.167,8.125,Fatih Terim,ACTOR,-1
Tiger King: The Doc Antle Story,SHOW,2021,42,documentation,US,6.2,1797.0,5.335,6.2,Unknown,Unknown,0
Super Giant Robot Brothers,SHOW,2022,24,scifi,US,6.6,188.0,9.028,6.625,Marisa Davila,ACTOR,36
I Am All Girls,MOVIE,2021,107,crime,ZA,5.9,6583.0,19.617,6.7,Erica Wessels,ACTOR,-1
Beast of Bangalore: Indian Predator,SHOW,2022,47,crime,IN,6.1,414.0,9.426,6.0,Unknown,Unknown,198
The Wait,MOVIE,2021,122,drama,,6.1,26.0,2.073,6.633193712829227,Nse Ikpe-Etim,ACTOR,38
Pretty Guardians Sailor Moon Eternal The Movie,SHOW,2021,81,action,JP,6.540941965073206,21150.29081903414,19.654,9.6,Kotono Mitsuishi,ACTOR,27
Unsuspicious,SHOW,2022,30,thriller,,5.0,184.0,19.267195915153582,6.633193712829227,Unknown,Unknown,-1
Violet Evergarden: Recollections,MOVIE,2021,95,drama,JP,7.6,84.0,86.513,8.8,Yui Ishikawa,ACTOR,35
Paper Lives,MOVIE,2021,96,drama,TR,6.6,12641.0,15.578,8.1,Çağatay Ulusoy,ACTOR,126
Whitney Cummings: Jokes,MOVIE,2022,59,comedy,US,5.6,650.0,4.115,5.1,Whitney Cummings,ACTOR,4
Kotaro Lives Alone,SHOW,2022,27,animation,JP,8.4,3303.0,17.189,7.548,Rie Kugimiya,ACTOR,33
To All the Boys: Always and Forever,MOVIE,2021,115,drama,US,6.3,28048.0,29.894,7.651,Lana Condor,ACTOR,1
Drive Hard: The Maloof Way,SHOW,2022,32,reality,US,6.0,205.0,2.823,7.2,Unknown,Unknown,26
Best of Stand-Up 2022,MOVIE,2022,76,comedy,US,5.7,257.0,4.736,2.0,Hasan Minhaj,ACTOR,4
Generation 56K,SHOW,2021,30,comedy,IT,7.4,2655.0,2.515,7.129,Angelo Spagnoletti,ACTOR,212
Twenty Five Twenty One,SHOW,2022,75,drama,KR,8.6,8943.0,42.497,8.68,Kim Tae-ri,ACTOR,90
Buy My House,SHOW,2022,33,reality,US,5.8,227.0,2.281,7.1,Nina Parker,ACTOR,26
The Best of Netflix Is a Joke: The Festival,MOVIE,2022,54,comedy,US,6.540941965073206,21150.29081903414,2.037,3.0,Bill Burr,ACTOR,4
Togo,MOVIE,2022,95,drama,UY,5.3,596.0,104.996,6.6,Diego Alonso,ACTOR,-1
Trees of Peace,MOVIE,2022,97,drama,US,6.5,1520.0,11.821,7.44,Charmaine Bingwa,ACTOR,1
The Girl on the Train,MOVIE,2021,128,drama,IN,4.4,14348.0,10.983,5.7,Parineeti Chopra,ACTOR,8
"Young, Famous & African",SHOW,2022,43,reality,ZA,4.9,457.0,2.967,8.2,Nadia Nakai,ACTOR,-1
Kangaroo Valley,MOVIE,2022,76,documentation,US,7.2,291.0,85.667,6.2,Sarah Snook,ACTOR,66
The King's Affection,SHOW,2021,66,drama,KR,6.540941965073206,21150.29081903414,48.396,8.397,Park Eun-bin,ACTOR,90
Fanático,SHOW,2022,18,drama,ES,5.1,169.0,2.618,4.0,Lorenzo Ferro,ACTOR,133
Mister Mummy,MOVIE,2022,98,comedy,IN,2.0,774.0,8.235,4.0,Ritesh Deshmukh,ACTOR,24
The Sparks Brothers,MOVIE,2021,140,documentation,US,7.8,5396.0,7.696,7.3,Ron Mael,ACTOR,66
20th Century Girl,MOVIE,2022,119,romance,KR,7.3,5114.0,185.002,8.4,Kim You-jung,ACTOR,-1
My Name,SHOW,2021,50,thriller,KR,7.8,24130.0,54.941,8.305,Han So-hee,ACTOR,156
Chickenhare and the Hamster of Darkness,MOVIE,2022,91,romance,BE,6.3,2010.0,54.715,7.5,Jordan Tartakow,ACTOR,-1
The Vault,MOVIE,2021,118,action,ES,6.4,21511.0,22.456,5.9,Freddie Highmore,ACTOR,-1
Fugitive: The Curious Case of Carlos Ghosn,MOVIE,2022,95,documentation,FR,6.5,1047.0,37.79,6.083,Carlos Ghosn,ACTOR,53
Mad for Each Other,SHOW,2021,35,comedy,KR,7.9,2102.0,11.871,8.2,Jung Woo,ACTOR,72
My Father's Violin,MOVIE,2022,112,drama,TR,6.4,3711.0,14.429,7.9,Engin Altan Düzyatan,ACTOR,126
Waffles + Mochi,SHOW,2021,28,family,US,7.7,531.0,3.717,6.8,Michelle Obama,ACTOR,37
Rebel Cheer Squad - A Get Even Series,SHOW,2022,29,drama,GB,4.7,221.0,21.446,7.5,Lashay Anderson,ACTOR,114
Never Give Up,SHOW,2022,66,comedy,KR,6.540941965073206,21150.29081903414,7.723,4.3,Kwak Do-won,ACTOR,72
Taylor Tomlinson: Look at You,MOVIE,2022,60,comedy,US,7.4,2815.0,7.245,7.2,Taylor Tomlinson,ACTOR,4
Night Stalker: The Hunt for a Serial Killer,SHOW,2021,47,crime,US,7.5,27514.0,12.839,7.4,Gil Carrillo,ACTOR,135
Cat People,SHOW,2021,32,documentation,US,6.5,349.0,3.064,5.6,Unknown,Unknown,0
Confessions of an Invisible Girl,MOVIE,2021,91,drama,BR,5.2,1195.0,16.927,6.9,Klara Castanho,ACTOR,119
Bad Trip,MOVIE,2021,87,comedy,CA,6.5,25702.0,22.338,6.012,Eric André,ACTOR,74
SAS: Red Notice,MOVIE,2021,124,action,GB,5.2,19411.0,39.608,5.8,Sam Heughan,ACTOR,68
Hype House,SHOW,2022,25,reality,US,1.9,3042.0,2.51,5.857,Thomas Petrou,ACTOR,26
The Violence Action,MOVIE,2022,111,action,JP,4.6,619.0,19.267195915153582,6.633193712829227,Unknown,Unknown,81
You're Nothing Special,SHOW,2022,33,scifi,ES,5.6,391.0,7.438,5.2,Dèlia Brufau,ACTOR,209
The Girls at the Back,SHOW,2022,43,comedy,ES,7.6,1417.0,11.451,8.1,Maria Rodríguez Soto,ACTOR,155
Definition Please,MOVIE,2022,91,drama,US,5.5,202.0,1.644,1.0,Sujata Day,ACTOR,1
Godspeed,MOVIE,2022,119,drama,TR,6.5,2310.0,8.543,6.8,Engin Akyürek,ACTOR,126
"...Watch Out, We're Mad",MOVIE,2022,90,action,IT,3.1,991.0,84.438,5.4,Edoardo Pesce,ACTOR,-1
Stealing Raden Saleh,MOVIE,2022,154,action,MY,7.3,1929.0,9.97,7.818,Iqbaal Dhiafakhri Ramadhan,ACTOR,-1
The Final Score,SHOW,2022,53,drama,CO,7.1,249.0,55.671,7.0,Laura Archbold,ACTOR,49
50M2,SHOW,2021,49,drama,TR,6.9,5952.0,16.911,7.4,Engin Öztürk,ACTOR,159
The Boss Baby: Christmas Bonus,MOVIE,2022,47,animation,US,5.2,596.0,373.194,6.9,JP Karliak,ACTOR,71
The Entitled,MOVIE,2022,90,comedy,PH,4.6,641.0,2.749,4.7,Alex Gonzaga,ACTOR,107
Biko,MOVIE,2022,98,family,MY,5.4,18.0,2.41,6.633193712829227,Azrel Ismail,ACTOR,-1
The Marriage App,MOVIE,2022,101,comedy,AR,5.4,1725.0,17.203,6.16,Luisana Lopilato,ACTOR,23
Occupation: Rainfall,MOVIE,2021,128,action,AU,4.7,14872.0,13.52,6.3,Dan Ewing,ACTOR,-1
Shadow,SHOW,2022,42,drama,SY,6.540941965073206,21150.29081903414,1.221,8.5,Abdel Moneim Amayri,ACTOR,-1
Ek Villain Returns,MOVIE,2022,127,thriller,IN,4.4,14932.0,4.771,5.289,John Abraham,ACTOR,13
Under Fire,SHOW,2021,49,drama,BE,6.8,596.0,13.221,7.2,Louis Talpe,ACTOR,149
Coming Out Colton,SHOW,2021,33,reality,US,6.8,1245.0,1.862,6.7,Colton Underwood,ACTOR,26
Juvenile Justice,SHOW,2022,61,drama,KR,7.9,3793.0,37.515,8.21,Kim Hye-soo,ACTOR,90
Iron Chef: Mexico,SHOW,2022,52,reality,MX,6.4,70.0,5.241,6.0,Unknown,Unknown,210
Smother-In-Law,SHOW,2022,25,comedy,BR,4.6,157.0,2.394,7.6,Rodrigo Sant'anna,ACTOR,171
Glória,SHOW,2021,44,drama,PT,7.9,4516.0,7.791,6.545,Miguel Nunes,ACTOR,-1
Case Closed: Zero's Tea Time,SHOW,2022,15,drama,JP,6.540941965073206,21150.29081903414,12.058,6.0,Toru Furuya,ACTOR,57
We the People,SHOW,2021,5,animation,US,4.2,794.0,2.651,3.667,Unknown,Unknown,32
Jewel,MOVIE,2022,80,drama,ZA,3.7,159.0,1.919,6.2,Michelle Botes,ACTOR,132
Zone 414,MOVIE,2021,98,thriller,US,5.0,4804.0,37.672,5.4,Guy Pearce,ACTOR,19
Camp Confidential: America's Secret Nazis,MOVIE,2021,34,documentation,US,6.3,21150.29081903414,9.16,6.9,Arno Mayer,ACTOR,66
The Festival of Troubadours,MOVIE,2022,102,drama,TR,6.540941965073206,21150.29081903414,9.049,6.3,Kıvanç Tatlıtuğ,ACTOR,126
Three Songs for Benazir,MOVIE,2021,22,documentation,AF,7.7,21150.29081903414,4.427,6.3,Elizabeth Mirzaei,DIRECTOR,-1
Amina,MOVIE,2021,120,drama,NG,4.0,394.0,46.47,6.5,Ali Nuhu,ACTOR,80
Newton's Cradle,SHOW,2021,41,drama,EG,8.0,1845.0,3.607,8.8,Mona Zaki,ACTOR,203
Two,MOVIE,2021,71,horror,ES,6.540941965073206,21150.29081903414,41.253,5.436,Pablo Derqui,ACTOR,183
The Club,SHOW,2021,49,drama,TR,7.9,7810.0,6.125,6.92,Gökçe Bahadır,ACTOR,159
Rita Moreno: Just a Girl Who Decided to Go for It,MOVIE,2021,90,documentation,US,7.7,825.0,3.768,6.6,Rita Moreno,ACTOR,66
Alessandro Cattelan: One Simple Question,SHOW,2022,30,comedy,IT,6.6,236.0,2.507,6.333,Alessandro Cattelan,ACTOR,212
Free to Play,MOVIE,2021,75,documentation,DE,7.6,13463.0,6.097,6.936,Benedict Lim,ACTOR,10
Bulgasal: Immortal Souls,SHOW,2021,71,drama,KR,7.4,2604.0,10.54,8.031,Lee Jin-wook,ACTOR,90
11M: Terror in Madrid,MOVIE,2022,92,documentation,ES,6.9,1994.0,7.96,6.5,José Gómez,DIRECTOR,137
The Trip,MOVIE,2021,115,horror,NO,6.9,23801.0,18.009,6.697,Noomi Rapace,ACTOR,-1
Worn Stories,SHOW,2021,30,documentation,US,6.7,329.0,4.522,6.8,Unknown,Unknown,0
The Taming of the Shrewd,MOVIE,2022,112,comedy,PL,4.5,1027.0,8.51,5.3,Magdalena Lamparska,ACTOR,176
Chelsea Handler: Revolution,MOVIE,2022,77,comedy,US,5.9,710.0,14.028,5.8,Chelsea Handler,ACTOR,4
Juanpis González - The Series,SHOW,2022,25,comedy,CO,6.7,370.0,23.311,7.6,Alejandro Riaño,ACTOR,-1
Don't Kill Me,MOVIE,2021,90,fantasy,IT,4.3,2098.0,9.073,4.3,Alice Pagani,ACTOR,-1
LiSA Another Great Day,MOVIE,2022,97,music,JP,7.4,73.0,3.175,7.2,LiSA,ACTOR,211
Midnight Asia: Eat · Dance · Dream,SHOW,2022,37,documentation,SG,6.6,618.0,3.062,5.778,Unknown,Unknown,-1
MaveriX,SHOW,2022,23,drama,AU,6.1,181.0,4.329,6.5,Darcy Tadich,ACTOR,41
My Heroes Were Cowboys,MOVIE,2021,23,documentation,US,6.540941965073206,21150.29081903414,3.507,6.786,Robin Wiltshire,ACTOR,66
"Fresh, Fried & Crispy",SHOW,2021,25,documentation,US,6.3,696.0,3.306,6.667,Daym Drops,ACTOR,0
The Ice Road,MOVIE,2021,103,thriller,US,5.6,43029.0,22.557,6.956,Liam Neeson,ACTOR,19
The Invisible Thread,MOVIE,2022,109,drama,IT,6.8,2112.0,9.894,6.7,Filippo Timi,ACTOR,51
Marilyn's Eyes,MOVIE,2021,110,comedy,IT,6.6,1670.0,7.889,6.773,Miriam Leone,ACTOR,182
The Whole Truth,MOVIE,2021,125,thriller,TH,5.2,3798.0,37.941,6.5,Sompob Benjathikul,ACTOR,-1
Fortune Feimster: Good Fortune,MOVIE,2022,64,comedy,,6.7,365.0,3.72,6.5,Fortune Feimster,ACTOR,139
Showtime 1958,MOVIE,2022,110,drama,MY,6.1,28.0,1.595,5.0,Fatin Afeefa,ACTOR,97
Stuck with You,MOVIE,2022,59,romance,FR,5.4,428.0,11.817,4.775,Kev Adams,ACTOR,-1
Lords of Scam,MOVIE,2021,105,documentation,FR,6.3,758.0,4.56,6.7,Marco Mouly ,ACTOR,53
AI Love You,MOVIE,2022,95,scifi,TH,4.5,682.0,28.538,6.035,Mario Maurer,ACTOR,-1
No Doubt in Us,SHOW,2021,14,drama,CN,8.5,11.0,27.479,5.7,Unknown,Unknown,125
Ante... Sundaraniki!,MOVIE,2022,173,family,IN,7.6,7438.0,3.999,6.1,Nani,ACTOR,25
Viraata Parvam,MOVIE,2022,150,drama,IN,6.8,3215.0,3.772,5.2,Sai Pallavi,ACTOR,8
The Assistant,MOVIE,2022,124,action,MY,5.4,330.0,3.618,5.3,Iedil Putra,ACTOR,-1
I Survived a Crime,SHOW,2021,20,crime,US,6.4,133.0,1.646,6.633193712829227,Gio Benitez,ACTOR,135
Elesin Oba: The King's Horseman,MOVIE,2022,96,drama,NG,4.5,404.0,4.626,6.6,Odunlade Adekola,ACTOR,80
Ride or Die,MOVIE,2021,142,drama,JP,5.6,2158.0,33.172,6.5,Kiko Mizuhara,ACTOR,35
The Joys and Sorrows of Young Yuguo,MOVIE,2022,28,documentation,GB,6.540941965073206,21150.29081903414,3.244,6.0,Yuguo Yin,ACTOR,73
Worth,MOVIE,2021,118,drama,US,6.8,15764.0,12.399,6.8,Michael Keaton,ACTOR,1
"Strip Down, Rise Up",MOVIE,2021,112,documentation,US,5.4,696.0,11.325,7.0,Sheila Kelley,ACTOR,66
Worst Roommate Ever,SHOW,2022,47,crime,US,8.1,8.0,5.036,6.794,John Cabrera,ACTOR,135
More the Merrier,MOVIE,2021,112,comedy,ES,5.4,3792.0,37.05,6.771,Ernesto Alterio,ACTOR,164
Making 1899,MOVIE,2022,52,documentation,GB,7.7,300.0,7.119,6.2,Baran bo Odar,ACTOR,73
The Trapped 13: How We Survived The Thai Cave,MOVIE,2022,102,documentation,US,7.5,430.0,100.042,7.0,Ekapol Chanthawong,ACTOR,66
Stay on Board: The Leo Baker Story,MOVIE,2022,72,documentation,,6.6,378.0,11.33,6.1,Leo Baker,ACTOR,84
Anne+,MOVIE,2021,94,drama,NL,6.1,1761.0,10.77,6.3,Hanna van Vliet,ACTOR,154
The Last Bus,SHOW,2022,35,scifi,GB,5.2,775.0,4.767,7.8,Laura Crowhurst,ACTOR,113
Things Heard & Seen,MOVIE,2021,119,horror,US,5.3,32933.0,14.656,5.8,Amanda Seyfried,ACTOR,31
Reign Supreme,SHOW,2022,49,drama,FR,6.540941965073206,21150.29081903414,5.292,6.563,Melvin Promeneur,ACTOR,145
99 Songs,MOVIE,2021,128,romance,IN,6.5,2311.0,2.234,5.5,Ehan Bhat,ACTOR,9
David and the Elves,MOVIE,2021,106,fantasy,PL,5.2,818.0,27.799,6.095,Jakub Zając,ACTOR,-1
Tall Girl 2,MOVIE,2022,97,comedy,US,4.7,5217.0,25.971,5.819,Ava Michelle,ACTOR,4
I Used to Be Famous,MOVIE,2022,104,drama,GB,6.6,8683.0,17.986,7.2,Ed Skrein,ACTOR,34
Trollhunters: Rise of the Titans,MOVIE,2021,104,family,MX,6.6,5344.0,34.73,7.728,Emile Hirsch,ACTOR,-1
Super Crooks,SHOW,2021,30,scifi,JP,7.1,2740.0,5.88,6.6,Kenjiro Tsuda,ACTOR,28
Headspace Guide to Meditation,SHOW,2021,22,animation,US,8.4,1713.0,7.564,7.833,Andy Puddicombe,ACTOR,32
Four to Dinner,MOVIE,2022,104,romance,IT,6.3,3503.0,12.535,6.2,Matteo Martari,ACTOR,208
7 Prisoners,MOVIE,2021,93,drama,BR,7.1,8071.0,23.921,7.11,Christian Malheiros,ACTOR,119
Yeh Kaali Kaali Ankhein,SHOW,2022,40,thriller,IN,7.0,8076.0,5.751,6.2,Tahir Raj Bhasin,ACTOR,-1
The Life and Movies of Erşan Kuneri,SHOW,2022,49,comedy,TR,6.7,13804.0,4.801,7.4,Cem Yılmaz,ACTOR,-1
Words Bubble Up Like Soda Pop,MOVIE,2021,88,drama,JP,6.540941965073206,21150.29081903414,35.825,7.438,Ichikawa Somegorō VIII,ACTOR,35
Biggie: I Got a Story to Tell,MOVIE,2021,97,music,US,6.8,5265.0,8.789,7.252,The Notorious B.I.G.,ACTOR,94
Hometown Cha-Cha-Cha,SHOW,2021,78,romance,KR,8.4,14258.0,62.818,8.187,Shin Min-a,ACTOR,-1
StoryBots: Answer Time,SHOW,2022,20,family,US,7.6,52.0,17.501,6.667,Judy Greer,ACTOR,37
The Motive,SHOW,2021,35,crime,,5.2,1634.0,6.658,5.1,Asaf Sudry,DIRECTOR,-1
Nitham Oru Vaanam,MOVIE,2022,146,thriller,IN,7.3,1454.0,2.099,6.75,Ashok Selvan,ACTOR,13
My Little Pony: A New Generation,MOVIE,2021,91,comedy,CA,6.8,4032.0,30.955,7.824,Vanessa Hudgens,ACTOR,74
Fear Street: Part One - 1994,MOVIE,2021,107,drama,US,6.2,84442.0,49.33,6.738,Kiana Madeira,ACTOR,1
Without Saying Goodbye,MOVIE,2022,96,romance,ES,5.8,2914.0,20.263,7.265,Stephanie Cayo,ACTOR,75
Godzilla Singular Point,SHOW,2021,25,scifi,JP,6.5,1849.0,15.349,7.2,Yume Miyamoto,ACTOR,28
Metal Shop Masters,SHOW,2021,35,reality,US,5.7,627.0,3.068,6.2,Jo Koy,ACTOR,26
Teletubbies,SHOW,2022,16,animation,US,5.4,103.0,43.52,7.4,Tituss Burgess,ACTOR,32
The Edge of All We Know,MOVIE,2021,99,documentation,US,6.6,2797.0,9.608,6.819,Sheperd Doeleman,ACTOR,66
Di4ries,SHOW,2022,28,comedy,IT,7.0,461.0,13.404,6.6,Rossella Celati,ACTOR,212
The Turning Point,MOVIE,2022,90,drama,IT,6.2,845.0,6.284,6.5,Andrea Lattanzi,ACTOR,51
The Sound of Magic,SHOW,2022,69,drama,KR,7.6,3954.0,26.912,7.6,Ji Chang-wook,ACTOR,90
Inspector Koo,SHOW,2021,69,crime,KR,7.1,817.0,12.836,7.4,Lee Young-ae,ACTOR,186
UFO,MOVIE,2022,109,romance,TR,4.8,1018.0,12.117,6.2,İpek Filiz Yazıcı,ACTOR,-1
Beckett,MOVIE,2021,109,thriller,BR,5.7,26899.0,24.695,6.3,John David Washington,ACTOR,-1
Sweet Girl,MOVIE,2021,110,drama,US,5.5,33014.0,41.818,6.727,Jason Momoa,ACTOR,1
Amy Schumer Presents: Parental Advisory,MOVIE,2022,57,comedy,,4.1,748.0,5.232,4.7,Amy Schumer,ACTOR,139
Call the Police,MOVIE,2022,59,comedy,,3.8,135.0,3.089,2.0,Johanna Nordström,ACTOR,139
Boomika,MOVIE,2021,122,horror,IN,5.2,2621.0,2.169,5.75,Aishwarya Rajesh,ACTOR,146
Baki Hanma,SHOW,2021,24,sport,JP,6.7,2198.0,91.351,8.132,Nobunaga Shimazaki,ACTOR,-1
Blood Brothers: Malcolm X & Muhammad Ali,MOVIE,2021,95,sport,US,6.9,1063.0,7.502,7.3,Malcolm X,ACTOR,-1
Mako,MOVIE,2021,91,drama,EG,6.540941965073206,21150.29081903414,7.256,5.714,Basma,ACTOR,7
Homunculus,MOVIE,2021,119,drama,JP,5.5,3174.0,13.18,5.994,Go Ayano,ACTOR,35
That's Amor,MOVIE,2022,96,romance,US,5.3,3142.0,13.12,5.1,Riley Dandy,ACTOR,2
Spirit Rangers,SHOW,2022,25,scifi,US,7.3,131.0,11.999,5.5,Dominique Monfery,DIRECTOR,36
Eternally Confused and Eager for Love,SHOW,2022,23,comedy,IN,6.7,2130.0,5.169,6.0,Vihaan Samat,ACTOR,206
Kingdom: Ashin of the North,MOVIE,2021,92,action,KR,7.0,11560.0,34.202,7.4,Jun Ji-hyun,ACTOR,162
Stuck Together,MOVIE,2021,126,comedy,BE,6.3,7418.0,10.142,6.0,Dany Boon,ACTOR,-1
Blown Away: Christmas,SHOW,2021,29,reality,,6.8,618.0,2.417,6.0,Bobby Berk,ACTOR,112
Tragic Jungle,MOVIE,2021,96,drama,CO,5.6,1018.0,3.349,6.1,Indira Andrewin,ACTOR,-1
Titletown High,SHOW,2021,34,reality,US,5.7,376.0,2.763,5.0,Jake Garcia,ACTOR,26
Code Name: Tiranga,MOVIE,2022,137,thriller,IN,3.1,1837.0,3.494,3.5,Parineeti Chopra,ACTOR,13
Dancing Queens,MOVIE,2021,110,drama,SE,5.7,1946.0,10.067,5.9,Molly Nutley,ACTOR,-1
Prayers for the Stolen,MOVIE,2021,110,drama,BR,7.3,1729.0,9.681,7.82,Mayra Batalla,ACTOR,119
Minnal Murali,MOVIE,2021,158,action,IN,8.1,24681.0,19.751,7.195,Tovino Thomas,ACTOR,14
Furioza,MOVIE,2021,139,drama,PL,6.3,4981.0,12.823,6.3,Mateusz Banasiuk,ACTOR,184
Saturday Morning All Star Hits!,SHOW,2021,23,animation,US,7.5,1085.0,4.158,5.7,Kyle Mooney,ACTOR,32
Triviaverse,MOVIE,2022,6,family,US,6.540941965073206,21150.29081903414,2.486,5.8,Unknown,Unknown,136
"Vendetta: Truth, Lies and The Mafia",SHOW,2021,40,documentation,,6.7,232.0,5.339,6.333,Silvana Saguto,ACTOR,195
John of God: The Crimes of a Spiritual Healer,SHOW,2021,50,documentation,BR,6.5,924.0,3.109,7.0,Unknown,Unknown,193
Darlings,MOVIE,2022,133,comedy,IN,6.6,19107.0,7.198,7.2,Alia Bhatt,ACTOR,24
Headspace Unwind you Mind,MOVIE,2021,15,animation,US,7.2,132.0,6.959,7.0,Andy Puddicombe,ACTOR,71
Mat Kilau,MOVIE,2022,118,action,MY,5.6,1541.0,2.71,7.7,Adi Putra,ACTOR,-1
This Little Love of Mine,MOVIE,2021,91,comedy,AU,5.4,2914.0,9.495,6.203,Saskia Hampele,ACTOR,88
You vs. Wild: Out Cold,MOVIE,2021,25,action,US,5.4,334.0,3.061,5.611,Bear Grylls,ACTOR,17
Monster Hunter: Legends of the Guild,MOVIE,2021,58,fantasy,US,6.540941965073206,21150.29081903414,11.599,5.6,Dante Basco,ACTOR,18
Remarriage & Desires,SHOW,2022,62,drama,KR,7.3,1497.0,24.486,7.6,Kim Hee-seon,ACTOR,90
Christmas on Mistletoe Farm,MOVIE,2022,104,family,GB,4.4,1517.0,10.761,5.3,Scott Garnham,ACTOR,-1
Thirty-Nine,SHOW,2022,73,drama,KR,7.9,150.0,9.617,8.2,Son Ye-jin,ACTOR,90
Love and Leashes,MOVIE,2022,118,romance,KR,6.3,5306.0,19.427,6.957,Seohyun,ACTOR,-1
Rurouni Kenshin: The Beginning,MOVIE,2021,138,drama,JP,7.4,9297.0,59.56,7.688,Takeru Satoh,ACTOR,35
The Orbital Children,SHOW,2022,32,action,JP,6.4,720.0,11.643,7.6,Natsumi Fujiwara,ACTOR,27
Natchathiram Nagargiradhu,MOVIE,2022,170,drama,IN,6.9,1568.0,1.996,6.7,Kalaiyarasan,ACTOR,8
Tyler Perry's A Madea Homecoming,MOVIE,2022,105,comedy,US,5.6,4242.0,35.118,6.9,Tyler Perry,ACTOR,4
Behind Every Star,SHOW,2022,65,drama,KR,6.9,168.0,11.71,7.5,Lee Seo-jin,ACTOR,90
The Privilege,MOVIE,2022,107,drama,DE,4.7,5132.0,22.738,5.035,Max Schimmelpfennig,ACTOR,47
Seoul Vibe,MOVIE,2022,140,comedy,KR,5.5,1733.0,96.727,6.7,Yoo Ah-in,ACTOR,95
Space Sweepers,MOVIE,2021,136,drama,KR,6.5,26654.0,37.395,7.12,Song Joong-ki,ACTOR,117
Dear Mother,MOVIE,2021,98,comedy,FR,5.8,1679.0,6.425,5.9,Laurent Lafitte,ACTOR,127
Etharkkum Thunindhavan,MOVIE,2022,151,crime,IN,6.5,12968.0,19.267195915153582,6.633193712829227,Unknown,Unknown,12
Skandal! Bringing Down Wirecard,MOVIE,2022,92,documentation,US,7.2,1832.0,19.537,7.56,James Erskine,DIRECTOR,66
Queer Eye Germany,SHOW,2022,50,reality,DE,7.3,1179.0,2.669,2.75,Jan-Henrik Scheper-Stuke,ACTOR,-1
Our Blues,SHOW,2022,66,drama,KR,8.6,2392.0,13.506,8.714,Lee Byung-hun,ACTOR,90
Faten Amal Harby,SHOW,2022,36,drama,EG,6.7,51.0,4.911,4.5,Nelly Karim,ACTOR,203
Crime Scene: The Vanishing at the Cecil Hotel,SHOW,2021,55,thriller,US,5.9,16799.0,11.587,7.106,Artemis Snow,ACTOR,54
Shaun the Sheep: The Flight Before Christmas,MOVIE,2021,30,animation,GB,7.3,2229.0,24.831,7.0,Justin Fletcher,ACTOR,207
Dhamaka,MOVIE,2021,104,thriller,IN,7.1,41621.0,21.776,7.1,Kartik Aaryan,ACTOR,13
Katt Williams: World War III,MOVIE,2022,59,comedy,,4.7,553.0,3.192,5.4,Katt Williams,ACTOR,139
To Russia with Love,MOVIE,2022,115,romance,PH,4.1,76.0,3.181,6.8,Gerald Anderson,ACTOR,98
Beyond Evil,SHOW,2021,66,drama,KR,8.1,3858.0,16.772,8.522,Shin Ha-kyun,ACTOR,90
Brian Regan: On the Rocks,MOVIE,2021,58,comedy,US,6.9,668.0,2.471,6.8,Brian Regan,ACTOR,4
Misfit: The Series,SHOW,2021,24,comedy,NL,7.0,87.0,4.675,6.75,Djamila,ACTOR,-1
The Reason I Jump,MOVIE,2021,82,documentation,US,7.4,988.0,3.737,7.0,Jordan O'Donegan,ACTOR,66
Navarasa,SHOW,2021,34,drama,IN,5.8,3646.0,6.429,5.8,Unknown,Unknown,140
Yaksha: Ruthless Operations,MOVIE,2022,125,thriller,TW,6.2,3923.0,74.851,6.4,Sol Kyung-gu,ACTOR,-1
Mimi,MOVIE,2021,132,comedy,IN,7.9,40501.0,5.603,7.1,Kriti Sanon,ACTOR,24
Night in Paradise,MOVIE,2021,131,thriller,KR,6.7,7578.0,27.744,6.932,Um Tae-goo,ACTOR,99
The House of Flowers: The Movie,MOVIE,2021,86,drama,MX,5.6,917.0,13.875,8.0,Cecilia Suárez,ACTOR,70
Samurai Rabbit: The Usagi Chronicles,SHOW,2022,25,action,US,6.5,519.0,9.94,5.6,Darren Barnet,ACTOR,30
Christmas Flow,SHOW,2021,50,comedy,FR,6.0,847.0,5.885,6.537,Shirine Boutella,ACTOR,40
"El Rey, Vicente Fernández",SHOW,2022,45,drama,CO,7.3,395.0,55.903,7.667,Sebastián Garcia,ACTOR,49
We Are: The Brooklyn Saints,SHOW,2021,48,documentation,US,6.5,170.0,1.425,7.3,Rudy Valdez,DIRECTOR,0
Bombay Begums,SHOW,2021,47,drama,IN,5.1,4956.0,3.176,6.143,Pooja Bhatt,ACTOR,140
Summer Heat,SHOW,2022,48,drama,BR,5.6,341.0,7.403,7.6,Giovanna Lancellotti,ACTOR,151
Pedal to Metal,SHOW,2022,38,drama,MX,7.5,79.0,3.312,6.6,Andrés Delgado,ACTOR,153
Designing Miami,SHOW,2022,39,reality,US,7.1,231.0,2.566,5.5,Unknown,Unknown,26
Burning Patience,MOVIE,2022,97,drama,CL,5.9,247.0,15.422,6.0,Andrew Bargsted,ACTOR,-1
The Secret Diary of an Exchange Student,MOVIE,2021,96,comedy,BR,5.4,999.0,9.42,6.539,Larissa Manoela,ACTOR,187
Breaking Boundaries: The Science of Our Planet,MOVIE,2021,73,documentation,US,7.8,2944.0,8.877,7.8,Johan Rockström,ACTOR,66
The Minimalists: Less Is Now,MOVIE,2021,53,documentation,US,5.9,4546.0,7.963,6.3,Joshua Fields Millburn,ACTOR,66
Stowaway,MOVIE,2021,116,drama,US,5.6,48050.0,19.422,5.8,Anna Kendrick,ACTOR,1
Mission: Joy - Finding Happiness in Troubled Times,MOVIE,2022,88,documentation,US,8.1,280.0,4.767,3.3,Tenzin Gyatso,ACTOR,66
Disconnect: The Wedding Planner,MOVIE,2022,107,romance,NG,4.1,175.0,22.202,5.9,Catherine Kamau,ACTOR,138
Chandigarh Kare Aashiqui,MOVIE,2021,117,comedy,IN,6.8,14476.0,3.106,6.3,Ayushmann Khurrana,ACTOR,24
Bill Burr Presents: Friends Who Kill,MOVIE,2022,73,comedy,,4.6,2544.0,5.452,5.2,Bill Burr,ACTOR,139
Back to the Outback,MOVIE,2021,95,animation,AU,6.5,9043.0,48.452,7.8,Isla Fisher,ACTOR,-1
Resort to Love,MOVIE,2021,101,comedy,US,5.7,6267.0,19.533,7.289,Christina Milian,ACTOR,4
Heartsong,MOVIE,2022,95,comedy,TR,5.8,1639.0,6.823,6.6,Erkan Kolçak Köstendil,ACTOR,52
Country Queen,SHOW,2022,60,drama,KE,5.5,244.0,2.77,7.4,Melissa Kiplagat,ACTOR,-1
Ivy + Bean,MOVIE,2022,58,comedy,US,6.0,284.0,7.302,6.0,Keslee Blalock,ACTOR,4
Like A Rolling Stone: The Life & Times of Ben Fong-Torres,MOVIE,2021,102,documentation,US,7.3,384.0,4.04,10.0,Suzanne Joe Kai,DIRECTOR,66
Raangi,MOVIE,2022,121,action,IN,6.540941965073206,21150.29081903414,5.674,3.7,Trisha Krishnan,ACTOR,14
Ghodwa,MOVIE,2021,96,drama,TN,6.2,154.0,1.787,2.0,Dhafer L'Abidine,ACTOR,-1
The Water Man,MOVIE,2021,92,action,US,5.5,4176.0,11.992,6.196,David Oyelowo,ACTOR,17
The Fastest,SHOW,2021,35,reality,,5.3,94.0,1.126,4.7,Tareq Al Harbi,ACTOR,112
The Snitch Cartel: Origins,SHOW,2021,47,crime,CO,5.9,204.0,121.903,7.9,Juan Pablo Urrego,ACTOR,-1
Theo Von: Regular People,MOVIE,2021,61,comedy,US,5.2,1009.0,4.647,6.444,Theo Von,ACTOR,4
Have You Ever Seen Fireflies?,MOVIE,2021,114,drama,TR,6.1,5223.0,4.106,6.6,Ecem Erkek,ACTOR,126
Racket Boys,SHOW,2021,71,drama,KR,4.2,27737.0,8.102,8.1,Tang Jun-sang,ACTOR,90
Take 1,SHOW,2022,55,documentation,KR,7.4,58.0,2.238,4.75,Lena Park,ACTOR,-1
Forever Rich,MOVIE,2021,89,comedy,NL,5.5,1346.0,13.227,6.6,Jonas Smulders,ACTOR,167
Jim Gaffigan: Comedy Monster,MOVIE,2021,70,comedy,,6.9,1861.0,3.168,6.429,Jim Gaffigan,ACTOR,139
A Sinister Sect: Colonia Dignidad,SHOW,2021,209,documentation,DE,7.1,828.0,3.102,6.1,Annette Baumeister,DIRECTOR,150
EDENS ZERO,SHOW,2021,24,action,JP,6.540941965073206,21150.29081903414,18.559,7.9,Takuma Terashima,ACTOR,27
Haseen Dillruba,MOVIE,2021,135,thriller,IN,6.9,27891.0,6.479,6.4,Taapsee Pannu,ACTOR,13
Wild Babies,SHOW,2022,30,documentation,GB,7.7,700.0,3.49,7.3,Helena Bonham Carter,ACTOR,157
Cristela Alonzo: Middle Classy,MOVIE,2022,60,comedy,,6.9,414.0,3.107,6.3,Cristela Alonzo,ACTOR,139
Green Snake,MOVIE,2021,131,animation,CN,6.8,2816.0,17.035,8.3,Xiaoxi Tang,ACTOR,-1
Off Track,MOVIE,2022,109,comedy,SE,6.1,2026.0,11.696,6.1,Fredrik Hallgren,ACTOR,-1
How I Fell in Love with a Gangster,MOVIE,2022,179,crime,PL,6.0,2578.0,18.691,6.7,Tomasz Włosok,ACTOR,-1
Forecasting Love and Weather,SHOW,2022,68,drama,KR,7.1,2594.0,15.229,7.8,Park Min-young,ACTOR,90
Ghost in the Shell: SAC_2045 Sustainable War,MOVIE,2021,118,action,JP,5.9,377.0,5.473,7.0,Atsuko Tanaka,ACTOR,81
Shyam Singha Roy,MOVIE,2021,157,drama,IN,7.7,13780.0,4.482,6.5,Nani,ACTOR,8
F3: Fun and Frustration,MOVIE,2022,148,comedy,IN,4.7,2091.0,2.573,4.2,Venkatesh,ACTOR,24
13: The Musical,MOVIE,2022,91,drama,US,5.2,817.0,16.714,6.1,Eli Golden,ACTOR,1
The Princess Switch 3: Romancing the Star,MOVIE,2021,106,romance,US,5.5,6684.0,16.652,6.9,Vanessa Hudgens,ACTOR,2
Saakini Daakini,MOVIE,2022,115,comedy,IN,6.0,766.0,1.988,5.4,Regina Cassandra,ACTOR,24
So Not Worth It,SHOW,2021,32,drama,KR,7.0,1220.0,14.563,7.9,Park Se-wan,ACTOR,90
The Last Forest,MOVIE,2021,74,drama,BR,7.3,548.0,1.408,6.692,David Kopenawa Yanomami,ACTOR,119
Jeff Foxworthy: The Good Old Days,MOVIE,2022,60,comedy,,6.3,493.0,3.841,6.8,Jeff Foxworthy,ACTOR,139
Image of Victory,MOVIE,2021,128,drama,IL,6.9,486.0,2.92,2.0,Joy Rieger,ACTOR,-1
Only for Love,SHOW,2022,64,drama,BR,7.8,115.0,6.85,7.0,Lucy Alves,ACTOR,151
Fast & Feel Love,MOVIE,2022,132,action,TH,6.9,1142.0,26.976,7.0,Nat Kitcharit,ACTOR,-1
Goodbye,MOVIE,2022,130,drama,,6.8,8738.0,19.267195915153582,6.633193712829227,Unknown,Unknown,38
Bantú Mama,MOVIE,2022,77,drama,DO,6.3,145.0,21.276,5.3,Clarisse Albrecht,ACTOR,-1
Fishbowl Wives,SHOW,2022,43,drama,JP,6.2,1178.0,17.129,6.6,Ryoko Shinohara,ACTOR,57
Selling Tampa,SHOW,2021,40,reality,US,4.7,945.0,2.53,6.2,Sharelle Rosado,ACTOR,26
Phil Wang: Philly Philly Wang Wang,MOVIE,2021,63,comedy,GB,6.1,722.0,2.256,6.0,Phil Wang,ACTOR,6
LiVE is Smile Always ~Eve&Birth~,MOVIE,2022,128,music,JP,6.540941965073206,21150.29081903414,1.934,2.0,LiSA,ACTOR,211
Looop Lapeta,MOVIE,2022,131,action,IN,5.2,4863.0,43.226,6.3,Taapsee Pannu,ACTOR,14
Dancing on Glass,MOVIE,2022,137,drama,ES,5.6,908.0,13.453,6.2,María Pedraza,ACTOR,46
Plan A Plan B,MOVIE,2022,106,comedy,IN,4.6,2088.0,4.222,6.3,Ritesh Deshmukh,ACTOR,24
Learn to Swim,MOVIE,2022,93,music,CA,6.2,123.0,0.969,4.5,Thomas Antony Olajide,ACTOR,-1
The Price of Family,MOVIE,2022,90,comedy,IT,5.8,1092.0,57.845,6.535,Christian De Sica,ACTOR,182
Law School,SHOW,2021,65,drama,KR,8.0,2514.0,6.866,7.833,Kim Myung-min,ACTOR,90
Call My Agent Bollywood,SHOW,2021,45,drama,IN,5.9,6289.0,2.037,2.0,Aahana Kumra,ACTOR,140
Mili,MOVIE,2022,129,thriller,IN,6.8,9780.0,4.83,6.7,Janhvi Kapoor,ACTOR,13
Thalaivii,MOVIE,2021,153,drama,IN,5.9,30964.0,3.028,4.7,Kangana Ranaut,ACTOR,8
Jiva!,SHOW,2021,40,drama,ZA,5.8,289.0,8.361,7.417,Noxolo Dlamini,ACTOR,197
Untold: Caitlyn Jenner,MOVIE,2021,69,documentation,US,6.5,2815.0,7.399,6.5,Caitlyn Jenner,ACTOR,66
Dirty Daddy: The Bob Saget Tribute,MOVIE,2022,83,comedy,US,6.6,600.0,4.177,5.3,Byron Allen,ACTOR,4
Senzo: Murder of a Soccer Star,SHOW,2022,42,crime,ZA,5.4,241.0,3.709,6.7,Senzo Meyiwa,ACTOR,-1
Baggio: The Divine Ponytail,MOVIE,2021,91,drama,IT,6.1,4787.0,10.517,6.4,Andrea Arcangeli,ACTOR,51
Deon Cole: Charleen's Boy,MOVIE,2022,67,comedy,,6.6,368.0,2.937,5.8,Deon Cole,ACTOR,139
Badhaai Do,MOVIE,2022,147,drama,IN,7.0,19274.0,5.287,6.9,Rajkummar Rao,ACTOR,8
Mai: A Mother's Rage,SHOW,2022,48,thriller,IN,6.540941965073206,21150.29081903414,4.289,7.5,Sakshi Tanwar,ACTOR,-1
The Misadventures of Hedi and Cokeman,MOVIE,2021,99,action,FR,4.4,672.0,19.908,6.633193712829227,Hedi Bouchenafa,ACTOR,-1
Operation Hyacinth,MOVIE,2021,112,crime,PL,6.8,3671.0,13.244,6.708,Tomasz Zietek,ACTOR,-1
Creating The Queen's Gambit,MOVIE,2021,14,documentation,US,6.9,669.0,8.91,8.0,Anya Taylor-Joy,ACTOR,66
Ghost Lab,MOVIE,2021,117,horror,TH,5.2,1545.0,18.005,6.4,Thanapob Leeratanakachorn,ACTOR,-1
Centaurworld,SHOW,2021,29,scifi,US,7.7,2348.0,14.283,7.3,Kimiko Glenn,ACTOR,36
Adam by Eve: A Live in Animation,MOVIE,2022,58,music,JP,6.1,478.0,4.498,7.357,Eve,ACTOR,211
Glamour Girls,MOVIE,2022,125,drama,,3.6,185.0,9.149,5.0,Joselyn Dumas,ACTOR,38
Padavettu,MOVIE,2022,145,drama,IN,7.0,2801.0,3.44,6.5,Nivin Pauly,ACTOR,8
Don,MOVIE,2022,164,romance,IN,6.8,10100.0,2.663,6.808,Sivakarthikeyan,ACTOR,9
The Creature Cases,SHOW,2022,18,comedy,GB,7.4,137.0,20.68,7.4,Nneka Okoye,ACTOR,5
The World's Most Amazing Vacation Rentals,SHOW,2021,34,reality,US,6.8,1485.0,6.616,6.8,Jo Franco,ACTOR,26
New World,SHOW,2021,69,reality,KR,6.540941965073206,21150.29081903414,5.182,5.0,Jo Bo-ah,ACTOR,204
Diana: The Musical,MOVIE,2021,117,drama,US,4.3,1410.0,5.128,5.5,Jeanna De Waal,ACTOR,1
Scaredy Cats,SHOW,2021,29,scifi,US,6.4,416.0,14.385,6.9,Sophia Reid-Gantzert,ACTOR,36
Double XL,MOVIE,2022,125,drama,IN,4.6,4013.0,2.954,5.0,Huma Qureshi,ACTOR,8
Autumn Girl,MOVIE,2021,105,drama,PL,5.5,686.0,2.673,5.4,Maria Dębska,ACTOR,184
Nobody Sleeps in the Woods Tonight 2,MOVIE,2021,97,horror,PL,3.8,4232.0,23.006,4.696,Mateusz Więcławek,ACTOR,-1
On the Verge,SHOW,2021,32,comedy,FR,6.5,3337.0,7.383,5.091,Julie Delpy,ACTOR,40
Move to Heaven,SHOW,2021,52,drama,KR,8.5,6982.0,20.197,7.936,Lee Je-hoon,ACTOR,90
Ben & Jody,MOVIE,2022,114,action,ID,5.3,340.0,5.319,5.875,Chicco Jerikho,ACTOR,-1
Chris Rock Total Blackout: The Tamborine Extended Cut,MOVIE,2021,97,comedy,,7.0,443.0,1.4,5.0,Chris Rock,ACTOR,139
The Perfect Family,MOVIE,2021,110,comedy,ES,5.4,2641.0,19.267195915153582,6.633193712829227,Unknown,Unknown,164
Korea No.1,SHOW,2022,46,reality,KR,7.4,138.0,3.518,5.9,Yoo Jae-suk,ACTOR,204
Noise,MOVIE,2022,104,drama,AR,6.5,797.0,25.211,7.2,Julieta Egurrola,ACTOR,83
Crime Stories: India Detectives,SHOW,2021,47,documentation,IN,7.1,1101.0,1.522,5.3,Unknown,Unknown,179
A Tale Dark & Grimm,SHOW,2021,30,comedy,US,7.3,1193.0,11.899,7.4,Cari Kabinoff,ACTOR,16
Aníkúlápó,MOVIE,2022,142,drama,NG,6.540941965073206,21150.29081903414,11.289,6.8,Kunle Remi,ACTOR,80
Run for the Money,SHOW,2022,56,reality,JP,7.2,228.0,5.973,5.5,Jiro Sato,ACTOR,48
Jimmy Carr: His Dark Material,MOVIE,2021,59,comedy,GB,7.1,5395.0,5.962,6.607,Jimmy Carr,ACTOR,6
Kakegurui Twin,SHOW,2022,27,drama,JP,6.6,639.0,29.78,7.5,Minami Tanaka,ACTOR,57
Long Story Short,MOVIE,2021,95,fantasy,AU,6.6,5810.0,15.714,6.9,Rafe Spall,ACTOR,-1
Vaashi,MOVIE,2022,123,drama,IN,6.4,1991.0,3.406,5.8,Tovino Thomas,ACTOR,8
Café Minamdang,SHOW,2022,63,drama,KR,7.3,1134.0,10.275,7.115,Seo In-guk,ACTOR,90
Residue,MOVIE,2022,90,drama,US,6.5,605.0,3.224,5.1,Obinna Nwachukwu,ACTOR,1
Jagame Thandhiram,MOVIE,2021,158,comedy,GB,5.8,12047.0,7.958,6.1,Dhanush,ACTOR,6
The Journalist,SHOW,2022,51,drama,JP,7.1,752.0,6.944,7.6,Ryoko Yonekura,ACTOR,57
Dynasty Warriors,MOVIE,2021,118,fantasy,CN,4.7,2323.0,64.685,6.2,Louis Koo,ACTOR,-1
Until Life Do Us Part,SHOW,2021,49,drama,PT,7.4,739.0,3.728,8.286,Rita Loureiro,ACTOR,-1
"Nevertheless,",SHOW,2021,70,drama,KR,7.2,6366.0,29.856,7.4,Han So-hee,ACTOR,90
Cat Burglar,MOVIE,2022,12,comedy,GB,6.9,21150.29081903414,3.893,5.6,Alan Lee,ACTOR,6
A Family,MOVIE,2021,136,crime,JP,7.0,2703.0,10.051,7.2,Go Ayano,ACTOR,-1
Centauro,MOVIE,2022,89,thriller,ES,6.540941965073206,21150.29081903414,33.33,6.2,Àlex Monner,ACTOR,177
Madame Claude,MOVIE,2021,112,drama,FR,5.4,3642.0,9.8,5.77,Karole Rocher,ACTOR,96
Swap Shop,SHOW,2021,30,reality,US,6.7,394.0,2.672,6.4,Jen,ACTOR,26
Last Summer,MOVIE,2021,101,drama,TR,6.3,3121.0,9.371,5.8,Ece Çeşmioğlu,ACTOR,126
Searching for Sheela,MOVIE,2021,58,documentation,IN,4.3,1428.0,7.695,5.9,Ma Anand Sheela,ACTOR,79
D.P.,SHOW,2021,50,drama,KR,6.540941965073206,21150.29081903414,18.195,8.224,Jung Hae-in,ACTOR,90
Sherdil,MOVIE,2022,120,comedy,IN,6.6,2724.0,2.799,8.0,Pankaj Tripathi,ACTOR,24
Wild Dog,MOVIE,2021,122,thriller,IN,6.1,2382.0,6.184,5.5,Nagarjuna Akkineni,ACTOR,13
40 Years Young,MOVIE,2022,81,comedy,MX,4.4,606.0,19.347,5.871,Adal Ramones,ACTOR,43
A Breath of Fresh Air,MOVIE,2022,90,comedy,IT,5.8,301.0,4.381,5.6,Aldo Baglio,ACTOR,182
Queer Eye: Brazil,SHOW,2022,48,reality,BR,7.2,183.0,3.115,4.75,Fred Nicácio,ACTOR,205
Racionais MC's: From the Streets of São Paulo,MOVIE,2022,116,documentation,BR,8.2,799.0,3.026,8.4,Mano Brown,ACTOR,131
Gladbeck: The Hostage Crisis,MOVIE,2022,91,documentation,DE,7.5,2601.0,8.744,7.5,Hans-Jürgen Rösner,ACTOR,10
Jonas Brothers Family Roast,MOVIE,2021,68,comedy,US,5.2,1728.0,8.487,7.1,Nick Jonas,ACTOR,4
Edis Starlight,MOVIE,2021,74,music,,5.3,75.0,1.27,8.5,Edis Görgülü,ACTOR,-1
The Hall: Honoring the Greats of Stand-Up,MOVIE,2022,70,comedy,US,6.4,562.0,5.289,5.8,Jon Stewart,ACTOR,4
Night Drive,MOVIE,2022,118,drama,IN,6.540941965073206,21150.29081903414,4.671,7.2,Roshan Mathew,ACTOR,8
Franco Escamilla: Eavesdropping,MOVIE,2022,122,comedy,MX,6.7,148.0,56.458,8.6,Franco Escamilla,ACTOR,43
Instant Dream Home,SHOW,2022,43,reality,US,6.4,900.0,3.622,5.333,Danielle Brooks,ACTOR,26
Feels Like Ishq,SHOW,2021,42,comedy,IN,6.5,1636.0,4.945,4.8,Radhika Madan,ACTOR,206
Dangerous Liaisons,MOVIE,2022,109,drama,FR,4.0,1713.0,16.372,5.9,Paola Locatelli,ACTOR,96
Si saben cómo me pongo ¿Pa' qué me invitan?,MOVIE,2022,89,comedy,CO,4.5,243.0,3.696,6.0,Ricardo Quevedo,ACTOR,189
Sounds Like Love,MOVIE,2021,110,comedy,ES,5.4,2418.0,13.681,6.6,María Valverde,ACTOR,164
Game Changer,MOVIE,2021,102,comedy,TH,4.3,125.0,3.185,6.72,Pitawat Pruekkit,ACTOR,-1
Cosmic Sin,MOVIE,2021,88,action,US,2.5,13975.0,39.831,4.2,Bruce Willis,ACTOR,17
Bright: Samurai Soul,MOVIE,2021,80,fantasy,JP,5.5,927.0,39.655,5.6,Yuuki Nomura,ACTOR,92
Riverdance: The Animated Adventure,MOVIE,2021,86,animation,CA,5.5,2106.0,38.934,5.8,Pierce Brosnan,ACTOR,175
One Lagos Night,MOVIE,2021,103,crime,NG,6.7,19.0,2.283,2.0,Frank Donga,ACTOR,-1
Tony Parker: The Final Shot,MOVIE,2021,98,documentation,FR,6.7,1504.0,7.432,7.2,Tony Parker,ACTOR,53
Valley of a Thousand Hills,MOVIE,2022,98,drama,,6.1,60.0,1.383,2.0,Sibongokuhle Nkosi,ACTOR,38
Bankrolled,MOVIE,2021,97,comedy,MX,4.1,330.0,5.907,5.759,Ricardo Polanco,ACTOR,43
The Future Diary,SHOW,2021,34,reality,JP,7.1,151.0,4.466,5.6,Daigo,ACTOR,48
Red,MOVIE,2021,146,thriller,IN,6.540941965073206,21150.29081903414,4.204,7.6,Ram Pothineni,ACTOR,13
Extinct,MOVIE,2021,85,animation,US,5.5,2957.0,38.686,6.5,Adam DeVine,ACTOR,71
The Wonderful: Stories from the Space Station,MOVIE,2021,129,documentation,US,6.540941965073206,21150.29081903414,2.681,7.0,George Abbey,ACTOR,66
Plaza Catedral,MOVIE,2022,94,drama,PA,6.7,399.0,2.442,6.6,Ilse Salas,ACTOR,-1
In Good Hands,MOVIE,2022,104,drama,TR,5.7,3225.0,9.245,6.8,Aslı Enver,ACTOR,126
He's Expecting,SHOW,2022,26,comedy,JP,2.8,3252.0,8.272,4.7,Takumi Saitoh,ACTOR,63
This Is the Night,MOVIE,2021,100,drama,US,5.4,760.0,7.859,6.2,Jonah Hauer-King,ACTOR,1
Dwindle,MOVIE,2021,126,comedy,,4.7,20.0,1.849,6.633193712829227,Kayode Kasum,ACTOR,139
A Cowgirl's Song,MOVIE,2022,93,drama,US,5.3,354.0,6.242,3.9,Cheryl Ladd,ACTOR,1
The Loud House Movie,MOVIE,2021,83,comedy,US,6.1,2326.0,36.477,7.4,Asher Bishop,ACTOR,4
Sodium Day,MOVIE,2022,100,comedy,ZA,6.5,77.0,2.384,6.633193712829227,Lucian Daniels,ACTOR,102
The Trip 6,MOVIE,2021,97,comedy,CO,3.2,207.0,25.25,6.92,Amparo Grisales,ACTOR,189
A Week Away,MOVIE,2021,94,drama,US,5.7,4937.0,17.521,6.944,Bailee Madison,ACTOR,1
Just Say Yes,MOVIE,2021,97,comedy,NL,4.5,2046.0,15.137,6.5,Yolanthe Cabau,ACTOR,167
"Mom, Don't Do That!",SHOW,2022,54,comedy,TW,6.1,259.0,9.283,8.263,Billie Wang,ACTOR,115
Lady Boss: The Jackie Collins Story,MOVIE,2021,96,documentation,US,6.8,458.0,3.623,6.3,Jackie Collins,ACTOR,66
Tughlaq Durbar,MOVIE,2021,145,comedy,IN,5.3,1684.0,3.427,6.3,Vijay Sethupathi,ACTOR,24
Jana Gana Mana,MOVIE,2022,162,drama,IN,8.3,14055.0,6.915,7.19,Prithviraj Sukumaran,ACTOR,8
Deep,MOVIE,2021,101,scifi,TH,4.9,1599.0,23.531,6.3,Panisara Rikulsurakan,ACTOR,-1
The Falls,MOVIE,2021,129,drama,TW,7.0,1898.0,5.065,6.659,Alyssa Chia,ACTOR,101
Revelations: The Masters of the Universe: Revelation Aftershow,SHOW,2021,25,action,US,6.540941965073206,21150.29081903414,2.346,4.1,Kevin Smith,ACTOR,30
Elite Short Stories: Samuel Omar,SHOW,2021,12,comedy,ES,6.1,748.0,18.306,6.676,Itzan Escamilla,ACTOR,155
137 Shots,MOVIE,2021,104,crime,,6.4,1039.0,2.793,6.5,Mansfield Frazier,ACTOR,-1
This Is Not a Comedy,MOVIE,2021,105,drama,MX,5.0,374.0,7.757,6.225,Gabriel Nuncio,ACTOR,70
Gymnastics Academy: A Second Chance!,SHOW,2022,26,drama,AU,6.4,185.0,6.811,8.3,Emily Morris,ACTOR,41
The Getaway King,MOVIE,2021,100,action,PL,6.5,2390.0,6.618,6.639,Dawid Ogrodnik,ACTOR,-1
Back to 15,SHOW,2022,38,drama,BR,6.7,862.0,5.421,6.396,Maisa Silva,ACTOR,151
Off the Hook,SHOW,2022,33,comedy,FR,6.4,619.0,4.554,6.889,Tiphaine Daviot,ACTOR,40
In for a Murder,MOVIE,2021,105,comedy,PL,5.4,1808.0,18.451,6.3,Paweł Domagała,ACTOR,176
Pet Stars,SHOW,2021,27,reality,US,5.4,130.0,2.625,7.0,Unknown,Unknown,26
The Land,MOVIE,2021,103,drama,PL,6.2,543.0,1.629,5.3,Krzysztof Stroiński,ACTOR,184
The Phantom,MOVIE,2021,81,documentation,US,6.5,866.0,4.512,5.9,Patrick Forbes,DIRECTOR,66
My Love: Six Stories of True Love,SHOW,2021,70,reality,US,7.4,315.0,3.949,3.5,Jin Mo-young,DIRECTOR,26
The Photographer: Murder in Pinamar,MOVIE,2022,105,documentation,AR,6.7,629.0,13.79,7.7,Alejandro Hartmann,DIRECTOR,188
Heart Shot,MOVIE,2022,18,romance,US,6.540941965073206,21150.29081903414,12.835,5.7,Elena Heuzé,ACTOR,2
Trese After Dark,MOVIE,2021,36,documentation,PH,6.540941965073206,21150.29081903414,2.794,5.667,Atom Araullo,ACTOR,-1
The Last Paradiso,MOVIE,2021,107,drama,IT,5.7,1463.0,10.631,5.9,Riccardo Scamarcio,ACTOR,51
The Big Shot Game Show,SHOW,2022,48,reality,BR,6.2,32.0,2.18,6.0,Eliana,ACTOR,205
Jane Fonda & Lily Tomlin: Ladies Night Live,MOVIE,2022,60,comedy,US,5.6,403.0,4.228,5.6,Jane Fonda,ACTOR,4
The Boss Baby: Back in the Crib,SHOW,2022,24,comedy,US,6.1,244.0,16.846,7.337,Unknown,Unknown,16
Yara,MOVIE,2021,96,crime,IT,6.2,4205.0,11.475,6.3,Isabella Ragonese,ACTOR,-1
The Catholic School,MOVIE,2021,107,drama,IT,5.7,2882.0,10.852,6.204,Benedetta Porcaroli,ACTOR,51
Diorama,MOVIE,2022,100,drama,SE,5.4,366.0,16.778,6.115,Pia Tjelta,ACTOR,-1
Joel Kim Booster: Psychosexual,MOVIE,2022,67,comedy,,5.9,518.0,3.069,6.5,Joel Kim Booster,ACTOR,139
Buried by the Bernards,SHOW,2021,25,reality,US,7.2,367.0,2.861,6.875,Raegan Bernard,ACTOR,26
Amandla,MOVIE,2022,106,drama,ZA,5.6,425.0,2.846,5.8,Lemogang Tsipa,ACTOR,132
Panayotis Pascot: Almost,MOVIE,2022,79,comedy,FR,7.3,107.0,2.597,7.593,Panayotis Pascot,ACTOR,127
Russell Howard: Lubricant,SHOW,2021,63,comedy,GB,7.1,923.0,1.476,4.5,Russell Howard,ACTOR,5
Stuck Apart,MOVIE,2021,96,comedy,TR,6.0,10926.0,7.403,6.1,Engin Günaydın,ACTOR,52
The Puppet Master: Hunting the Ultimate Conman,SHOW,2022,42,documentation,GB,6.9,7533.0,6.958,6.6,Sam Benstead,DIRECTOR,157
Angèle,MOVIE,2021,84,music,FR,7.0,582.0,6.127,7.1,Angèle,ACTOR,-1
Still Out of My League,MOVIE,2021,113,romance,IT,5.6,912.0,18.664,6.6,Ludovica Francesconi,ACTOR,208
The Action Pack Saves Christmas,MOVIE,2022,28,animation,US,4.9,46.0,69.199,4.0,Sydney Thomas,ACTOR,71
Jump Like a Witch,SHOW,2022,92,reality,KR,6.540941965073206,21150.29081903414,3.027,3.5,Hyun Joo-yup,ACTOR,204
La Vocera,MOVIE,2021,82,documentation,MX,7.1,64.0,2.408,6.5,María de Jesús Patricio Martínez,ACTOR,181
Kedibone,MOVIE,2022,94,drama,ZA,4.4,197.0,2.01,5.0,Natasha Thahane,ACTOR,132
One,MOVIE,2021,151,thriller,IN,6.5,2672.0,1.647,6.1,Mammootty,ACTOR,13
The Griot,MOVIE,2021,109,drama,,7.2,29.0,1.406,2.0,Abimbola Adebajo,ACTOR,38
The Seventh Day,MOVIE,2021,87,horror,US,4.5,4924.0,30.587,5.4,Guy Pearce,ACTOR,31
Outlaws,MOVIE,2021,125,crime,ES,6.9,4531.0,24.552,6.9,Marcos Ruiz,ACTOR,-1
Crazy About Her,MOVIE,2021,102,comedy,ES,6.6,5435.0,12.49,7.2,Álvaro Cervantes,ACTOR,164
The Rational Life,SHOW,2021,46,drama,CN,8.0,633.0,12.117,8.0,Qin Lan,ACTOR,125
Surviving Paradise: A Family Tale,MOVIE,2022,78,documentation,GB,7.5,740.0,20.05,6.9,Regé-Jean Page,ACTOR,73
Anonymously Yours,MOVIE,2021,101,drama,MX,5.7,2028.0,16.228,7.7,Annie Cabello,ACTOR,70
How to Be A Cowboy,SHOW,2021,25,reality,US,7.4,171.0,3.013,6.0,Unknown,Unknown,26
Hating Peter Tatchell,MOVIE,2021,91,documentation,GB,7.6,837.0,2.672,6.7,Peter Tatchell,ACTOR,73
The Family That Sings Together: The Camargos,SHOW,2021,47,reality,BR,5.5,47.0,2.064,4.5,Zezé di Camargo,ACTOR,205
Spycraft,SHOW,2021,34,documentation,US,6.7,2239.0,7.729,6.9,Dylan Berry,ACTOR,0
Nafsi,MOVIE,2021,137,drama,,7.8,29.0,1.232,6.633193712829227,Mumbi Maina,ACTOR,38
CBI 5: The Brain,MOVIE,2022,163,thriller,IN,5.6,3369.0,4.831,5.333,Mammootty,ACTOR,13
Catherine Cohen: The Twist...? She's Gorgeous,MOVIE,2022,61,comedy,,5.4,293.0,4.567,6.8,Catherine Cohen,ACTOR,139
Thar,MOVIE,2022,108,action,IN,6.1,7477.0,4.046,6.3,Anil Kapoor,ACTOR,14
Liss Pereira: Adulting,MOVIE,2022,63,comedy,CO,6.7,82.0,3.356,2.0,Liss Pereira,ACTOR,189
Mobile Suit Gundam Hathaway,MOVIE,2021,96,drama,JP,6.6,1625.0,55.672,7.4,Kensho Ono,ACTOR,35
My Little Pony: Make Your Mark,SHOW,2022,36,comedy,US,6.0,304.0,55.008,8.778,Maitreyi Ramakrishnan,ACTOR,16
"Canto para no llorar, Arelys Henao",SHOW,2022,47,music,CO,7.5,66.0,32.406,2.0,Anderson Ballesteros,ACTOR,-1
The River Runner,MOVIE,2021,86,documentation,,6.9,1857.0,3.539,6.136,Scott Lindgren,ACTOR,84
The Champion of Auschwitz,MOVIE,2021,91,drama,PL,6.7,1215.0,8.505,7.8,Piotr Głowacki,ACTOR,184
A Farewell to Ozark,MOVIE,2022,31,documentation,US,6.540941965073206,21150.29081903414,7.191,6.8,Jason Bateman,ACTOR,66
Michael Che: Shame the Devil,MOVIE,2021,58,comedy,,6.5,1190.0,4.165,6.875,Michael Che,ACTOR,139
Just Short of Perfect,MOVIE,2021,94,comedy,BR,5.4,1142.0,8.391,6.206,Juliana Paes,ACTOR,187
The Witcher: Fireplace,MOVIE,2021,59,drama,US,6.540941965073206,21150.29081903414,5.083,5.5,Unknown,Unknown,1
Sam Smith: Love Goes – Live at Abbey Road Studios,MOVIE,2021,61,music,US,6.540941965073206,21150.29081903414,3.493,8.265,Sam Smith,ACTOR,94
Buffoon,MOVIE,2022,119,drama,IN,5.2,275.0,2.45,7.0,Vaibhav Reddy,ACTOR,8
Larva Pendant,MOVIE,2022,33,comedy,,6.540941965073206,21150.29081903414,48.07,7.19,Hong Beom-gi,ACTOR,139
Desterro,MOVIE,2021,122,crime,BR,5.2,114.0,1.031,6.633193712829227,Otto Jr.,ACTOR,-1
Sex: Unzipped,MOVIE,2021,59,comedy,US,3.1,433.0,3.343,4.0,Saweetie,ACTOR,4
What Happened to Mr Cha?,MOVIE,2021,102,comedy,KR,4.4,378.0,9.751,6.9,Cha In-pyo,ACTOR,95
"My Brother, My Sister",MOVIE,2021,110,drama,IT,6.0,1056.0,8.694,6.5,Alessandro Preziosi,ACTOR,51
A World Without,MOVIE,2021,106,thriller,ID,4.0,392.0,2.85,4.5,Amanda Rawles,ACTOR,128
The Nutty Boy,SHOW,2022,12,animation,BR,8.3,34.0,15.418,6.6,Marcus Pejon,ACTOR,-1
Shadow Parties,MOVIE,2021,116,action,NG,7.0,11.0,1.516,6.633193712829227,Jide Kosoko,ACTOR,-1
Collision Course,MOVIE,2022,80,drama,GB,7.0,29.0,1.287,3.5,Daniel Etim Effiong,ACTOR,34
Snoop Dogg's F*cn Around Comedy Special,MOVIE,2022,67,comedy,,5.2,549.0,5.091,5.0,Snoop Dogg,ACTOR,139
Oprah + Viola: A Netflix Special Event,MOVIE,2022,48,documentation,US,7.5,424.0,3.997,7.3,Viola Davis,ACTOR,66
Irul,MOVIE,2021,91,thriller,IN,5.8,3317.0,3.991,5.7,Fahadh Faasil,ACTOR,13
Elite Short Stories: Phillipe Caye Felipe,SHOW,2021,13,comedy,ES,6.2,787.0,18.346,6.792,Àlex Monner,ACTOR,155
Chris Distefano: Speshy Weshy,MOVIE,2022,36,comedy,,6.4,554.0,2.853,6.2,Chris DiStefano,ACTOR,139
Where Is Marta?,SHOW,2021,63,crime,ES,6.8,1455.0,2.834,7.188,Unknown,Unknown,170
Amy Tan: Unintended Memoir,MOVIE,2021,101,documentation,US,7.8,340.0,2.699,8.3,Amy Tan,ACTOR,66
Here and There,MOVIE,2021,98,romance,PH,6.7,63.0,2.555,4.8,Janine Gutierrez,ACTOR,98
The Lost Lotteries,MOVIE,2022,106,comedy,TH,5.4,242.0,75.113,6.0,Wongravee Nateetorn,ACTOR,-1
Kumari,MOVIE,2022,137,thriller,,6.4,1774.0,19.267195915153582,6.633193712829227,Unknown,Unknown,166
African America,MOVIE,2021,96,drama,ZA,5.6,72.0,1.896,2.0,Anthony Goss,ACTOR,132
Into the Wind,MOVIE,2022,108,drama,PL,5.2,1030.0,10.896,5.3,Sonia Mietielica,ACTOR,184
The Most Dangerous Man in Europe,MOVIE,2021,68,history,ES,6.8,294.0,5.005,6.6,Paloma Navarro,ACTOR,-1
Nate Bargatze: The Greatest Average American,MOVIE,2021,61,documentation,US,7.3,1590.0,4.931,7.1,Nate Bargatze,ACTOR,66
Annaatthe,MOVIE,2021,163,action,IN,4.0,10077.0,4.887,5.8,Rajinikanth,ACTOR,14
Light the Night,SHOW,2021,57,thriller,TW,7.4,1248.0,14.902,8.611,Lin Xinru,ACTOR,-1
The Tambour of Retribution,MOVIE,2021,92,drama,SA,6.8,1095.0,1.439,7.0,Faisal Aldokhei,ACTOR,-1
Creedence Clearwater Revival (Travelin' Band) - Live at the Royal Albert Hall 1970,MOVIE,2022,109,music,GB,7.5,829.0,6.92,5.9,Jeff Bridges,ACTOR,-1
Love Never Lies,SHOW,2021,50,reality,ES,5.6,363.0,3.916,6.3,Mónica Naranjo,ACTOR,213
Alma Matters: Inside the IIT Dream,SHOW,2021,49,drama,IN,8.3,2388.0,3.052,7.25,Shubham Agarwal,ACTOR,140
Jogi,MOVIE,2022,116,crime,IN,7.2,5933.0,2.771,6.6,Diljit Dosanjh,ACTOR,12
Never Stop Dreaming: The Life and Legacy of Shimon Peres,MOVIE,2022,129,documentation,US,6.9,298.0,2.468,5.8,George W. Bush,ACTOR,66
Meskina,MOVIE,2021,98,comedy,NL,5.6,1047.0,4.753,6.259,Maryam Hassouni,ACTOR,167
Kid Cosmic,SHOW,2021,22,fantasy,US,7.9,1538.0,16.017,8.6,Jack Fisher,ACTOR,191
Lethal Love,MOVIE,2021,87,thriller,,4.4,256.0,19.267195915153582,6.633193712829227,Unknown,Unknown,166
L.O.L. Surprise! House of Surprises,SHOW,2021,0,animation,US,6.540941965073206,21150.29081903414,1.622,2.0,Unknown,Unknown,32
Johnny Test,SHOW,2021,14,comedy,US,6.4,420.0,7.693,7.75,James Arnold Taylor,ACTOR,16
The Stronghold,MOVIE,2021,105,action,FR,6.9,11477.0,36.607,7.4,Gilles Lellouche,ACTOR,-1
Spoiled Brats,MOVIE,2021,95,comedy,FR,6.0,6779.0,25.597,6.221,Gérard Jugnot,ACTOR,127
Lulli,MOVIE,2021,90,comedy,BR,4.8,1619.0,11.867,5.861,Larissa Manoela,ACTOR,187
One Night in Paris,MOVIE,2021,64,comedy,FR,4.6,91.0,4.89,5.4,Roman Frayssinet,ACTOR,127
Ranveer vs Wild with Bear Grylls,MOVIE,2022,70,action,IN,6.6,4207.0,4.564,6.0,Ranveer Singh,ACTOR,14
Dogs in Space,SHOW,2021,22,action,US,7.2,782.0,12.157,7.6,Haley Joel Osment,ACTOR,30
Double Dad,MOVIE,2021,103,comedy,BR,5.6,1380.0,8.833,6.696,Maisa Silva,ACTOR,187
Get the Grift,MOVIE,2021,94,comedy,BR,5.3,815.0,7.97,6.454,Samantha Schmütz,ACTOR,187
Action Pack,SHOW,2022,23,action,US,6.6,110.0,6.027,8.2,Kimberly Brooks,ACTOR,30
Mandela,MOVIE,2021,140,drama,IN,8.5,6430.0,4.407,7.1,Yogi Babu,ACTOR,8
What Would Sophia Loren Do?,MOVIE,2021,33,documentation,US,6.540941965073206,21150.29081903414,3.198,6.705,Nancy Kulik,ACTOR,66
Angry Birds: Summer Madness,SHOW,2022,15,animation,US,5.7,754.0,17.944,7.333,Adam Kirschner,ACTOR,32
Sinam,MOVIE,2022,18,drama,IN,7.9,14.0,1.4,2.0,Arun Vijay,ACTOR,8
The Soul,MOVIE,2021,130,scifi,TW,6.6,3037.0,7.467,7.3,Chang Chen,ACTOR,-1
The K.E.O.P/S System,MOVIE,2022,119,drama,AR,5.8,237.0,4.721,5.9,Daniel Hendler,ACTOR,83
Fenced In,MOVIE,2022,110,comedy,BR,4.4,585.0,19.439,6.0,Leandro Hassum,ACTOR,187
"Mirror, Mirror",MOVIE,2022,79,comedy,ES,5.0,489.0,18.763,5.6,Malena Alterio,ACTOR,164
Why Are You Like This?,SHOW,2021,24,comedy,AU,6.5,1754.0,2.107,7.222,Naomi Higgins,ACTOR,82
Stand Out: An LGBTQ+ Celebration,MOVIE,2022,96,comedy,,6.1,815.0,5.374,5.6,Billy Eichner,ACTOR,139
City of Ghosts,SHOW,2021,19,animation,FR,6.1,10.0,4.6,6.875,Unknown,Unknown,100
Bad Guys,SHOW,2022,62,drama,TH,6.540941965073206,21150.29081903414,3.956,6.0,Unknown,Unknown,173
D.O.D.: Day of Destiny,MOVIE,2021,110,scifi,NG,5.3,49.0,3.492,2.0,Olumide Oworu,ACTOR,-1
Wild Abandon,SHOW,2022,51,drama,TR,7.1,5984.0,2.982,7.294,Öner Erkan,ACTOR,159
Bordertown: The Mural Murders,MOVIE,2021,107,crime,FI,6.3,2669.0,19.579,6.6,Ville Virtanen,ACTOR,-1
Below Zero,MOVIE,2021,106,horror,ES,6.2,20308.0,16.434,6.407,Javier Gutiérrez,ACTOR,183
Meeting Point,MOVIE,2021,90,drama,TR,4.2,512.0,2.026,2.2,Melisa Şenolsun,ACTOR,126
Penguin Bloom,MOVIE,2021,95,drama,US,6.8,11097.0,12.491,7.1,Naomi Watts,ACTOR,1
Broken Idol: The Undoing of Diomedes Díaz,MOVIE,2022,102,documentation,CO,6.3,213.0,12.475,7.3,Diomedes Díaz,ACTOR,-1
Asakusa Kid,MOVIE,2021,123,drama,JP,7.1,1510.0,12.266,6.8,Yuya Yagira,ACTOR,35
Cobra Kai - The Afterparty,MOVIE,2021,34,drama,US,6.540941965073206,21150.29081903414,1.4,6.633193712829227,Unknown,Unknown,1
Roohi,MOVIE,2021,134,horror,IN,4.3,10454.0,4.42,4.3,Rajkummar Rao,ACTOR,146
All About Gila,MOVIE,2022,76,comedy,,4.2,104.0,2.338,5.7,Dani Rovira,ACTOR,139
Get the Goat,MOVIE,2021,97,action,BR,6.0,1877.0,12.124,6.8,Edmilson Filho,ACTOR,-1
Remember You,SHOW,2021,67,crime,TH,7.5,96.0,6.034,5.6,Paopetch Charoensook,ACTOR,-1
Security,MOVIE,2021,118,thriller,IT,5.0,2148.0,21.622,5.6,Marco D'Amore,ACTOR,-1
Illegal Woman,MOVIE,2021,119,drama,ES,6.2,214.0,1.656,5.6,Isak Férriz,ACTOR,46
The Time It Takes,SHOW,2021,13,drama,ES,7.2,1642.0,10.657,7.1,Nadia de Santiago,ACTOR,133
Dogwashers,MOVIE,2021,107,comedy,AR,5.8,625.0,8.026,6.4,Christian Tappán,ACTOR,23
Rabbids Invasion - Mission To Mars,MOVIE,2021,70,animation,FR,7.8,21150.29081903414,4.631,6.2,Damien Laquet,ACTOR,-1
HIT: The First Case,MOVIE,2022,136,thriller,IN,6.8,14991.0,4.539,6.3,Rajkummar Rao,ACTOR,13
Fate: The Winx Saga - The Afterparty,MOVIE,2021,31,fantasy,IT,6.3,122.0,4.445,8.3,David Spade,ACTOR,-1
The Hungry and the Hairy,SHOW,2021,63,reality,KR,7.6,276.0,3.939,6.5,Noh Hong-chul,ACTOR,204
Secret Magic Control Agency,MOVIE,2021,105,fantasy,US,6.2,4375.0,23.004,7.1,Valery Smekalov,ACTOR,18
Animals on the Loose: A You vs. Wild Interactive Movie,MOVIE,2021,45,action,,5.8,993.0,4.154,5.8,Bear Grylls,ACTOR,168
Poketto monsuta-shin to yoba reshi aruseusu,MOVIE,2022,64,animation,JP,6.540941965073206,21150.29081903414,28.93,7.1,Sarah Natochenny,ACTOR,22
"Sing, Dance, Act: Kabuki featuring Toma Ikuta",MOVIE,2022,87,documentation,,7.2,106.0,2.534,6.2,Toma Ikuta,ACTOR,84
Shadow and Bone - The Afterparty,MOVIE,2021,32,drama,HU,6.540941965073206,21150.29081903414,2.247,7.0,David Spade,ACTOR,-1
Erax,MOVIE,2022,13,thriller,,6.540941965073206,21150.29081903414,18.779,4.7,Jasmine Cephas Jones,ACTOR,166
Barbie Epic Road Trip,MOVIE,2022,36,comedy,US,7.2,37.0,83.041,7.4,America Young,ACTOR,4
Jaadugar,MOVIE,2022,167,comedy,IN,6.9,10831.0,8.303,6.5,Jitendra Kumar,ACTOR,24
Pui Pui Molcar,SHOW,2021,3,animation,JP,8.1,473.0,5.684,8.3,Unknown,Unknown,33
Love Me Instead,MOVIE,2021,124,drama,TR,7.0,2834.0,5.522,6.6,Sarp Akkaya,ACTOR,126
Vir Das: Landing,MOVIE,2022,66,comedy,IN,7.3,930.0,4.702,6.0,Vir Das,ACTOR,24
Coyotes,SHOW,2021,45,drama,BE,5.2,339.0,4.526,6.7,Kassim Meesters,ACTOR,149
Nicole Byer: BBW (Big Beautiful Weirdo),MOVIE,2021,65,comedy,,5.9,592.0,4.473,6.286,Nicole Byer,ACTOR,139
Kurup,MOVIE,2021,155,crime,IN,7.0,13708.0,4.047,5.8,Dulquer Salmaan,ACTOR,12
Super PupZ,SHOW,2022,29,comedy,CA,6.0,132.0,3.298,8.857,Dave Foley,ACTOR,59
Misha and the Wolves,MOVIE,2021,90,documentation,DE,6.7,2996.0,10.743,6.985,Misha Defonseca,ACTOR,10
Reflection of You,SHOW,2021,70,drama,KR,6.540941965073206,21150.29081903414,4.891,6.0,Ko Hyun-jung,ACTOR,90
Child of Kamiari Month,MOVIE,2021,99,fantasy,JP,5.9,1021.0,43.615,6.561,Aju Makita,ACTOR,92
Mo Amer: Mohammed in Texas,MOVIE,2021,64,comedy,US,6.7,953.0,4.617,4.6,Mo Amer,ACTOR,4
Cem Yılmaz: Diamond Elite Platinum Plus,MOVIE,2021,94,comedy,TR,6.6,8835.0,3.534,5.652,Cem Yılmaz,ACTOR,52
Cemara's Family 2,MOVIE,2022,114,drama,ID,5.9,141.0,2.999,5.667,Ringgo Agus Rahman,ACTOR,120
Binti,MOVIE,2021,99,drama,TZ,5.7,131.0,2.614,6.0,Godliver Gordian,ACTOR,-1
All Hail,MOVIE,2022,118,comedy,AR,5.6,3573.0,22.692,6.4,Guillermo Francella,ACTOR,23
Vicky and Her Mystery,MOVIE,2021,84,drama,FR,6.3,2284.0,21.528,7.2,Vincent Elbaz,ACTOR,96
A Perfect Fit,MOVIE,2021,112,drama,ID,5.4,639.0,10.345,7.2,Nadya Arina,ACTOR,120
Little Big Mouth,MOVIE,2021,94,comedy,ZA,4.2,193.0,6.852,5.4,Amanda Du-Pont,ACTOR,102
Sweet & Sour,MOVIE,2021,101,drama,KR,6.7,2846.0,26.595,7.757,Jang Ki-yong,ACTOR,117
Never Back Down: Revolt,MOVIE,2021,89,sport,US,4.0,646.0,25.921,6.608,Olivia Popica,ACTOR,-1
My Wonderful Life,MOVIE,2021,99,romance,PL,5.9,806.0,2.551,4.813,Agata Buzek,ACTOR,-1
Grumpy Christmas,MOVIE,2021,87,comedy,MX,4.5,417.0,11.477,7.563,Héctor Bonilla,ACTOR,43
Heroes: Silence and Rock & Roll,MOVIE,2021,95,music,ES,7.5,699.0,9.432,8.5,Enrique Bunbury,ACTOR,-1
I Heart Arlo,SHOW,2021,15,comedy,US,7.1,243.0,9.156,7.2,Michael J. Woodard,ACTOR,16
We Couldn't Become Adults,MOVIE,2021,124,drama,JP,6.5,891.0,9.059,6.2,Mirai Moriyama,ACTOR,35
Dolly Parton: A MusiCares Tribute,MOVIE,2021,55,documentation,US,6.6,262.0,8.048,6.6,Dolly Parton,ACTOR,66
"Ada Twist, Scientist",SHOW,2021,27,comedy,US,7.3,208.0,6.003,7.0,Amanda Christine,ACTOR,16
Buba,MOVIE,2022,94,drama,DE,5.8,2424.0,5.92,5.5,Bjarne Mädel,ACTOR,47
Godse,MOVIE,2022,142,thriller,IN,5.7,1217.0,3.949,6.2,Satyadev Kancharana,ACTOR,13
Hey! Sinamika,MOVIE,2022,149,drama,IN,6.2,3938.0,3.301,6.2,Dulquer Salmaan,ACTOR,8
100 días con la Tata,MOVIE,2021,82,documentation,,7.8,490.0,2.213,7.111,Miguel Ángel Muñoz,ACTOR,84
Sing Again,SHOW,2022,52,drama,TH,6.540941965073206,21150.29081903414,5.655,6.8,Wae Soul,ACTOR,173
Sharkdog,SHOW,2021,0,family,US,6.0,189.0,15.457,8.6,Liam Mitchell,ACTOR,37
The Guide to the Perfect Family,MOVIE,2021,102,drama,CA,6.4,1850.0,14.515,6.5,Louis Morissette,ACTOR,58
Happy Birthday,MOVIE,2022,154,thriller,IN,5.6,461.0,6.523,6.2,Lavanya Tripathi,ACTOR,13
Man in Love,MOVIE,2021,115,romance,TW,6.9,2027.0,5.223,7.3,Roy Chiu,ACTOR,-1
Transformers: BotBots,SHOW,2022,25,action,US,7.1,104.0,3.341,4.3,Unknown,Unknown,30
I Need Romance,SHOW,2021,45,drama,TH,7.9,47.0,2.555,4.0,Peck Premanat Suwannannon,ACTOR,173
Only Jokes Allowed,SHOW,2022,16,comedy,ZA,4.6,61.0,2.493,6.0,Gilli Apter,ACTOR,-1
Hilda and the Mountain King,MOVIE,2021,85,fantasy,CA,7.7,2960.0,24.991,7.6,Bella Ramsey,ACTOR,180
"Michela Giraud: The Truth, I Swear!",MOVIE,2022,60,comedy,IT,5.5,88.0,1.43,5.0,Michela Giraud,ACTOR,182
Quarantine Tales,SHOW,2021,19,drama,ID,6.540941965073206,21150.29081903414,0.995,4.0,Unknown,Unknown,-1
Ali & Ratu Ratu Queens,MOVIE,2021,100,drama,ID,7.0,1372.0,4.482,6.4,Iqbaal Dhiafakhri Ramadhan,ACTOR,120
Hate by Dani Rovira,MOVIE,2021,82,comedy,ES,6.7,456.0,4.273,7.0,Dani Rovira,ACTOR,164
Trippin’ with the Kandasamys,MOVIE,2021,93,romance,ZA,5.1,396.0,12.918,6.8,Jailoshini Naidoo,ACTOR,-1
Arlo the Alligator Boy,MOVIE,2021,90,comedy,US,6.4,1183.0,11.066,6.7,Michael J. Woodard,ACTOR,4
Really Love,MOVIE,2021,95,drama,US,6.1,971.0,4.18,6.5,Kofi Siriboe,ACTOR,1
Human: The World Within,SHOW,2021,53,documentation,US,6.8,837.0,4.039,7.0,Jad Abumrad,ACTOR,0
Kuttavum Shikshayum,MOVIE,2022,136,drama,IN,6.3,999.0,2.957,6.6,Asif Ali,ACTOR,8
Hikaru Utada Live Sessions from AIR Studios,MOVIE,2022,60,music,,6.540941965073206,21150.29081903414,2.717,7.2,Hikaru Utada,ACTOR,-1
Trust No One: The Hunt for the Crypto King,MOVIE,2022,90,crime,GB,6.3,5392.0,11.256,6.056,Luke Sewell,DIRECTOR,-1
Whindersson Nunes: My Own Show!,MOVIE,2022,63,comedy,BR,7.0,302.0,3.614,7.3,Whindersson Nunes,ACTOR,187
Namaste Wahala,MOVIE,2021,106,music,NG,5.0,1597.0,3.196,7.3,Ini Dima-Okojie,ACTOR,-1
Nayattu,MOVIE,2021,124,drama,IN,8.1,7534.0,2.87,7.2,Kunchacko Boban,ACTOR,8
Laabam,MOVIE,2021,144,drama,IN,3.4,841.0,2.158,3.5,Vijay Sethupathi,ACTOR,8
Alter Ego,MOVIE,2021,122,drama,NG,5.9,64.0,1.761,6.633193712829227,Omotola Jalade-Ekeinde,ACTOR,80
Gatao: The Last Stray,MOVIE,2021,120,crime,TW,5.9,303.0,7.608,5.1,Rexen Cheng Jen-Shuo,ACTOR,-1
Happiness Ever After,MOVIE,2021,99,drama,ZA,4.6,178.0,6.242,7.2,Mmabatho Montsho,ACTOR,132
Sheng Wang: Sweet and Juicy,MOVIE,2022,60,comedy,US,7.7,919.0,5.432,6.9,Sheng Wang,ACTOR,4
Kayko and Kokosh,SHOW,2021,15,animation,PL,6.3,353.0,4.56,6.6,Artur Pontek,ACTOR,-1
Paik's Spirit,SHOW,2021,55,drama,KR,6.540941965073206,21150.29081903414,4.403,6.3,Baek Jong-won,ACTOR,90
Reasonable Doubt: A Tale of Two Kidnappings,SHOW,2021,47,crime,MX,7.6,219.0,2.651,5.7,Roberto Hernández,DIRECTOR,199
The Kingdom,SHOW,2021,44,crime,AR,6.5,1485.0,16.831,7.3,Diego Peretti,ACTOR,-1
Top Secret UFO Projects: Declassified,SHOW,2021,45,documentation,GB,5.6,1648.0,16.775,7.271,Vojtech Filcev,DIRECTOR,157
Sisters on Track,MOVIE,2021,96,documentation,US,6.0,216.0,6.813,7.0,Rainn Sheppard,ACTOR,66
Pakka Commercial,MOVIE,2022,152,crime,,4.2,850.0,19.267195915153582,6.633193712829227,Unknown,Unknown,-1
The Circle: The Afterparty,MOVIE,2021,35,drama,US,6.540941965073206,21150.29081903414,2.346,6.0,David Spade,ACTOR,1
Bruna Louise: Demolition,MOVIE,2022,65,comedy,BR,4.8,94.0,2.344,5.208,Bruna Louise,ACTOR,187
Dasvi,MOVIE,2022,125,comedy,IN,7.3,23324.0,5.206,5.6,Abhishek Bachchan,ACTOR,24
American Girl,MOVIE,2021,101,drama,TW,7.1,1511.0,4.167,6.4,Caitlin Fang,ACTOR,101
Uppena,MOVIE,2021,147,drama,IN,6.540941965073206,21150.29081903414,3.496,6.0,Panja Vaisshnav Tej,ACTOR,8
Quiet,MOVIE,2021,102,drama,CL,6.4,351.0,3.381,6.8,Max Salgado,ACTOR,-1
Carlos Ballarta: False Prophet,MOVIE,2021,63,comedy,MX,6.7,153.0,3.198,5.2,Carlos Ballarta,ACTOR,43
Kaatteri,MOVIE,2022,121,comedy,IN,4.3,396.0,2.573,6.0,Vaibhav Reddy,ACTOR,24
Private Network: Who Killed Manuel Buendía?,MOVIE,2021,100,documentation,MX,6.8,252.0,2.265,7.3,Daniel Giménez Cacho,ACTOR,181
Squared Love,MOVIE,2021,102,comedy,PL,5.1,3482.0,17.785,6.1,Adrianna Chlebicka,ACTOR,176
Battle: Freestyle,MOVIE,2022,88,drama,NO,4.5,483.0,10.554,5.438,Lisa Teige,ACTOR,-1
Bridgerton - The Afterparty,MOVIE,2021,38,drama,US,6.540941965073206,21150.29081903414,19.267195915153582,6.633193712829227,Unknown,Unknown,1
Je suis Karl,MOVIE,2021,126,drama,CZ,5.5,1283.0,4.87,5.4,Luna Wedler,ACTOR,-1
M8 - When Death Rescues Life,MOVIE,2021,84,drama,BR,7.0,688.0,3.365,7.6,Juan Paiva,ACTOR,119
El Ens Wa El Nems,MOVIE,2021,120,scifi,EG,5.3,1297.0,2.825,4.1,Mohamed Henedi,ACTOR,-1
Motel Makeover,SHOW,2021,30,reality,CA,5.0,789.0,2.694,4.2,April Brown,ACTOR,-1
Making Malinche: A Documentary by Nacho Cano,MOVIE,2021,89,documentation,,4.9,45.0,1.779,7.0,Nacho Cano,ACTOR,84
The Yin Yang Master,MOVIE,2021,113,drama,CN,6.540941965073206,21150.29081903414,12.456,6.7,Chen Kun,ACTOR,61
A California Christmas: City Lights,MOVIE,2021,105,drama,US,5.5,2231.0,11.941,6.571,Lorynn York,ACTOR,1
Too Hot to Handle: Latino,SHOW,2021,36,reality,MX,5.2,340.0,9.116,7.3,Itatí Cantoral,ACTOR,210
Swallow,MOVIE,2021,128,drama,,3.9,207.0,7.306,4.8,Chioma Chukwuka Akpotha,ACTOR,38
Upcoming Summer,MOVIE,2021,115,romance,CN,6.8,603.0,5.062,6.2,Leo Wu,ACTOR,-1
Sardar Ka Grandson,MOVIE,2021,140,drama,IN,4.2,4673.0,4.966,7.4,Arjun Kapoor,ACTOR,8
New Gods: Nezha Reborn,MOVIE,2021,116,action,CN,6.8,3443.0,3.078,8.091,Tianxiang Yang,ACTOR,44
Slay,MOVIE,2021,93,comedy,ZA,3.7,108.0,2.487,6.0,Ramsey Nouah,ACTOR,102
Lee Su-geun: The Sense Coach,MOVIE,2021,45,comedy,KR,4.2,39.0,2.19,3.0,Lee Su-geun,ACTOR,95
Lokillo: Nothing's the Same,MOVIE,2021,64,comedy,CO,4.8,56.0,9.902,7.6,Yedinson Flórez,ACTOR,189
Jersey,MOVIE,2022,175,drama,IN,7.3,13330.0,9.49,7.2,Shahid Kapoor,ACTOR,8
Tuesdays And Fridays,MOVIE,2021,106,romance,GB,4.5,848.0,2.915,5.0,Jhataleka Malhotra,ACTOR,87
The Last Kids on Earth: Happy Apocalypse to You,MOVIE,2021,91,fantasy,CA,6.540941965073206,21150.29081903414,2.812,7.0,Nick Wolfhard,ACTOR,180
My Amanda,MOVIE,2021,89,drama,PH,5.8,338.0,1.995,5.7,Alessandra de Rossi,ACTOR,110
Love Like the Falling Petals,MOVIE,2022,128,romance,JP,6.5,603.0,37.802,7.858,Kento Nakajima,ACTOR,-1
Wish You,MOVIE,2021,101,drama,KR,6.4,1082.0,18.304,7.768,Kang In-soo,ACTOR,117
Heart Parade,MOVIE,2022,108,comedy,PL,5.0,683.0,14.821,6.1,Anna Próchniak,ACTOR,176
I Missed You,MOVIE,2021,96,drama,TW,5.8,277.0,4.628,5.4,Wu Kang-ren,ACTOR,101
Ms. Pat: Y'all Wanna Hear Something Crazy?,MOVIE,2022,54,comedy,US,6.1,224.0,3.447,5.286,Patricia Williams,ACTOR,4
Cobalt Blue,MOVIE,2022,112,drama,IN,6.5,2088.0,3.321,6.444,Prateik Babbar,ACTOR,8
Will You Marry?,MOVIE,2021,86,drama,PH,4.7,71.0,2.231,5.0,K Brosas,ACTOR,110
Plastic Cup Boyz: Laughing My Mask Off!,SHOW,2021,33,drama,,6.540941965073206,21150.29081903414,2.002,2.0,Unknown,Unknown,141
Lift Like a Girl,MOVIE,2021,93,documentation,DK,7.7,227.0,0.724,5.3,Captain Ramadan,ACTOR,-1
Puff: Wonders of the Reef,MOVIE,2021,59,documentation,AU,7.2,953.0,14.773,7.8,Rose Byrne,ACTOR,-1
Big Tree City,SHOW,2022,17,action,US,8.5,65.0,9.963,8.3,Mark Benton,ACTOR,30
Ajeeb Daastaans,MOVIE,2021,142,drama,IN,6.7,5984.0,6.217,6.5,Konkona Sen Sharma,ACTOR,8
Let's Eat,SHOW,2021,60,drama,TH,8.5,9.0,4.075,2.0,Apinya Sakuljaroensuk,ACTOR,173
Blue Dream: The Road to Wembley,MOVIE,2021,61,documentation,IT,7.0,898.0,2.623,7.7,Stefano Accorsi,ACTOR,-1
Marmaduke,MOVIE,2022,88,animation,US,3.1,3867.0,48.805,5.5,Pete Davidson,ACTOR,71
Love or Money,MOVIE,2021,116,romance,PH,6.1,126.0,1.319,2.0,Angelica Panganiban,ACTOR,98
The Four of Us,MOVIE,2021,88,comedy,DE,5.3,1236.0,8.996,5.5,Nilam Farooq,ACTOR,45
Team Zenko Go,SHOW,2022,20,animation,US,7.0,54.0,5.071,7.8,Unknown,Unknown,32
Tribhanga,MOVIE,2021,95,drama,IN,6.2,3048.0,4.805,7.1,Kajol,ACTOR,8
Zero to Hero,MOVIE,2021,102,drama,HK,6.7,1006.0,4.613,7.3,Sandra Ng Kwun-Yu,ACTOR,78
Cinema Bandi,MOVIE,2021,98,drama,IN,7.9,2599.0,1.726,7.4,Sirivennela Yanamandhala,ACTOR,8
Seal Team,MOVIE,2021,101,comedy,ZA,5.6,1567.0,27.849,7.1,Jessie T. Usher,ACTOR,102
Fan Girl,MOVIE,2021,100,drama,PH,6.6,707.0,3.165,7.0,Charlie Dizon,ACTOR,110
Meenakshi Sundareshwar,MOVIE,2021,141,comedy,IN,7.0,17871.0,2.672,5.6,Sanya Malhotra,ACTOR,24
Yuri Marçal: Honest Mistake,MOVIE,2022,59,comedy,,6.7,60.0,2.035,7.0,Yuri Marçal,ACTOR,139
Luccas Neto em: Uma Babá Muito Esquisita,MOVIE,2021,75,comedy,BR,3.3,39.0,1.767,7.1,Luccas Neto,ACTOR,187
Ridley Jones,SHOW,2021,28,family,US,4.7,301.0,9.452,7.6,Iara Nemirovsky,ACTOR,37
1000 Miles from Christmas,MOVIE,2021,102,family,ES,5.8,1820.0,9.209,6.3,Tamar Novas,ACTOR,-1
Pagglait,MOVIE,2021,114,comedy,IN,6.9,9694.0,6.419,6.7,Sanya Malhotra,ACTOR,24
Octonauts: The Ring of Fire,MOVIE,2021,72,family,CN,6.5,158.0,5.631,6.0,Simon Greenall,ACTOR,-1
Mishan Impossible,MOVIE,2022,129,comedy,IN,6.5,915.0,3.458,6.1,Taapsee Pannu,ACTOR,24
Convergence: Courage in a Crisis,MOVIE,2021,113,documentation,GB,5.9,278.0,2.309,5.2,Wenhua Lin,ACTOR,73
Caught by a Wave,MOVIE,2021,99,romance,IT,5.8,1398.0,12.351,6.6,Elvira Camarrone,ACTOR,208
A Naija Christmas,MOVIE,2021,121,comedy,NG,4.9,414.0,7.253,6.8,Rachel Oniga,ACTOR,121
Karma's World,SHOW,2021,10,family,US,7.0,201.0,7.055,7.131,Asia Bryant,ACTOR,37
Tersanjung: The Movie,MOVIE,2021,114,drama,ID,6.0,228.0,3.328,8.2,Clara Bernadeth,ACTOR,120
Battle Kitty,SHOW,2022,33,animation,US,6.1,220.0,2.978,7.7,Matt Layzell,ACTOR,32
Ramprasad Ki Tehrvi,MOVIE,2021,106,drama,IN,7.5,5745.0,2.377,6.1,Naseeruddin Shah,ACTOR,8
Kilometers and Kilometers,MOVIE,2021,129,action,IN,6.4,1682.0,2.159,5.8,Tovino Thomas,ACTOR,14
Haunted: Latin America,SHOW,2021,32,horror,MX,5.3,622.0,36.225,7.302,Unknown,Unknown,-1
The Guardian,MOVIE,2021,127,music,VN,5.7,405.0,2.571,6.4,Trúc Anh,ACTOR,-1
The Art of Incarceration,MOVIE,2022,90,documentation,AU,7.8,38.0,1.371,6.633193712829227,Jack Charles,ACTOR,-1
June & Kopi,MOVIE,2021,91,drama,ID,6.3,604.0,5.99,6.7,Acha Septriasa,ACTOR,120
The New Adventures of Oggy,SHOW,2021,17,animation,FR,6.7,55.0,3.677,2.0,Unknown,Unknown,100
Ronny Chieng: Speakeasy,MOVIE,2022,60,comedy,US,6.3,1413.0,3.568,6.2,Ronny Chieng,ACTOR,4
Layla Majnun,MOVIE,2021,119,drama,ID,6.1,295.0,3.265,7.5,Reza Rahadian,ACTOR,120
L.O.L. Surprise! Winter Fashion Show,MOVIE,2022,60,animation,US,7.2,24.0,111.477,7.938,Sabrina Fest,ACTOR,71
The Seven Deadly Sins: Cursed by Light,MOVIE,2021,79,animation,JP,6.3,1136.0,109.979,7.8,Yuki Kaji,ACTOR,22
Aelay,MOVIE,2021,153,comedy,IN,6.540941965073206,21150.29081903414,1.276,6.3,Samuthirakani,ACTOR,24
Sniper: Rogue Mission,MOVIE,2022,96,action,US,4.5,1044.0,88.906,6.8,Chad Michael Collins,ACTOR,17
Money Heist: From Tokyo to Berlin,SHOW,2021,53,documentation,ES,7.6,961.0,68.016,7.779,Úrsula Corberó,ACTOR,196
Barbie: Mermaid Power,MOVIE,2022,65,animation,US,5.5,175.0,64.633,7.33,America Young,ACTOR,71
The Most Beautiful Flower,SHOW,2022,0,comedy,MX,5.9,227.0,60.227,8.4,Esmeralda Soto,ACTOR,174
Ivy + Bean: The Ghost That Had to Go,MOVIE,2022,62,comedy,US,5.6,181.0,36.731,6.857,Keslee Blalock,ACTOR,4
"Barbie: Big City, Big Dreams",MOVIE,2021,62,animation,US,5.7,398.0,34.942,7.1,America Young,ACTOR,71
L.O.L. Surprise! The Movie,MOVIE,2021,47,animation,US,3.5,149.0,34.087,6.9,Ayla Rae Neal,ACTOR,71
Barbie & Chelsea: The Lost Birthday,MOVIE,2021,60,animation,US,6.540941965073206,21150.29081903414,31.157,7.1,America Young,ACTOR,71
Elite Short Stories: Carla Samuel,SHOW,2021,14,drama,ES,6.8,2833.0,30.771,7.554,Itzan Escamilla,ACTOR,133
Under Her Control,MOVIE,2022,109,drama,ES,4.8,1582.0,23.943,5.4,Aitana Sánchez-Gijón,ACTOR,46
Chip and Potato: Chip's Holiday,MOVIE,2022,24,family,CA,6.6,11.0,23.442,5.3,Briana Buckmaster,ACTOR,-1
Ivy + Bean: Doomed to Dance,MOVIE,2022,57,family,US,5.9,146.0,22.661,7.5,Keslee Blalock,ACTOR,136
Gabby's Dollhouse,SHOW,2021,24,comedy,US,7.2,531.0,21.712,8.2,Laila Lockhart Kraner,ACTOR,16
Falling Into Your Smile,SHOW,2021,44,drama,CN,8.3,2735.0,21.582,8.679,Xu Kai,ACTOR,125
Love Tactics,MOVIE,2022,97,comedy,TR,5.2,4648.0,20.896,7.248,Demet Özdemir,ACTOR,52
The Witcher Season One Recap: From the Beginning,MOVIE,2021,15,drama,,6.540941965073206,21150.29081903414,20.203,6.1,Unknown,Unknown,38
Club América vs. Club América,SHOW,2022,50,documentation,MX,7.8,112.0,19.384,8.2,Unknown,Unknown,192
Elite Short Stories: Guzmán Caye Rebe,SHOW,2021,12,crime,ES,7.4,2419.0,17.863,8.11,Miguel Bernardeau,ACTOR,170
Elite Short Stories: Omar Ander Alexis,SHOW,2021,12,drama,ES,7.2,2040.0,17.633,7.632,Omar Ayuso,ACTOR,133
Elite Short Stories: Nadia Guzmán,SHOW,2021,11,drama,ES,6.2,1993.0,17.189,7.452,Mina El Hammani,ACTOR,133
Found,MOVIE,2021,98,documentation,CN,7.5,1312.0,16.16,7.371,Unknown,Unknown,-1
Elite Short Stories: Patrick,SHOW,2021,12,comedy,ES,6.1,839.0,15.864,6.921,Manu Ríos,ACTOR,155
Super Monsters: Once Upon a Rhyme,MOVIE,2021,25,animation,,5.8,41.0,15.059,6.209,Unknown,Unknown,111
The Door into Summer,MOVIE,2021,118,drama,JP,6.4,908.0,14.775,6.0,Kento Yamazaki,ACTOR,35
Chief Daddy 2: Going for Broke,MOVIE,2022,112,comedy,NG,3.2,156.0,13.553,6.0,Shaffy Bello,ACTOR,121
Ginny & Georgia - The Afterparty,MOVIE,2021,35,drama,US,6.540941965073206,21150.29081903414,13.506,8.136,David Spade,ACTOR,1
Forever Out of My League,MOVIE,2022,104,comedy,IT,5.4,581.0,12.931,5.7,Ludovica Francesconi,ACTOR,182
Bee & Puppycat: Lazy in Space,SHOW,2022,25,animation,US,8.6,421.0,11.114,6.5,Allyn Rachel,ACTOR,32
My Best Friend Anne Frank,MOVIE,2021,103,drama,NL,6.2,4760.0,11.081,6.8,Josephine Arendsen,ACTOR,154
"Go, Dog. Go!",SHOW,2021,24,animation,US,7.3,232.0,10.383,8.4,Michela Luci,ACTOR,32
Lokillo,MOVIE,2021,90,comedy,CO,4.1,81.0,10.055,6.3,Yedinson Flórez,ACTOR,189
"Let's Tie the Knot, Honey!",MOVIE,2022,99,comedy,PE,5.5,40.0,10.031,3.3,Yiddá Eslava,ACTOR,-1
Neumatt,SHOW,2021,45,drama,CH,7.0,906.0,9.631,7.8,Julian Koechlin,ACTOR,-1
Deepa & Anoop,SHOW,2022,20,comedy,US,8.1,62.0,9.119,7.7,Pavan Bharaj,ACTOR,16
Sharkdog’s Fintastic Halloween,MOVIE,2021,24,animation,,6.3,41.0,8.847,3.4,Liam Mitchell,ACTOR,111
Octonauts: Above & Beyond,SHOW,2021,25,animation,GB,7.6,118.0,8.661,6.3,Antonio Aakeel,ACTOR,20
Scarlet Hill,SHOW,2022,70,action,VN,6.4,54.0,8.62,4.0,Cao Thái Hà,ACTOR,-1
Untold: Crime & Penalties,MOVIE,2021,85,crime,US,7.4,4177.0,8.552,7.0,Chapman Way,DIRECTOR,3
Love Destiny: The Movie,MOVIE,2022,166,romance,TH,6.2,425.0,8.512,6.0,Ranee Campen,ACTOR,-1
Tara vs Bilal,MOVIE,2022,126,romance,IN,5.7,2143.0,8.361,4.25,Harshvardhan Rane,ACTOR,9
The House,MOVIE,2022,31,animation,GB,6.9,9535.0,8.347,7.068,Mia Goth,ACTOR,207
Rodrigo Marques: King of Uncouth,MOVIE,2022,75,comedy,BR,6.540941965073206,21150.29081903414,8.235,6.2,Rodrigo Marques,ACTOR,187
Barbie: It Takes Two,SHOW,2022,22,family,US,6.5,74.0,8.099,8.2,America Young,ACTOR,37
Gatta Kusthi,MOVIE,2022,146,comedy,IN,6.540941965073206,21150.29081903414,8.015,6.4,Aishwarya Lekshmi,ACTOR,24
El Secreto de la Familia Greco,SHOW,2022,48,crime,MX,6.2,456.0,7.949,7.5,Unknown,Unknown,199
HELL DOGS,MOVIE,2022,137,action,JP,6.7,1244.0,7.812,6.7,Junichi Okada,ACTOR,81
THE FABLE: The Killer Who Doesn't Kill,MOVIE,2021,132,comedy,JP,6.8,1978.0,7.649,7.1,Junichi Okada,ACTOR,93
Bo Burnham: The Inside Outtakes,MOVIE,2022,63,comedy,US,8.2,21150.29081903414,7.008,7.706,Bo Burnham,ACTOR,4
Izla,MOVIE,2021,85,horror,PH,3.6,150.0,6.715,5.5,Paolo Contis,ACTOR,-1
WWII in Color: Road to Victory,SHOW,2021,51,war,GB,8.2,2100.0,6.546,7.4,Trish Bertram,ACTOR,-1
Thomas & Friends: All Engines Go!,SHOW,2021,11,animation,US,2.3,694.0,6.419,5.0,Ma Sang-hyeon,DIRECTOR,32
Summer Job,SHOW,2022,46,reality,IT,5.6,132.0,5.592,6.1,Matilde Gioli,ACTOR,-1
Possessed,MOVIE,2022,94,thriller,MY,4.6,117.0,5.261,5.5,Alif Satar,ACTOR,-1
Finding Ola,SHOW,2022,53,comedy,EG,7.5,1857.0,5.239,7.6,Hend Sabry,ACTOR,-1
Soy Rada: Serendipity,MOVIE,2021,70,comedy,AR,6.1,84.0,4.82,4.5,Amancay Gaztañaga,ACTOR,23
David A. Arnold: It Ain't for the Weak,MOVIE,2022,78,documentation,US,6.540941965073206,21150.29081903414,4.742,6.2,David A. Arnold,ACTOR,66
Honey Girls,MOVIE,2021,90,music,US,5.0,212.0,4.647,5.1,Ashanti,ACTOR,94
Thermae Romae Novae,SHOW,2022,29,animation,JP,7.0,1002.0,4.628,6.5,Kenjiro Tsuda,ACTOR,33
Kongsi Raya,MOVIE,2022,102,family,MY,6.9,87.0,4.593,7.0,Qasrina Karim,ACTOR,-1
Let's Fight Ghost,SHOW,2021,67,action,TH,7.0,125.0,4.578,7.0,Suppapong Udomkaewkanjana,ACTOR,-1
Word Party Presents: Math!,SHOW,2021,27,animation,US,6.8,16.0,4.498,2.0,Misty Rosas,ACTOR,32
The Ultimatum: Marry or Move On,SHOW,2022,50,reality,US,5.5,2154.0,4.467,5.7,Vanessa Lachey,ACTOR,26
Blippi Wonders,SHOW,2021,5,animation,US,4.4,41.0,4.45,1.583,Stevin John,ACTOR,32
Dear Friend,MOVIE,2022,118,drama,IN,5.9,1007.0,4.42,5.4,Tovino Thomas,ACTOR,8
Adventure Beast,SHOW,2021,19,comedy,US,5.3,634.0,4.381,6.6,Bradley Trevor Greive,ACTOR,16
Siempre reinas,SHOW,2022,55,reality,MX,6.8,84.0,4.343,5.4,Lucía Méndez,ACTOR,210
Thomas & Friends: All Engines Go - Race for the Sodor Cup,MOVIE,2021,60,animation,US,3.7,96.0,4.326,6.0,Aaron Barashi,ACTOR,71
The Hand of God: Through the Eyes of Sorrentino,MOVIE,2021,8,documentation,IT,7.0,12.0,4.277,6.357,Paolo Sorrentino,ACTOR,-1
Urvasivo Rakshasivo,MOVIE,2022,144,romance,IN,5.8,607.0,4.263,6.5,Allu Sirish,ACTOR,9
"Our Lady of San Juan, Four Centuries of Miracles",MOVIE,2021,122,drama,MX,6.3,88.0,4.24,6.6,Francisco Pérez,DIRECTOR,70
Perazhagan,MOVIE,2021,148,comedy,IN,6.4,1574.0,4.192,6.167,Suriya,ACTOR,24
Mighty Express: Mighty Trains Race,MOVIE,2022,26,family,CA,7.0,26.0,4.125,2.0,Jay Hatton,ACTOR,-1
A StoryBots Space Adventure,MOVIE,2021,12,animation,,6.540941965073206,21150.29081903414,4.007,2.0,Evan Spiridellis,ACTOR,111
Most Eligible Bachelor,MOVIE,2021,170,romance,IN,6.1,3502.0,3.994,5.9,Akhil Akkineni,ACTOR,9
The Big Day,SHOW,2021,43,reality,US,4.7,358.0,3.977,5.2,Unknown,Unknown,26
Hand Rolled Cigarette,MOVIE,2021,101,drama,HK,6.540941965073206,21150.29081903414,3.97,5.4,Gordon Lam,ACTOR,78
Kev Adams: The Real Me,MOVIE,2022,60,comedy,FR,5.2,44.0,3.961,5.8,Kev Adams,ACTOR,127
Ranga Ranga Vaibhavanga,MOVIE,2022,122,romance,IN,5.3,838.0,3.907,4.4,Panja Vaisshnav Tej,ACTOR,9
Tim Dillon: A Real Hero,MOVIE,2022,48,comedy,US,6.3,635.0,3.881,7.5,Tim Dillon,ACTOR,4
"Vengeance Is Mine, All Others Pay Cash",MOVIE,2021,114,romance,ID,6.9,782.0,3.808,6.8,Marthino Lio,ACTOR,-1
Brave Animated Series,SHOW,2021,27,action,TW,7.4,24.0,3.682,5.0,Unknown,Unknown,-1
The Man of God,MOVIE,2022,111,drama,NG,4.0,173.0,3.636,6.1,Akah Nnani,ACTOR,80
Brown and Friends,SHOW,2022,13,animation,US,8.3,58.0,3.522,7.2,Doug Erholtz,ACTOR,32
Madam Chief Minister,MOVIE,2021,123,drama,IN,4.8,1829.0,3.432,5.778,Richa Chadha,ACTOR,8
Love Is Color Blind,MOVIE,2021,115,romance,PH,6.1,716.0,3.424,6.4,Donny Pangilinan,ACTOR,98
Love,MOVIE,2021,91,thriller,IN,7.0,1626.0,3.422,5.9,Shine Tom Chacko,ACTOR,13
Mathieu Dufour at Bell Centre,MOVIE,2022,63,comedy,CA,3.0,46.0,3.418,6.0,Mathieu Dufour,ACTOR,74
Princess 'Daya'Reese,MOVIE,2021,115,romance,PH,7.0,61.0,3.342,6.633193712829227,Maymay Entrata,ACTOR,98
Mike Epps: Indiana Mike,MOVIE,2022,58,comedy,,4.4,273.0,3.328,2.7,Mike Epps,ACTOR,139
Justice Served,SHOW,2022,42,action,ZA,5.0,541.0,3.323,6.783,Nompumelelo Mayiyane,ACTOR,-1
Thimmarusu: Assignment Vali,MOVIE,2021,127,thriller,IN,7.1,1635.0,3.315,7.7,Satyadev Kancharana,ACTOR,13
Django & Django: Sergio Corbucci Unchained,MOVIE,2022,77,documentation,IT,6.9,1340.0,3.278,6.976,Quentin Tarantino,ACTOR,-1
Story of Dinda: Second Chance of Happiness,MOVIE,2021,59,drama,ID,5.8,72.0,3.208,4.0,Aurélie Moeremans,ACTOR,120
Strawberry Shortcake: Berry in the Big City,SHOW,2021,8,animation,CA,7.1,97.0,3.162,6.333,Ana Sani,ACTOR,65
9to5: The Story of A Movement,MOVIE,2021,89,documentation,US,7.4,263.0,3.138,6.8,Jane Fonda,ACTOR,66
Behind the Scenes With Jane Campion,MOVIE,2022,17,documentation,US,6.540941965073206,21150.29081903414,3.128,6.2,Jane Campion,ACTOR,66
Who Likes My Follower?,SHOW,2022,47,reality,ES,5.2,65.0,3.109,6.0,Luján Argüelles,ACTOR,213
40-Love,MOVIE,2021,98,comedy,US,6.540941965073206,21150.29081903414,3.094,2.333,Jasjit Williams,ACTOR,4
Shabaash Mithu,MOVIE,2022,156,history,IN,5.5,7994.0,3.094,6.2,Taapsee Pannu,ACTOR,-1
Ankahi Kahaniya,MOVIE,2021,110,romance,IN,5.5,929.0,3.086,6.545,Kunal Kapoor,ACTOR,9
Creator's File: GOLD,SHOW,2021,25,drama,JP,6.8,23.0,3.08,5.5,Ryuji Akiyama,ACTOR,57
Momshies! Your Soul is Mine,MOVIE,2021,108,comedy,PH,5.4,43.0,3.073,4.0,Jolina Magdangal,ACTOR,107
Alan Saldaña: Locked Up,MOVIE,2021,49,comedy,,6.540941965073206,21150.29081903414,3.063,6.0,Alan Saldaña,ACTOR,139
El Gareema,MOVIE,2022,126,drama,EG,6.540941965073206,21150.29081903414,3.023,6.0,Ahmed Ezz,ACTOR,7
Oru Thekkan Thallu Case,MOVIE,2022,150,thriller,IN,6.5,1237.0,3.017,5.8,Biju Menon,ACTOR,13
Route 10,MOVIE,2022,82,thriller,,4.9,538.0,2.974,3.8,Baraa Alem,ACTOR,166
Sarbath,MOVIE,2021,112,romance,IN,5.7,281.0,2.963,5.0,Kathir,ACTOR,9
Nikamma,MOVIE,2022,152,drama,IN,2.6,1641.0,2.942,3.8,Shilpa Shetty Kundra,ACTOR,8
Doll House,MOVIE,2022,107,drama,PH,6.3,416.0,2.941,6.0,Baron Geisler,ACTOR,110
LEGO Friends: Holiday Special,MOVIE,2021,21,animation,,5.4,21.0,2.939,4.8,Caitlyn Bairstow,ACTOR,111
Time,MOVIE,2021,99,drama,HK,6.540941965073206,21150.29081903414,2.933,6.8,Fung Bo-bo,ACTOR,78
Strain,MOVIE,2021,107,drama,NG,5.7,28.0,2.912,6.0,Okey Uzoeshi,ACTOR,80
Chappelle's Home Team - Earthquake: Legendary,MOVIE,2022,36,comedy,,7.0,688.0,2.887,6.1,Earthquake,ACTOR,139
Varalaru Mukkiyam,MOVIE,2022,155,romance,IN,6.540941965073206,21150.29081903414,2.885,7.0,Jiiva,ACTOR,9
Iron Chef Brazil,SHOW,2022,49,reality,BR,7.3,94.0,2.846,5.5,Fernanda Souza,ACTOR,205
Mad Crazy Colombian Comedians,SHOW,2021,33,drama,CO,6.540941965073206,21150.29081903414,2.845,1.5,Pamela Ospina,ACTOR,49
Arousty,MOVIE,2021,93,romance,EG,5.0,410.0,2.836,5.0,Ahmed Hatem,ACTOR,109
Operation Romeo,MOVIE,2022,135,drama,IN,6.3,1099.0,2.79,5.3,Sidhant Gupta,ACTOR,8
Johnny Test's Ultimate Meatloaf Quest,MOVIE,2021,20,animation,US,6.8,37.0,2.779,2.8,James Arnold Taylor,ACTOR,71
Geez & Ann,MOVIE,2021,105,drama,ID,5.1,306.0,2.739,6.9,Hanggini Purinda Retto,ACTOR,120
DSP,MOVIE,2022,144,drama,IN,3.4,819.0,2.724,4.5,Vijay Sethupathi,ACTOR,8
Nazar Andaaz,MOVIE,2022,103,comedy,IN,7.3,1306.0,2.705,5.5,Kumud Mishra,ACTOR,24
Mighty Little Bheem: Kite Festival,SHOW,2021,7,family,,7.5,17.0,2.698,6.0,Unknown,Unknown,-1
Angeliena,MOVIE,2021,95,comedy,ZA,6.6,1191.0,2.697,5.0,Euodia Samson,ACTOR,102
Naai Sekar Returns,MOVIE,2022,144,comedy,IN,4.2,583.0,2.659,6.0,Vadivelu,ACTOR,24
The Heartbreak Club,MOVIE,2021,101,drama,ID,6.3,208.0,2.647,8.0,Bhisma Mulia,ACTOR,120
The Wedding Coach,SHOW,2021,33,comedy,US,4.9,95.0,2.626,6.3,Unknown,Unknown,16
Luccas Neto in: Summer Camp,MOVIE,2021,110,comedy,BR,3.0,61.0,2.617,8.05,Luccas Neto,ACTOR,187
Myriam Fares: The Journey,MOVIE,2021,72,music,LB,2.3,193.0,2.597,6.0,Myriam Fares,ACTOR,-1
Paul Virzi: Nocturnal Admissions,MOVIE,2022,65,comedy,,6.8,237.0,2.579,5.8,Paul Virzi,ACTOR,139
Mo Gilligan: There's Mo to Life,MOVIE,2022,65,comedy,,6.0,307.0,2.557,6.2,Mo Gilligan,ACTOR,139
Sam Morril: Same Time Tomorrow,MOVIE,2022,44,comedy,US,7.3,753.0,2.554,6.8,Sam Morril,ACTOR,4
Dig Deeper: The Disappearance of Birgit Meier,SHOW,2021,58,documentation,DE,7.2,2213.0,2.544,7.464,Frederic Heidorn,ACTOR,150
Endless Night,SHOW,2022,32,drama,BE,5.5,180.0,2.507,6.0,Thomas Latour,ACTOR,149
Maha Samudram,MOVIE,2021,152,action,IN,5.0,1029.0,2.505,4.8,Siddharth,ACTOR,14
Dongalunnaru Jagratha,MOVIE,2022,96,thriller,IN,5.2,237.0,2.501,2.0,Sri Simha Koduri,ACTOR,13
StarBeam: Beaming in the New Year,MOVIE,2021,47,animation,,5.1,42.0,2.478,7.333,Nahanni Mitchell,ACTOR,111
Kalaga Thalaivan,MOVIE,2022,142,thriller,IN,6.540941965073206,21150.29081903414,2.446,6.0,Udhayanidhi Stalin,ACTOR,13
Blippi The Musical,MOVIE,2022,60,music,,4.3,11.0,2.436,2.0,Clayton Grimm,ACTOR,-1
Ricardo Quevedo: Tomorrow Will Be Worse,MOVIE,2022,60,comedy,CO,5.7,75.0,2.43,7.3,Ricardo Quevedo,ACTOR,189
Farq Khebra,MOVIE,2021,96,romance,EG,5.6,317.0,2.355,5.7,Mohamed Al Sharnuby,ACTOR,109
Toolsidas Junior,MOVIE,2022,130,drama,IN,7.4,2403.0,2.337,7.6,Sanjay Dutt,ACTOR,8
Kaaval,MOVIE,2021,148,action,IN,5.2,1553.0,2.316,4.4,Suresh Gopi,ACTOR,14
Matt Wright's Wild Territory,SHOW,2022,32,reality,AU,8.1,47.0,2.298,7.0,Kaia Wright,ACTOR,122
Before Valentine's,MOVIE,2022,111,romance,,6.4,44.0,2.257,6.633193712829227,Michelle Bello,DIRECTOR,-1
Celeb Five: Behind the Curtain,MOVIE,2022,55,comedy,KR,4.9,33.0,2.227,4.7,Song Eun-yi,ACTOR,95
Ritsa: Three Colors of Love,MOVIE,2021,90,romance,EG,5.5,182.0,2.213,10.0,Mahmoud Hemida,ACTOR,109
Loyiso Gola: Unlearning,MOVIE,2021,60,comedy,,5.9,211.0,2.193,5.667,Loyiso Gola,ACTOR,139
Montford: The Chickasaw Rancher,MOVIE,2021,96,western,US,6.6,870.0,2.16,6.0,Mackenzie Astin,ACTOR,67
Stories of a Generation - with Pope Francis,SHOW,2021,46,documentation,IT,7.6,255.0,2.155,7.0,Pope Francis,ACTOR,-1
Daiki Tsuneta: Tokyo Chaotic,MOVIE,2021,89,music,JP,7.7,32.0,2.154,6.0,Daiki Tsuneta,ACTOR,211
Love at First Stream,MOVIE,2021,110,romance,PH,6.540941965073206,21150.29081903414,2.154,8.0,Daniela Stranner,ACTOR,98
Krishna Vrinda Vihari,MOVIE,2022,139,comedy,IN,5.8,2242.0,2.126,5.8,Naga Shaurya,ACTOR,24
Mense van die Wind,MOVIE,2022,101,drama,ZA,6.6,28.0,2.098,6.633193712829227,Armand Aucamp,ACTOR,132
"Senior Playboy, Junior Papa",MOVIE,2022,88,comedy,,6.540941965073206,21150.29081903414,2.097,4.5,Tiến Luật,ACTOR,139
Trapped,MOVIE,2021,77,drama,EG,5.3,54.0,2.089,6.633193712829227,Ossama Mohamed Attia,ACTOR,7
Mommy Issues,MOVIE,2021,89,comedy,PH,5.4,46.0,2.077,1.0,Pokwang,ACTOR,107
Maaly Mama,MOVIE,2022,107,comedy,SA,6.540941965073206,21150.29081903414,2.042,6.633193712829227,Bushra,ACTOR,-1
Missing Home,MOVIE,2022,114,drama,ID,8.0,1617.0,2.04,8.0,Arswendi Nasution,ACTOR,120
The Razz Guy,MOVIE,2021,99,comedy,NG,6.3,39.0,2.036,5.0,Lasisi Elenu,ACTOR,121
Jailbirds New Orleans,SHOW,2021,41,documentation,US,6.6,258.0,2.031,6.1,Unknown,Unknown,0
"You Can Do It, My Dear!",MOVIE,2022,129,documentation,TR,8.3,464.0,2.013,6.125,Haldun Dormen,ACTOR,-1
The Upshaws - The Afterparty,MOVIE,2021,32,drama,US,6.540941965073206,21150.29081903414,2.011,7.3,David Spade,ACTOR,1
Pattathu Arasan,MOVIE,2022,137,action,IN,6.540941965073206,21150.29081903414,1.96,7.0,Atharvaa Murali,ACTOR,14
Atithi Devobhava,MOVIE,2022,126,drama,IN,6.540941965073206,21150.29081903414,1.96,8.5,Aadi Saikumar,ACTOR,8
Ghost Hunting,MOVIE,2021,94,documentation,PS,7.0,243.0,1.96,6.3,Unknown,Unknown,-1
Clash,MOVIE,2021,88,family,NG,6.3,40.0,1.93,6.633193712829227,Omoni Oboli,ACTOR,-1
Broken Wings,MOVIE,2022,110,drama,ID,5.6,1510.0,1.924,7.0,Nicholas Saputra,ACTOR,120
Kadaseela Biriyani,MOVIE,2021,115,drama,IN,7.4,1424.0,1.919,7.7,Vijay Ram,ACTOR,8
Lava Ka Dhaava,SHOW,2021,30,reality,IO,6.5,45.0,1.917,2.0,Javed Jaffrey,ACTOR,-1
"Rodrigo Sant'anna: I'm Here, I'm Queer!",MOVIE,2022,63,comedy,BR,3.7,42.0,1.915,3.857,Rodrigo Sant'anna,ACTOR,187
Hadath Fe 2 Talaat Harb,MOVIE,2022,115,drama,EG,5.4,5.0,1.912,10.0,Samir Sabri,ACTOR,7
In Our Mothers' Gardens,MOVIE,2021,84,documentation,US,8.6,155.0,1.903,6.633193712829227,Shantrelle P. Lewis,DIRECTOR,66
A Faraway Land,MOVIE,2021,101,drama,FO,5.0,153.0,1.899,6.7,Paolo Contis,ACTOR,-1
Shaka Inkosi Yamakhosi,MOVIE,2021,15,animation,,6.540941965073206,21150.29081903414,1.889,2.0,Lillian Dube,ACTOR,111
Gaali Sampath,MOVIE,2021,130,family,IN,6.7,3302.0,1.872,3.9,Rajendra Prasad,ACTOR,25
Ahaan,MOVIE,2021,81,drama,IN,7.0,344.0,1.868,6.0,Arif Zakaria,ACTOR,8
Checkpoint,MOVIE,2022,58,documentation,EG,6.540941965073206,21150.29081903414,1.83,6.633193712829227,Taim Karesly,DIRECTOR,-1
Thaneya Wahda,MOVIE,2021,88,romance,EG,4.6,506.0,1.807,5.8,Dina El Sherbiny,ACTOR,109
Mughizh,MOVIE,2021,62,drama,IN,6.540941965073206,21150.29081903414,1.803,4.0,Vijay Sethupathi,ACTOR,8
My Village People,MOVIE,2021,134,comedy,NG,6.2,40.0,1.791,10.0,Ada Ameh,ACTOR,121
Gone,MOVIE,2021,130,drama,NG,7.9,24.0,1.768,6.633193712829227,Shelby McKenzie,ACTOR,80
Plastic Island,MOVIE,2021,102,documentation,ID,7.5,32.0,1.767,6.633193712829227,Gede Robi,ACTOR,-1
Ariyippu,MOVIE,2022,107,drama,IN,6.5,4668.0,1.718,8.0,Kunchacko Boban,ACTOR,8
Kapil Sharma: I'm Not Done Yet,MOVIE,2022,54,comedy,IN,6.9,3950.0,1.635,7.0,Kapil Sharma,ACTOR,24
Prophetess,MOVIE,2021,144,comedy,,6.3,22.0,1.565,5.0,Toyin Abraham,ACTOR,139
The Characters of the Continent,MOVIE,2021,9,documentation,US,6.5,86.0,1.563,6.5,Henry Cavill,ACTOR,66
Fine Wine,MOVIE,2021,100,romance,NG,7.2,52.0,1.517,2.0,Richard Mofe-Damijo,ACTOR,138
Time to Dance,MOVIE,2021,107,drama,IN,2.3,993.0,1.477,4.0,Sooraj Pancholi,ACTOR,8
Making The Billion Dollar Code,MOVIE,2021,28,documentation,DE,6.540941965073206,21150.29081903414,1.46,6.333,Axel Schmidt,ACTOR,10
Glimpses of a Future,SHOW,2021,4,drama,,6.540941965073206,21150.29081903414,1.456,6.633193712829227,Unknown,Unknown,141
Romesh Ranganathan The Cynic,SHOW,2022,47,comedy,US,6.540941965073206,21150.29081903414,1.449,2.0,Romesh Ranganathan,ACTOR,16
Dinner at My Place,MOVIE,2022,103,romance,,5.8,61.0,1.443,2.0,Bisola Aiyeola,ACTOR,-1
Dad Stop Embarrassing Me - The Afterparty,MOVIE,2021,37,drama,US,6.540941965073206,21150.29081903414,1.416,6.0,Unknown,Unknown,1
Brother in Love 2,MOVIE,2021,118,comedy,TR,6.5,3108.0,1.4,6.4,Cem Gelinoğlu,ACTOR,52
The Ghost and the Tout Too,MOVIE,2021,111,comedy,,6.8,40.0,1.4,6.633193712829227,Alexander Abolore,ACTOR,139
سين,SHOW,2021,23,drama,SA,6.540941965073206,21150.29081903414,1.4,10.0,Ahmad AlShugairi,ACTOR,118
Pitta Kathalu,SHOW,2021,37,drama,IN,5.1,774.0,1.4,4.5,Unknown,Unknown,140
Attention Please,MOVIE,2022,114,drama,IN,6.9,1503.0,1.394,6.9,Vishnu Govind,ACTOR,8
Ikaw,MOVIE,2021,110,drama,PH,6.4,94.0,1.391,6.0,Janine Gutierrez,ACTOR,110
Finding Hubby 2,MOVIE,2022,93,comedy,,5.3,21.0,1.389,4.0,Munachi Abii,ACTOR,139
DEAW #13 Udom Taephanich Stand Up Comedy Show,MOVIE,2022,173,comedy,TH,6.540941965073206,21150.29081903414,1.38,5.5,Udom Taepanich,ACTOR,-1
Korean Cold Noodle Rhapsody,SHOW,2021,49,documentation,KR,7.5,33.0,1.368,4.7,Baek Jong-won,ACTOR,-1
Donkeyhead,MOVIE,2022,106,drama,,6.2,301.0,1.359,5.0,Agam Darshi,ACTOR,38
Hurdang,MOVIE,2022,122,drama,IN,5.3,978.0,1.326,5.0,Sunny Kaushal,ACTOR,8
Uncle Naji,MOVIE,2021,125,action,AE,5.4,32.0,1.321,6.633193712829227,Ibrahim Almeirasi,ACTOR,168
African Knock Out Show,SHOW,2022,32,drama,US,6.540941965073206,21150.29081903414,1.318,6.633193712829227,Unknown,Unknown,39
Taarak Mehta Kka Chhota Chashmah,SHOW,2021,22,animation,IN,6.6,83.0,1.298,2.0,Aditya Pednekar,ACTOR,-1
The Rise of Kirmada,MOVIE,2021,68,animation,IN,8.3,111.0,1.287,8.0,Rajiv Chilaka,DIRECTOR,103
A'azz El Weld,MOVIE,2021,90,drama,EG,6.0,331.0,1.28,4.0,Dalal Abdelaziz,ACTOR,7
Breaded Life,MOVIE,2021,120,comedy,NG,8.1,103.0,1.278,6.0,Lateef Adedimeji,ACTOR,121
Sea Power,SHOW,2021,48,documentation,FR,7.2,180.0,1.269,6.3,Unknown,Unknown,76
Ayinla,MOVIE,2021,119,drama,,8.1,40.0,1.266,6.633193712829227,Tunde Kelani,DIRECTOR,38
Aki and Pawpaw,MOVIE,2021,133,comedy,,6.7,37.0,1.254,6.633193712829227,Osita Iheme,ACTOR,139
Ahmed Noterdame,MOVIE,2021,98,comedy,EG,6.540941965073206,21150.29081903414,1.254,2.0,Ramez Galal,ACTOR,105
Sun of the Soil,MOVIE,2022,26,drama,,6.540941965073206,21150.29081903414,1.245,7.0,Joe Penney,DIRECTOR,38
Soólè,MOVIE,2021,116,thriller,,6.6,62.0,1.198,6.633193712829227,Adunni Ade,ACTOR,166
Govinda Govinda,MOVIE,2021,137,thriller,IN,5.6,1076.0,1.196,6.633193712829227,Roopesh Shetty,ACTOR,13
Chhota Bheem In Dholakpur to Kathmandu,MOVIE,2021,70,animation,,7.8,77.0,1.177,7.0,Unknown,Unknown,111
Oga Bolaji,MOVIE,2021,91,drama,NG,5.8,8.0,1.169,6.633193712829227,Omowunmi Dada,ACTOR,80
Magic for Humans Spain,SHOW,2021,23,reality,ES,6.0,86.0,1.14,3.8,Antonio Díaz,ACTOR,213
Super Senior Heroes,MOVIE,2022,140,drama,IN,5.5,56.0,1.079,6.633193712829227,K. Bhagyaraj,ACTOR,8
Haroun,MOVIE,2021,76,comedy,FR,6.4,85.0,1.072,6.208,Haroun,ACTOR,127
"Storybots Laugh, Learn, Sing",SHOW,2021,23,family,,8.7,9.0,1.049,2.0,Unknown,Unknown,-1
Chhota Bheem Aur Hanuman,MOVIE,2021,67,animation,IN,7.5,51.0,0.997,6.2,Chhota Bheem,ACTOR,103
A•RIGATO –JARUJARU TOWER 2020–,MOVIE,2022,100,comedy,,6.540941965073206,21150.29081903414,0.979,6.633193712829227,Shusuke Fukutoku,ACTOR,139
"From Meir, to Meir",MOVIE,2021,62,documentation,EG,8.0,67.0,0.958,4.0,Maggie Morgan,ACTOR,-1
Konda Polam,MOVIE,2021,142,action,IN,5.7,754.0,0.929,6.5,Panja Vaisshnav Tej,ACTOR,14
Ashman,MOVIE,2021,97,comedy,,4.3,139.0,0.893,6.633193712829227,Bashar Al-Jazzaf,ACTOR,139
Al Maht,MOVIE,2021,62,animation,KW,7.6,429.0,0.869,6.633193712829227,Sayood,ACTOR,-1
Chhota Bheem Neeli Pahaadi,MOVIE,2021,63,animation,,8.8,13.0,0.84,10.0,Chhota Bheem,ACTOR,111
Emicida AmarElo Live in Sao Paulo,MOVIE,2021,99,music,BR,7.8,53.0,0.805,7.9,Emicida,ACTOR,-1
Three Widows Against The World,MOVIE,2022,109,comedy,MY,6.5,148.0,0.786,3.0,Khatijah Tan,ACTOR,104
HQ Barbers,SHOW,2021,24,comedy,NG,6.540941965073206,21150.29081903414,0.625,6.633193712829227,Unknown,Unknown,-1
Lusala,MOVIE,2022,65,drama,KE,6.9,64.0,0.6,6.633193712829227,Brian Ogola,ACTOR,-1
Chhota Bheem and the ShiNobi Secret,MOVIE,2021,63,animation,IN,7.6,11.0,0.6,6.633193712829227,Unknown,Unknown,103
Jolly Roger,MOVIE,2022,88,thriller,NG,6.540941965073206,21150.29081903414,0.6,6.633193712829227,Daniel Etim Effiong,ACTOR,134
Chhota Bheem Master of Shaolin,MOVIE,2021,75,animation,,6.4,170.0,19.267195915153582,6.633193712829227,Unknown,Unknown,111
Spilt Gravy on Rice,MOVIE,2022,112,comedy,MY,8.1,69.0,19.267195915153582,6.633193712829227,Unknown,Unknown,104
30 March,MOVIE,2021,99,crime,,4.3,187.0,19.267195915153582,6.633193712829227,Unknown,Unknown,-1
Social Man,MOVIE,2021,96,comedy,,6.540941965073206,21150.29081903414,19.267195915153582,6.633193712829227,Unknown,Unknown,139
Dhamaka,MOVIE,2022,144,comedy,IN,6.6,4607.0,19.267195915153582,6.633193712829227,Unknown,Unknown,24
The Ingenuity of the Househusband,SHOW,2021,7,comedy,,6.7,494.0,19.267195915153582,6.633193712829227,Unknown,Unknown,-1
Kuthiraivaal,MOVIE,2022,125,drama,IN,5.6,264.0,19.267195915153582,6.633193712829227,Unknown,Unknown,8
Devdas Brothers,MOVIE,2021,99,drama,IN,3.4,53.0,19.267195915153582,6.633193712829227,Unknown,Unknown,8
Weather for Two,MOVIE,2022,69,drama,,3.4,11.0,19.267195915153582,6.633193712829227,Unknown,Unknown,38
My Little Pony: A New Generation: Sing-Along,MOVIE,2022,90,drama,,6.540941965073206,21150.29081903414,19.267195915153582,6.633193712829227,Unknown,Unknown,38
Becoming Abi,SHOW,2022,35,comedy,,8.1,17.0,19.267195915153582,6.633193712829227,Unknown,Unknown,-1
A Stand Worthy of Men,MOVIE,2021,113,drama,,7.2,2734.0,19.267195915153582,6.633193712829227,Unknown,Unknown,38
Bling Empire - The Afterparty,MOVIE,2021,35,drama,US,6.540941965073206,21150.29081903414,19.267195915153582,6.633193712829227,Unknown,Unknown,1
Chhota Bheem and the Broken Amulet,MOVIE,2021,63,animation,IN,8.4,26.0,19.267195915153582,6.633193712829227,Unknown,Unknown,103
C/O Kaadhal,MOVIE,2021,134,drama,IN,7.6,364.0,19.267195915153582,6.633193712829227,Unknown,Unknown,8
Story Time Book: Read-Along,SHOW,2022,31,animation,,9.1,21.0,19.267195915153582,6.633193712829227,Unknown,Unknown,-1
Mom Is Pregnant,MOVIE,2021,102,comedy,,5.5,896.0,19.267195915153582,6.633193712829227,Unknown,Unknown,139
Bahasha,MOVIE,2021,85,drama,TZ,7.1,26.0,19.267195915153582,6.633193712829227,Unknown,Unknown,-1
Lockwood & Co,SHOW,2023,44,horror,GB,7.4,15929.0,33.36,7.933,Ruby Stokes,ACTOR,-1
Murdaugh Murders: A Southern Scandal,SHOW,2023,47,crime,US,6.8,2779.0,11.443,6.5,Julia Willoughby Nason,DIRECTOR,135
Your Place or Mine,MOVIE,2023,99,romance,US,5.6,26216.0,268.001,6.4,Reese Witherspoon,ACTOR,2
Full Swing,SHOW,2023,45,documentation,US,8.2,1763.0,6.485,6.0,Unknown,Unknown,0
Kaleidoscope,SHOW,2023,42,crime,US,6.7,35159.0,112.966,7.148,Giancarlo Esposito,ACTOR,135
That '90s Show,SHOW,2023,23,comedy,US,6.4,22386.0,266.541,7.121,Kurtwood Smith,ACTOR,16
You People,MOVIE,2023,117,romance,US,5.5,50494.0,150.569,5.802,Jonah Hill,ACTOR,2
Physical: 100,SHOW,2023,65,reality,KR,7.7,5194.0,37.031,7.867,Yoshihiro Akiyama,ACTOR,204
The Law According to Lidia Poët,SHOW,2023,42,war,IT,7.5,3282.0,51.727,7.267,Matilda De Angelis,ACTOR,-1
Triptych,SHOW,2023,43,thriller,MX,6.2,1078.0,1005.232,8.218,Maite Perroni,ACTOR,-1
MH370: The Plane That Disappeared,SHOW,2023,90,documentation,GB,6.540941965073206,21150.29081903414,17.709,6.633193712829227,Unknown,Unknown,157
Make My Day,SHOW,2023,0,drama,JP,5.4,434.0,9.46,6.364,Masaomi Yamahashi,ACTOR,57
The Strays,MOVIE,2023,97,thriller,GB,4.7,6493.0,322.68,5.717,Ashley Madekwe,ACTOR,116
A Girl and an Astronaut,SHOW,2023,47,scifi,PL,4.7,846.0,24.025,6.432,Vanessa Aleksander,ACTOR,-1
Perfect Match,SHOW,2023,54,reality,US,6.1,756.0,27.422,6.667,Nick Lachey,ACTOR,26
Chris Rock: Selective Outrage,MOVIE,2023,69,comedy,US,7.1,3660.0,70.093,6.412,Chris Rock,ACTOR,4
Madoff: The Monster of Wall Street,SHOW,2023,62,crime,US,7.3,4757.0,16.466,7.0,Joseph Scotto,ACTOR,135
The Snow Girl,SHOW,2023,46,thriller,ES,6.8,5159.0,220.726,7.256,Milena Smit,ACTOR,185
Monique Olivier: Accessory to Evil,SHOW,2023,41,documentation,FR,6.8,331.0,14.76,4.5,Unknown,Unknown,76
Luther: The Fallen Sun,MOVIE,2023,129,drama,US,7.0,354.0,35.225,7.675,Idris Elba,ACTOR,1
"Pamela, A Love Story",MOVIE,2023,113,documentation,US,7.2,9264.0,56.57,7.2,Pamela Anderson,ACTOR,66
Break Point,SHOW,2023,50,documentation,US,7.3,2052.0,4.005,7.5,Unknown,Unknown,0
Junji Ito Maniac: Japanese Tales of the Macabre,SHOW,2023,25,animation,JP,5.9,2069.0,246.514,7.208,Unknown,Unknown,33
JUNG_E,MOVIE,2023,98,action,KR,5.4,8038.0,598.277,6.3,Kang Soo-youn,ACTOR,162
Copenhagen Cowboy,SHOW,2023,52,drama,DK,6.8,4149.0,15.986,7.053,Angela Bundalovic,ACTOR,60
True Spirit,MOVIE,2023,109,drama,AU,6.8,5429.0,55.052,6.984,Teagan Croft,ACTOR,143
Cheat,SHOW,2023,36,reality,GB,5.1,81.0,26.285,6.633193712829227,Danny Dyer,ACTOR,55
Community Squad,SHOW,2023,26,comedy,AR,7.6,1121.0,42.11,6.8,Santiago Korovsky,ACTOR,-1
The Lying Life of Adults,SHOW,2023,50,drama,IT,6.4,1166.0,626.158,6.9,Giordana Marengo,ACTOR,144
Crash Course In Romance,SHOW,2023,73,drama,KR,8.1,922.0,102.48,7.25,Jeon Do-yeon,ACTOR,90
Outlast,SHOW,2023,43,reality,US,6.540941965073206,21150.29081903414,11.551,6.633193712829227,Unknown,Unknown,26
Shahmaran,SHOW,2023,52,scifi,TR,5.1,5172.0,195.68,7.581,Serenay Sarıkaya,ACTOR,165
Gunther's Millions,SHOW,2023,43,documentation,US,5.6,644.0,6.079,6.3,Unknown,Unknown,0
Unlocked,MOVIE,2023,117,thriller,KR,6.4,3850.0,204.197,7.547,Chun Woo-hee,ACTOR,99
The Makanai: Cooking for the Maiko House,SHOW,2023,43,comedy,JP,7.9,1434.0,14.14,7.2,Nana Mori,ACTOR,63
Freeridge,SHOW,2023,28,drama,US,5.7,696.0,12.055,6.0,Ciara Riley Wilson,ACTOR,39
In Love All Over Again,SHOW,2023,45,drama,ES,6.3,669.0,85.435,6.4,Georgina Amorós,ACTOR,133
The Hatchet Wielding Hitchhiker,MOVIE,2023,87,crime,US,6.2,8411.0,10.623,6.1,Colette Camden,DIRECTOR,3
Love at First Kiss,MOVIE,2023,96,comedy,ES,5.7,897.0,152.671,6.246,Álvaro Cervantes,ACTOR,164
Lady Voyeur,SHOW,2023,38,drama,BR,4.9,1501.0,115.542,6.984,Débora Nascimento,ACTOR,151
My Dad the Bounty Hunter,SHOW,2023,25,action,US,7.0,661.0,26.617,8.846,Laz Alonso,ACTOR,30
Bill Russell: Legend,SHOW,2023,0,documentation,US,7.9,824.0,8.769,7.9,Corey Stoll,ACTOR,0
Jim Jefferies: High n' Dry,MOVIE,2023,68,comedy,US,7.1,1413.0,22.222,4.5,Jim Jefferies,ACTOR,4
Too Hot to Handle Germany,SHOW,2023,47,reality,DE,4.0,114.0,50.518,3.0,Desiree Burch,ACTOR,-1
Dog Gone,MOVIE,2023,95,drama,US,6.0,4442.0,53.009,6.3,Johnny Berchtold,ACTOR,1
Faraway,MOVIE,2023,109,romance,DE,6.3,115.0,55.654,6.167,Naomi Krauss,ACTOR,-1
Trial by Fire,SHOW,2023,46,crime,IN,7.9,3401.0,5.508,7.8,Abhay Deol,ACTOR,198
Infiesto,MOVIE,2023,96,drama,ES,5.5,2709.0,92.66,5.9,Isak Férriz,ACTOR,46
In the Name of God: A Holy Betrayal,SHOW,2023,49,crime,KR,7.4,129.0,35.798,6.633193712829227,Unknown,Unknown,186
Pressure Cooker,SHOW,2023,0,reality,US,6.4,695.0,9.096,6.25,Unknown,Unknown,26
Tonight You're Sleeping with Me,MOVIE,2023,93,drama,PL,3.7,403.0,317.388,6.643,Roma Gąsiorowska,ACTOR,184
The Exchange,SHOW,2023,51,drama,KW,6.6,583.0,5.834,8.333,Rawan Mahdi,ACTOR,202
The Devil to Pay,MOVIE,2023,87,thriller,US,6.2,1037.0,3.433,6.5,Danielle Deadwyler,ACTOR,19
Shanty Town,SHOW,2023,40,drama,US,4.6,330.0,25.162,6.633193712829227,Chidi Mokeme,ACTOR,39
Represent,SHOW,2023,30,comedy,FR,6.5,781.0,93.908,6.0,Jean-Pascal Zadi,ACTOR,40
Waltair Veerayya,MOVIE,2023,160,drama,IN,6.5,6124.0,18.445,6.1,Chiranjeevi,ACTOR,8
Thunivu,MOVIE,2023,146,thriller,IN,6.2,26393.0,8.8,6.6,Ajith Kumar,ACTOR,13
The Romantics,SHOW,2023,55,documentation,IN,8.0,1394.0,7.099,7.0,Amitabh Bachchan,ACTOR,179
African Queens: Njinga,SHOW,2023,47,history,US,5.5,361.0,6.023,6.633193712829227,Unknown,Unknown,-1
Eva Lasting,SHOW,2023,42,drama,CO,8.0,525.0,128.252,7.909,Emmanuel Restrepo,ACTOR,49
Squared Love All Over Again,MOVIE,2023,99,comedy,PL,4.5,383.0,25.78,5.6,Adrianna Chlebicka,ACTOR,176
Love to Hate You,SHOW,2023,54,comedy,KR,7.9,1584.0,36.117,8.3,Kim Ok-vin,ACTOR,72
The Endless Night,SHOW,2023,43,crime,BR,7.7,1124.0,13.943,8.2,Thelmo Fernandes,ACTOR,-1
Against the Ropes,SHOW,2023,40,drama,MX,6.5,207.0,29.503,9.083,Carmen Ramos,ACTOR,153
Nanpakal Nerathu Mayakkam,MOVIE,2023,107,drama,IN,8.8,147.0,7.322,7.2,Mammootty,ACTOR,8
Karate Sheep,SHOW,2023,10,comedy,DE,7.6,27.0,29.596,7.333,Barbara Tissier,ACTOR,-1
Dear David,MOVIE,2023,118,romance,ID,5.8,544.0,18.184,6.5,Shenina Cinnamon,ACTOR,-1
Call Me Chihiro,MOVIE,2023,131,drama,JP,6.8,1097.0,29.239,6.895,Kasumi Arimura,ACTOR,35
Class,SHOW,2023,51,drama,IN,6.2,2709.0,31.509,7.8,Gurfateh Pirzada,ACTOR,140
Bling Empire: New York,SHOW,2023,40,reality,US,5.2,376.0,6.621,6.633193712829227,Unknown,Unknown,26
Whindersson Nunes: Preaching to the Choir,MOVIE,2023,67,comedy,BR,6.4,182.0,11.81,7.2,Whindersson Nunes,ACTOR,187
Mission Majnu,MOVIE,2023,129,thriller,IN,7.2,39908.0,11.462,6.846,Sidharth Malhotra,ACTOR,13
Alkhallat+,MOVIE,2023,118,thriller,SA,6.9,2432.0,8.438,6.438,Mohammed Aldokhei,ACTOR,-1
Black Sunshine Baby,MOVIE,2023,85,documentation,IN,8.5,78.0,5.379,2.0,Nilesh Maniyar,DIRECTOR,79
All the Places,MOVIE,2023,97,comedy,MX,5.6,249.0,292.518,6.8,Mauricio Ochmann,ACTOR,43
Divorce Attorney Shin,SHOW,2023,69,drama,KR,7.6,20.0,69.243,5.0,Cho Seung-woo,ACTOR,90
A Whole Lifetime with Jamie Demetriou,MOVIE,2023,52,comedy,GB,6.540941965073206,21150.29081903414,10.065,6.7,Jamie Demetriou,ACTOR,6
Rana Naidu,SHOW,2023,48,action,IN,6.540941965073206,21150.29081903414,10.867,6.633193712829227,Rana Daggubati,ACTOR,91
Copenhagen Cowboy: Nightcall with Nicolas Winding Refn,MOVIE,2023,27,documentation,,6.540941965073206,21150.29081903414,4.081,5.0,Nicolas Winding Refn,ACTOR,84
10 Days of a Good Man,MOVIE,2023,124,thriller,TR,6.4,1319.0,85.607,6.2,Nejat İşler,ACTOR,-1
Rekha,MOVIE,2023,121,drama,IN,8.4,11.0,2.789,7.0,Unni Lalu,ACTOR,8
Here Love Lies,MOVIE,2023,131,thriller,NG,5.2,65.0,22.722,5.0,Tim Shelburne,ACTOR,134
Princess Power,SHOW,2023,15,family,US,7.0,60.0,6.319,8.5,Trinity Bliss,ACTOR,37
Have a Nice Day!,MOVIE,2023,93,drama,MX,6.540941965073206,21150.29081903414,27.135,6.0,Álvaro Guerrero,ACTOR,70
Mumbai Mafia: Police vs the Underworld,MOVIE,2023,87,documentation,GB,6.4,854.0,9.483,5.818,Francis Longhurst,DIRECTOR,73
A Sunday Affair,MOVIE,2023,96,romance,NG,4.6,161.0,16.198,5.9,Dakore Egbuson-Akande,ACTOR,138
Andrew Santino: Cheeseburger,MOVIE,2023,58,comedy,US,6.5,808.0,3.181,5.5,Andrew Santino,ACTOR,4
Iratta,MOVIE,2023,110,drama,IN,7.8,1337.0,11.105,6.571,Joju George,ACTOR,8
Married to Work,MOVIE,2023,76,comedy,KE,7.5,25.0,8.446,3.8,Idris Sultan,ACTOR,-1
Thalaikoothal,MOVIE,2023,142,drama,IN,8.4,96.0,5.665,7.0,Samuthirakani,ACTOR,8
Dr Jason Leong: Ride with Caution,MOVIE,2023,65,comedy,MY,5.9,102.0,5.379,2.0,Jason Leong,ACTOR,104
Do Your Worst,MOVIE,2023,91,drama,ZA,6.540941965073206,21150.29081903414,3.842,6.633193712829227,Shannon Esra,ACTOR,132
عبود في البيت,MOVIE,2023,81,family,KW,6.540941965073206,21150.29081903414,3.351,2.0,Bader Al Atwan,ACTOR,-1
Sweetie,MOVIE,2023,120,documentation,TR,7.9,209.0,2.45,7.2,Yıldız Kenter,ACTOR,-1
Sommore: Queen Chandelier,MOVIE,2023,69,comedy,US,6.1,91.0,1.96,6.633193712829227,Sommore,ACTOR,4
All Na Vibes,MOVIE,2023,80,drama,NG,5.2,18.0,1.357,4.0,Adeola Layade Azaria,ACTOR,80
Going to Heaven,MOVIE,2023,90,family,AE,7.0,40.0,19.267195915153582,6.633193712829227,Unknown,Unknown,-1
